metric,top_n,cumulative_fraction
occurrence_event_count,1,0.009220452640402346
occurrence_event_count,2,0.016345347862531435
occurrence_event_count,3,0.022632020117351215
occurrence_event_count,4,0.028499580888516344
occurrence_event_count,5,0.03394803017602682
occurrence_event_count,6,0.038977367979882646
occurrence_event_count,7,0.04400670578373848
occurrence_event_count,8,0.0490360435875943
occurrence_event_count,9,0.054065381391450125
occurrence_event_count,10,0.05909471919530595
occurrence_event_count,11,0.06370494551550712
occurrence_event_count,12,0.0683151718357083
occurrence_event_count,13,0.07292539815590947
occurrence_event_count,14,0.07753562447611065
occurrence_event_count,15,0.08214585079631181
occurrence_event_count,16,0.08633696563285834
occurrence_event_count,17,0.09052808046940486
occurrence_event_count,18,0.09471919530595138
occurrence_event_count,19,0.0989103101424979
occurrence_event_count,20,0.10310142497904443
occurrence_event_count,21,0.10687342833193629
occurrence_event_count,22,0.11064543168482817
occurrence_event_count,23,0.11441743503772003
occurrence_event_count,24,0.1181894383906119
occurrence_event_count,25,0.12196144174350378
occurrence_event_count,26,0.12573344509639564
occurrence_event_count,27,0.12908633696563285
occurrence_event_count,28,0.13243922883487008
occurrence_event_count,29,0.1357921207041073
occurrence_event_count,30,0.13914501257334452
occurrence_event_count,31,0.14249790444258173
occurrence_event_count,32,0.14585079631181894
occurrence_event_count,33,0.14920368818105617
occurrence_event_count,34,0.15255658005029338
occurrence_event_count,35,0.15590947191953058
occurrence_event_count,36,0.15926236378876782
occurrence_event_count,37,0.16261525565800503
occurrence_event_count,38,0.16596814752724226
occurrence_event_count,39,0.16932103939647947
occurrence_event_count,40,0.17267393126571667
occurrence_event_count,41,0.1760268231349539
occurrence_event_count,42,0.17937971500419111
occurrence_event_count,43,0.18273260687342832
occurrence_event_count,44,0.18566638725901088
occurrence_event_count,45,0.18860016764459347
occurrence_event_count,46,0.19153394803017604
occurrence_event_count,47,0.1944677284157586
occurrence_event_count,48,0.19740150880134116
occurrence_event_count,49,0.20033528918692373
occurrence_event_count,50,0.2032690695725063
occurrence_event_count,51,0.20620284995808885
occurrence_event_count,52,0.20913663034367141
occurrence_event_count,53,0.21207041072925398
occurrence_event_count,54,0.21500419111483654
occurrence_event_count,55,0.2179379715004191
occurrence_event_count,56,0.22087175188600167
occurrence_event_count,57,0.22380553227158423
occurrence_event_count,58,0.22673931265716682
occurrence_event_count,59,0.22967309304274938
occurrence_event_count,60,0.23260687342833195
occurrence_event_count,61,0.23512154233025984
occurrence_event_count,62,0.23763621123218776
occurrence_event_count,63,0.24015088013411567
occurrence_event_count,64,0.2426655490360436
occurrence_event_count,65,0.2451802179379715
occurrence_event_count,66,0.2476948868398994
occurrence_event_count,67,0.25020955574182735
occurrence_event_count,68,0.2527242246437552
occurrence_event_count,69,0.25523889354568313
occurrence_event_count,70,0.25775356244761105
occurrence_event_count,71,0.26026823134953897
occurrence_event_count,72,0.2627829002514669
occurrence_event_count,73,0.2652975691533948
occurrence_event_count,74,0.2678122380553227
occurrence_event_count,75,0.27032690695725065
occurrence_event_count,76,0.27284157585917856
occurrence_event_count,77,0.27535624476110643
occurrence_event_count,78,0.27787091366303435
occurrence_event_count,79,0.28038558256496227
occurrence_event_count,80,0.2829002514668902
occurrence_event_count,81,0.2854149203688181
occurrence_event_count,82,0.287929589270746
occurrence_event_count,83,0.29044425817267394
occurrence_event_count,84,0.29295892707460186
occurrence_event_count,85,0.2954735959765298
occurrence_event_count,86,0.29798826487845764
occurrence_event_count,87,0.30050293378038556
occurrence_event_count,88,0.3030176026823135
occurrence_event_count,89,0.3055322715842414
occurrence_event_count,90,0.3080469404861693
occurrence_event_count,91,0.31056160938809724
occurrence_event_count,92,0.31307627829002516
occurrence_event_count,93,0.3155909471919531
occurrence_event_count,94,0.318105616093881
occurrence_event_count,95,0.3202011735121542
occurrence_event_count,96,0.3222967309304275
occurrence_event_count,97,0.32439228834870076
occurrence_event_count,98,0.32648784576697404
occurrence_event_count,99,0.32858340318524726
occurrence_event_count,100,0.33067896060352053
occurrence_event_count,101,0.3327745180217938
occurrence_event_count,102,0.3348700754400671
occurrence_event_count,103,0.3369656328583403
occurrence_event_count,104,0.3390611902766136
occurrence_event_count,105,0.34115674769488685
occurrence_event_count,106,0.3432523051131601
occurrence_event_count,107,0.34534786253143335
occurrence_event_count,108,0.3474434199497066
occurrence_event_count,109,0.3495389773679799
occurrence_event_count,110,0.3516345347862531
occurrence_event_count,111,0.3537300922045264
occurrence_event_count,112,0.35582564962279967
occurrence_event_count,113,0.35792120704107294
occurrence_event_count,114,0.36001676445934616
occurrence_event_count,115,0.36211232187761944
occurrence_event_count,116,0.3642078792958927
occurrence_event_count,117,0.366303436714166
occurrence_event_count,118,0.3683989941324392
occurrence_event_count,119,0.3704945515507125
occurrence_event_count,120,0.37259010896898576
occurrence_event_count,121,0.37468566638725903
occurrence_event_count,122,0.3763621123218776
occurrence_event_count,123,0.37803855825649624
occurrence_event_count,124,0.3797150041911148
occurrence_event_count,125,0.38139145012573344
occurrence_event_count,126,0.3830678960603521
occurrence_event_count,127,0.38474434199497065
occurrence_event_count,128,0.3864207879295893
occurrence_event_count,129,0.38809723386420786
occurrence_event_count,130,0.3897736797988265
occurrence_event_count,131,0.3914501257334451
occurrence_event_count,132,0.3931265716680637
occurrence_event_count,133,0.3948030176026823
occurrence_event_count,134,0.3964794635373009
occurrence_event_count,135,0.39815590947191953
occurrence_event_count,136,0.39983235540653816
occurrence_event_count,137,0.40150880134115674
occurrence_event_count,138,0.40318524727577537
occurrence_event_count,139,0.40486169321039395
occurrence_event_count,140,0.4065381391450126
occurrence_event_count,141,0.4082145850796312
occurrence_event_count,142,0.4098910310142498
occurrence_event_count,143,0.4115674769488684
occurrence_event_count,144,0.413243922883487
occurrence_event_count,145,0.4149203688181056
occurrence_event_count,146,0.4165968147527242
occurrence_event_count,147,0.41827326068734283
occurrence_event_count,148,0.41994970662196146
occurrence_event_count,149,0.42162615255658004
occurrence_event_count,150,0.42330259849119867
occurrence_event_count,151,0.42497904442581724
occurrence_event_count,152,0.4266554903604359
occurrence_event_count,153,0.4283319362950545
occurrence_event_count,154,0.4300083822296731
occurrence_event_count,155,0.4316848281642917
occurrence_event_count,156,0.4333612740989103
occurrence_event_count,157,0.4350377200335289
occurrence_event_count,158,0.43671416596814755
occurrence_event_count,159,0.4383906119027661
occurrence_event_count,160,0.44006705783738476
occurrence_event_count,161,0.44174350377200333
occurrence_event_count,162,0.44341994970662196
occurrence_event_count,163,0.4450963956412406
occurrence_event_count,164,0.44677284157585917
occurrence_event_count,165,0.4484492875104778
occurrence_event_count,166,0.4501257334450964
occurrence_event_count,167,0.451802179379715
occurrence_event_count,168,0.45347862531433364
occurrence_event_count,169,0.4551550712489522
occurrence_event_count,170,0.45683151718357085
occurrence_event_count,171,0.4585079631181894
occurrence_event_count,172,0.46018440905280805
occurrence_event_count,173,0.46186085498742663
occurrence_event_count,174,0.46353730092204526
occurrence_event_count,175,0.4652137468566639
occurrence_event_count,176,0.46689019279128247
occurrence_event_count,177,0.4685666387259011
occurrence_event_count,178,0.4702430846605197
occurrence_event_count,179,0.47150041911148366
occurrence_event_count,180,0.4727577535624476
occurrence_event_count,181,0.4740150880134116
occurrence_event_count,182,0.4752724224643755
occurrence_event_count,183,0.4765297569153395
occurrence_event_count,184,0.47778709136630343
occurrence_event_count,185,0.4790444258172674
occurrence_event_count,186,0.48030176026823135
occurrence_event_count,187,0.4815590947191953
occurrence_event_count,188,0.48281642917015927
occurrence_event_count,189,0.4840737636211232
occurrence_event_count,190,0.4853310980720872
occurrence_event_count,191,0.4865884325230511
occurrence_event_count,192,0.4878457669740151
occurrence_event_count,193,0.48910310142497904
occurrence_event_count,194,0.490360435875943
occurrence_event_count,195,0.49161777032690696
occurrence_event_count,196,0.4928751047778709
occurrence_event_count,197,0.4941324392288349
occurrence_event_count,198,0.4953897736797988
occurrence_event_count,199,0.4966471081307628
occurrence_event_count,200,0.4979044425817267
occurrence_event_count,201,0.4991617770326907
occurrence_event_count,202,0.5004191114836547
occurrence_event_count,203,0.5016764459346186
occurrence_event_count,204,0.5029337803855826
occurrence_event_count,205,0.5041911148365466
occurrence_event_count,206,0.5054484492875104
occurrence_event_count,207,0.5067057837384744
occurrence_event_count,208,0.5079631181894384
occurrence_event_count,209,0.5092204526404024
occurrence_event_count,210,0.5104777870913663
occurrence_event_count,211,0.5117351215423303
occurrence_event_count,212,0.5129924559932942
occurrence_event_count,213,0.5142497904442582
occurrence_event_count,214,0.5155071248952221
occurrence_event_count,215,0.5167644593461861
occurrence_event_count,216,0.5180217937971501
occurrence_event_count,217,0.519279128248114
occurrence_event_count,218,0.5205364626990779
occurrence_event_count,219,0.5217937971500419
occurrence_event_count,220,0.5230511316010059
occurrence_event_count,221,0.5243084660519698
occurrence_event_count,222,0.5255658005029338
occurrence_event_count,223,0.5268231349538978
occurrence_event_count,224,0.5280804694048616
occurrence_event_count,225,0.5293378038558256
occurrence_event_count,226,0.5305951383067896
occurrence_event_count,227,0.5318524727577536
occurrence_event_count,228,0.5331098072087175
occurrence_event_count,229,0.5343671416596815
occurrence_event_count,230,0.5356244761106455
occurrence_event_count,231,0.5368818105616094
occurrence_event_count,232,0.5381391450125733
occurrence_event_count,233,0.5393964794635373
occurrence_event_count,234,0.5406538139145013
occurrence_event_count,235,0.5419111483654652
occurrence_event_count,236,0.5431684828164292
occurrence_event_count,237,0.5444258172673931
occurrence_event_count,238,0.5456831517183571
occurrence_event_count,239,0.546940486169321
occurrence_event_count,240,0.548197820620285
occurrence_event_count,241,0.549455155071249
occurrence_event_count,242,0.5507124895222129
occurrence_event_count,243,0.5519698239731768
occurrence_event_count,244,0.5532271584241408
occurrence_event_count,245,0.5544844928751048
occurrence_event_count,246,0.5557418273260687
occurrence_event_count,247,0.5569991617770327
occurrence_event_count,248,0.5582564962279967
occurrence_event_count,249,0.5595138306789607
occurrence_event_count,250,0.5607711651299245
occurrence_event_count,251,0.5620284995808885
occurrence_event_count,252,0.5632858340318525
occurrence_event_count,253,0.5645431684828164
occurrence_event_count,254,0.5658005029337804
occurrence_event_count,255,0.5670578373847444
occurrence_event_count,256,0.5683151718357083
occurrence_event_count,257,0.5695725062866722
occurrence_event_count,258,0.5708298407376362
occurrence_event_count,259,0.5720871751886002
occurrence_event_count,260,0.5733445096395641
occurrence_event_count,261,0.5746018440905281
occurrence_event_count,262,0.5754400670578373
occurrence_event_count,263,0.5762782900251467
occurrence_event_count,264,0.577116512992456
occurrence_event_count,265,0.5779547359597653
occurrence_event_count,266,0.5787929589270746
occurrence_event_count,267,0.5796311818943839
occurrence_event_count,268,0.5804694048616932
occurrence_event_count,269,0.5813076278290025
occurrence_event_count,270,0.5821458507963119
occurrence_event_count,271,0.5829840737636212
occurrence_event_count,272,0.5838222967309304
occurrence_event_count,273,0.5846605196982397
occurrence_event_count,274,0.585498742665549
occurrence_event_count,275,0.5863369656328583
occurrence_event_count,276,0.5871751886001676
occurrence_event_count,277,0.588013411567477
occurrence_event_count,278,0.5888516345347863
occurrence_event_count,279,0.5896898575020956
occurrence_event_count,280,0.5905280804694049
occurrence_event_count,281,0.5913663034367141
occurrence_event_count,282,0.5922045264040234
occurrence_event_count,283,0.5930427493713327
occurrence_event_count,284,0.5938809723386421
occurrence_event_count,285,0.5947191953059514
occurrence_event_count,286,0.5955574182732607
occurrence_event_count,287,0.59639564124057
occurrence_event_count,288,0.5972338642078793
occurrence_event_count,289,0.5980720871751886
occurrence_event_count,290,0.598910310142498
occurrence_event_count,291,0.5997485331098072
occurrence_event_count,292,0.6005867560771165
occurrence_event_count,293,0.6014249790444258
occurrence_event_count,294,0.6022632020117351
occurrence_event_count,295,0.6031014249790444
occurrence_event_count,296,0.6039396479463537
occurrence_event_count,297,0.6047778709136631
occurrence_event_count,298,0.6056160938809724
occurrence_event_count,299,0.6064543168482817
occurrence_event_count,300,0.607292539815591
occurrence_event_count,301,0.6081307627829002
occurrence_event_count,302,0.6089689857502095
occurrence_event_count,303,0.6098072087175188
occurrence_event_count,304,0.6106454316848282
occurrence_event_count,305,0.6114836546521375
occurrence_event_count,306,0.6123218776194468
occurrence_event_count,307,0.6131601005867561
occurrence_event_count,308,0.6139983235540654
occurrence_event_count,309,0.6148365465213746
occurrence_event_count,310,0.6156747694886839
occurrence_event_count,311,0.6165129924559933
occurrence_event_count,312,0.6173512154233026
occurrence_event_count,313,0.6181894383906119
occurrence_event_count,314,0.6190276613579212
occurrence_event_count,315,0.6198658843252305
occurrence_event_count,316,0.6207041072925398
occurrence_event_count,317,0.6215423302598492
occurrence_event_count,318,0.6223805532271585
occurrence_event_count,319,0.6232187761944677
occurrence_event_count,320,0.624056999161777
occurrence_event_count,321,0.6248952221290863
occurrence_event_count,322,0.6257334450963956
occurrence_event_count,323,0.6265716680637049
occurrence_event_count,324,0.6274098910310143
occurrence_event_count,325,0.6282481139983236
occurrence_event_count,326,0.6290863369656329
occurrence_event_count,327,0.6299245599329422
occurrence_event_count,328,0.6307627829002515
occurrence_event_count,329,0.6316010058675607
occurrence_event_count,330,0.63243922883487
occurrence_event_count,331,0.6332774518021794
occurrence_event_count,332,0.6341156747694887
occurrence_event_count,333,0.634953897736798
occurrence_event_count,334,0.6357921207041073
occurrence_event_count,335,0.6366303436714166
occurrence_event_count,336,0.6374685666387259
occurrence_event_count,337,0.6383067896060352
occurrence_event_count,338,0.6391450125733446
occurrence_event_count,339,0.6399832355406538
occurrence_event_count,340,0.6408214585079631
occurrence_event_count,341,0.6416596814752724
occurrence_event_count,342,0.6424979044425817
occurrence_event_count,343,0.643336127409891
occurrence_event_count,344,0.6441743503772004
occurrence_event_count,345,0.6450125733445097
occurrence_event_count,346,0.645850796311819
occurrence_event_count,347,0.6466890192791283
occurrence_event_count,348,0.6475272422464375
occurrence_event_count,349,0.6483654652137468
occurrence_event_count,350,0.6492036881810561
occurrence_event_count,351,0.6500419111483655
occurrence_event_count,352,0.6508801341156748
occurrence_event_count,353,0.6517183570829841
occurrence_event_count,354,0.6525565800502934
occurrence_event_count,355,0.6533948030176027
occurrence_event_count,356,0.654233025984912
occurrence_event_count,357,0.6550712489522212
occurrence_event_count,358,0.6559094719195306
occurrence_event_count,359,0.6567476948868399
occurrence_event_count,360,0.6575859178541492
occurrence_event_count,361,0.6584241408214585
occurrence_event_count,362,0.6592623637887678
occurrence_event_count,363,0.6601005867560771
occurrence_event_count,364,0.6609388097233864
occurrence_event_count,365,0.6617770326906958
occurrence_event_count,366,0.662615255658005
occurrence_event_count,367,0.6634534786253143
occurrence_event_count,368,0.6642917015926236
occurrence_event_count,369,0.6651299245599329
occurrence_event_count,370,0.6659681475272422
occurrence_event_count,371,0.6668063704945516
occurrence_event_count,372,0.6676445934618609
occurrence_event_count,373,0.6684828164291702
occurrence_event_count,374,0.6693210393964795
occurrence_event_count,375,0.6701592623637888
occurrence_event_count,376,0.670997485331098
occurrence_event_count,377,0.6718357082984073
occurrence_event_count,378,0.6726739312657167
occurrence_event_count,379,0.673512154233026
occurrence_event_count,380,0.6743503772003353
occurrence_event_count,381,0.6751886001676446
occurrence_event_count,382,0.6760268231349539
occurrence_event_count,383,0.6768650461022632
occurrence_event_count,384,0.6777032690695725
occurrence_event_count,385,0.6785414920368819
occurrence_event_count,386,0.6793797150041911
occurrence_event_count,387,0.6802179379715004
occurrence_event_count,388,0.6810561609388097
occurrence_event_count,389,0.681894383906119
occurrence_event_count,390,0.6827326068734283
occurrence_event_count,391,0.6835708298407376
occurrence_event_count,392,0.684409052808047
occurrence_event_count,393,0.6852472757753563
occurrence_event_count,394,0.6860854987426656
occurrence_event_count,395,0.6869237217099748
occurrence_event_count,396,0.6877619446772841
occurrence_event_count,397,0.6886001676445934
occurrence_event_count,398,0.6894383906119028
occurrence_event_count,399,0.6902766135792121
occurrence_event_count,400,0.6911148365465214
occurrence_event_count,401,0.6919530595138307
occurrence_event_count,402,0.69279128248114
occurrence_event_count,403,0.6936295054484493
occurrence_event_count,404,0.6944677284157585
occurrence_event_count,405,0.6953059513830679
occurrence_event_count,406,0.6961441743503772
occurrence_event_count,407,0.6969823973176865
occurrence_event_count,408,0.6978206202849958
occurrence_event_count,409,0.6986588432523051
occurrence_event_count,410,0.6994970662196144
occurrence_event_count,411,0.7003352891869237
occurrence_event_count,412,0.7011735121542331
occurrence_event_count,413,0.7020117351215424
occurrence_event_count,414,0.7028499580888516
occurrence_event_count,415,0.7036881810561609
occurrence_event_count,416,0.7045264040234702
occurrence_event_count,417,0.7053646269907795
occurrence_event_count,418,0.7062028499580888
occurrence_event_count,419,0.7070410729253982
occurrence_event_count,420,0.7078792958927075
occurrence_event_count,421,0.7087175188600168
occurrence_event_count,422,0.7095557418273261
occurrence_event_count,423,0.7103939647946353
occurrence_event_count,424,0.7112321877619446
occurrence_event_count,425,0.712070410729254
occurrence_event_count,426,0.7129086336965633
occurrence_event_count,427,0.7137468566638726
occurrence_event_count,428,0.7145850796311819
occurrence_event_count,429,0.7154233025984912
occurrence_event_count,430,0.7162615255658005
occurrence_event_count,431,0.7170997485331098
occurrence_event_count,432,0.7179379715004192
occurrence_event_count,433,0.7187761944677284
occurrence_event_count,434,0.7196144174350377
occurrence_event_count,435,0.720452640402347
occurrence_event_count,436,0.7212908633696563
occurrence_event_count,437,0.7221290863369656
occurrence_event_count,438,0.7229673093042749
occurrence_event_count,439,0.7238055322715843
occurrence_event_count,440,0.7246437552388936
occurrence_event_count,441,0.7254819782062029
occurrence_event_count,442,0.7263202011735121
occurrence_event_count,443,0.7271584241408214
occurrence_event_count,444,0.7279966471081307
occurrence_event_count,445,0.7288348700754401
occurrence_event_count,446,0.7296730930427494
occurrence_event_count,447,0.7305113160100587
occurrence_event_count,448,0.731349538977368
occurrence_event_count,449,0.7321877619446773
occurrence_event_count,450,0.732606873428332
occurrence_event_count,451,0.7330259849119866
occurrence_event_count,452,0.7334450963956413
occurrence_event_count,453,0.7338642078792958
occurrence_event_count,454,0.7342833193629505
occurrence_event_count,455,0.7347024308466052
occurrence_event_count,456,0.7351215423302598
occurrence_event_count,457,0.7355406538139145
occurrence_event_count,458,0.7359597652975691
occurrence_event_count,459,0.7363788767812238
occurrence_event_count,460,0.7367979882648784
occurrence_event_count,461,0.7372170997485331
occurrence_event_count,462,0.7376362112321878
occurrence_event_count,463,0.7380553227158424
occurrence_event_count,464,0.7384744341994971
occurrence_event_count,465,0.7388935456831517
occurrence_event_count,466,0.7393126571668064
occurrence_event_count,467,0.739731768650461
occurrence_event_count,468,0.7401508801341157
occurrence_event_count,469,0.7405699916177704
occurrence_event_count,470,0.740989103101425
occurrence_event_count,471,0.7414082145850797
occurrence_event_count,472,0.7418273260687342
occurrence_event_count,473,0.742246437552389
occurrence_event_count,474,0.7426655490360435
occurrence_event_count,475,0.7430846605196982
occurrence_event_count,476,0.7435037720033529
occurrence_event_count,477,0.7439228834870075
occurrence_event_count,478,0.7443419949706622
occurrence_event_count,479,0.7447611064543168
occurrence_event_count,480,0.7451802179379715
occurrence_event_count,481,0.7455993294216261
occurrence_event_count,482,0.7460184409052808
occurrence_event_count,483,0.7464375523889355
occurrence_event_count,484,0.7468566638725901
occurrence_event_count,485,0.7472757753562448
occurrence_event_count,486,0.7476948868398994
occurrence_event_count,487,0.7481139983235541
occurrence_event_count,488,0.7485331098072087
occurrence_event_count,489,0.7489522212908634
occurrence_event_count,490,0.7493713327745181
occurrence_event_count,491,0.7497904442581727
occurrence_event_count,492,0.7502095557418273
occurrence_event_count,493,0.7506286672254819
occurrence_event_count,494,0.7510477787091366
occurrence_event_count,495,0.7514668901927913
occurrence_event_count,496,0.7518860016764459
occurrence_event_count,497,0.7523051131601006
occurrence_event_count,498,0.7527242246437552
occurrence_event_count,499,0.7531433361274099
occurrence_event_count,500,0.7535624476110645
occurrence_event_count,501,0.7539815590947192
occurrence_event_count,502,0.7544006705783739
occurrence_event_count,503,0.7548197820620285
occurrence_event_count,504,0.7552388935456832
occurrence_event_count,505,0.7556580050293378
occurrence_event_count,506,0.7560771165129925
occurrence_event_count,507,0.7564962279966471
occurrence_event_count,508,0.7569153394803018
occurrence_event_count,509,0.7573344509639565
occurrence_event_count,510,0.757753562447611
occurrence_event_count,511,0.7581726739312658
occurrence_event_count,512,0.7585917854149203
occurrence_event_count,513,0.759010896898575
occurrence_event_count,514,0.7594300083822296
occurrence_event_count,515,0.7598491198658843
occurrence_event_count,516,0.760268231349539
occurrence_event_count,517,0.7606873428331936
occurrence_event_count,518,0.7611064543168483
occurrence_event_count,519,0.7615255658005029
occurrence_event_count,520,0.7619446772841576
occurrence_event_count,521,0.7623637887678122
occurrence_event_count,522,0.7627829002514669
occurrence_event_count,523,0.7632020117351216
occurrence_event_count,524,0.7636211232187762
occurrence_event_count,525,0.7640402347024309
occurrence_event_count,526,0.7644593461860855
occurrence_event_count,527,0.7648784576697402
occurrence_event_count,528,0.7652975691533948
occurrence_event_count,529,0.7657166806370495
occurrence_event_count,530,0.7661357921207042
occurrence_event_count,531,0.7665549036043587
occurrence_event_count,532,0.7669740150880134
occurrence_event_count,533,0.767393126571668
occurrence_event_count,534,0.7678122380553227
occurrence_event_count,535,0.7682313495389773
occurrence_event_count,536,0.768650461022632
occurrence_event_count,537,0.7690695725062867
occurrence_event_count,538,0.7694886839899413
occurrence_event_count,539,0.769907795473596
occurrence_event_count,540,0.7703269069572506
occurrence_event_count,541,0.7707460184409053
occurrence_event_count,542,0.7711651299245599
occurrence_event_count,543,0.7715842414082146
occurrence_event_count,544,0.7720033528918693
occurrence_event_count,545,0.7724224643755239
occurrence_event_count,546,0.7728415758591786
occurrence_event_count,547,0.7732606873428332
occurrence_event_count,548,0.7736797988264879
occurrence_event_count,549,0.7740989103101426
occurrence_event_count,550,0.7745180217937971
occurrence_event_count,551,0.7749371332774518
occurrence_event_count,552,0.7753562447611064
occurrence_event_count,553,0.7757753562447611
occurrence_event_count,554,0.7761944677284157
occurrence_event_count,555,0.7766135792120704
occurrence_event_count,556,0.7770326906957251
occurrence_event_count,557,0.7774518021793797
occurrence_event_count,558,0.7778709136630344
occurrence_event_count,559,0.778290025146689
occurrence_event_count,560,0.7787091366303437
occurrence_event_count,561,0.7791282481139983
occurrence_event_count,562,0.779547359597653
occurrence_event_count,563,0.7799664710813077
occurrence_event_count,564,0.7803855825649623
occurrence_event_count,565,0.780804694048617
occurrence_event_count,566,0.7812238055322716
occurrence_event_count,567,0.7816429170159263
occurrence_event_count,568,0.7820620284995808
occurrence_event_count,569,0.7824811399832355
occurrence_event_count,570,0.7829002514668902
occurrence_event_count,571,0.7833193629505448
occurrence_event_count,572,0.7837384744341995
occurrence_event_count,573,0.7841575859178541
occurrence_event_count,574,0.7845766974015088
occurrence_event_count,575,0.7849958088851634
occurrence_event_count,576,0.7854149203688181
occurrence_event_count,577,0.7858340318524728
occurrence_event_count,578,0.7862531433361274
occurrence_event_count,579,0.7866722548197821
occurrence_event_count,580,0.7870913663034367
occurrence_event_count,581,0.7875104777870914
occurrence_event_count,582,0.787929589270746
occurrence_event_count,583,0.7883487007544007
occurrence_event_count,584,0.7887678122380554
occurrence_event_count,585,0.78918692372171
occurrence_event_count,586,0.7896060352053647
occurrence_event_count,587,0.7900251466890192
occurrence_event_count,588,0.7904442581726739
occurrence_event_count,589,0.7908633696563285
occurrence_event_count,590,0.7912824811399832
occurrence_event_count,591,0.7917015926236379
occurrence_event_count,592,0.7921207041072925
occurrence_event_count,593,0.7925398155909472
occurrence_event_count,594,0.7929589270746018
occurrence_event_count,595,0.7933780385582565
occurrence_event_count,596,0.7937971500419112
occurrence_event_count,597,0.7942162615255658
occurrence_event_count,598,0.7946353730092205
occurrence_event_count,599,0.7950544844928751
occurrence_event_count,600,0.7954735959765298
occurrence_event_count,601,0.7958927074601844
occurrence_event_count,602,0.7963118189438391
occurrence_event_count,603,0.7967309304274938
occurrence_event_count,604,0.7971500419111484
occurrence_event_count,605,0.797569153394803
occurrence_event_count,606,0.7979882648784576
occurrence_event_count,607,0.7984073763621123
occurrence_event_count,608,0.7988264878457669
occurrence_event_count,609,0.7992455993294216
occurrence_event_count,610,0.7996647108130763
occurrence_event_count,611,0.8000838222967309
occurrence_event_count,612,0.8005029337803856
occurrence_event_count,613,0.8009220452640402
occurrence_event_count,614,0.8013411567476949
occurrence_event_count,615,0.8017602682313495
occurrence_event_count,616,0.8021793797150042
occurrence_event_count,617,0.8025984911986589
occurrence_event_count,618,0.8030176026823135
occurrence_event_count,619,0.8034367141659682
occurrence_event_count,620,0.8038558256496228
occurrence_event_count,621,0.8042749371332775
occurrence_event_count,622,0.8046940486169321
occurrence_event_count,623,0.8051131601005868
occurrence_event_count,624,0.8055322715842415
occurrence_event_count,625,0.805951383067896
occurrence_event_count,626,0.8063704945515507
occurrence_event_count,627,0.8067896060352053
occurrence_event_count,628,0.80720871751886
occurrence_event_count,629,0.8076278290025146
occurrence_event_count,630,0.8080469404861693
occurrence_event_count,631,0.808466051969824
occurrence_event_count,632,0.8088851634534786
occurrence_event_count,633,0.8093042749371333
occurrence_event_count,634,0.8097233864207879
occurrence_event_count,635,0.8101424979044426
occurrence_event_count,636,0.8105616093880972
occurrence_event_count,637,0.8109807208717519
occurrence_event_count,638,0.8113998323554066
occurrence_event_count,639,0.8118189438390612
occurrence_event_count,640,0.8122380553227159
occurrence_event_count,641,0.8126571668063705
occurrence_event_count,642,0.8130762782900252
occurrence_event_count,643,0.8134953897736797
occurrence_event_count,644,0.8139145012573344
occurrence_event_count,645,0.8143336127409891
occurrence_event_count,646,0.8147527242246437
occurrence_event_count,647,0.8151718357082984
occurrence_event_count,648,0.815590947191953
occurrence_event_count,649,0.8160100586756077
occurrence_event_count,650,0.8164291701592624
occurrence_event_count,651,0.816848281642917
occurrence_event_count,652,0.8172673931265717
occurrence_event_count,653,0.8176865046102263
occurrence_event_count,654,0.818105616093881
occurrence_event_count,655,0.8185247275775356
occurrence_event_count,656,0.8189438390611903
occurrence_event_count,657,0.819362950544845
occurrence_event_count,658,0.8197820620284996
occurrence_event_count,659,0.8202011735121543
occurrence_event_count,660,0.8206202849958089
occurrence_event_count,661,0.8210393964794636
occurrence_event_count,662,0.8214585079631181
occurrence_event_count,663,0.8218776194467728
occurrence_event_count,664,0.8222967309304275
occurrence_event_count,665,0.8227158424140821
occurrence_event_count,666,0.8231349538977368
occurrence_event_count,667,0.8235540653813914
occurrence_event_count,668,0.8239731768650461
occurrence_event_count,669,0.8243922883487007
occurrence_event_count,670,0.8248113998323554
occurrence_event_count,671,0.8252305113160101
occurrence_event_count,672,0.8256496227996647
occurrence_event_count,673,0.8260687342833194
occurrence_event_count,674,0.826487845766974
occurrence_event_count,675,0.8269069572506287
occurrence_event_count,676,0.8273260687342833
occurrence_event_count,677,0.827745180217938
occurrence_event_count,678,0.8281642917015927
occurrence_event_count,679,0.8285834031852473
occurrence_event_count,680,0.829002514668902
occurrence_event_count,681,0.8294216261525565
occurrence_event_count,682,0.8298407376362112
occurrence_event_count,683,0.8302598491198658
occurrence_event_count,684,0.8306789606035205
occurrence_event_count,685,0.8310980720871752
occurrence_event_count,686,0.8315171835708298
occurrence_event_count,687,0.8319362950544845
occurrence_event_count,688,0.8323554065381391
occurrence_event_count,689,0.8327745180217938
occurrence_event_count,690,0.8331936295054484
occurrence_event_count,691,0.8336127409891031
occurrence_event_count,692,0.8340318524727578
occurrence_event_count,693,0.8344509639564124
occurrence_event_count,694,0.8348700754400671
occurrence_event_count,695,0.8352891869237217
occurrence_event_count,696,0.8357082984073764
occurrence_event_count,697,0.836127409891031
occurrence_event_count,698,0.8365465213746857
occurrence_event_count,699,0.8369656328583404
occurrence_event_count,700,0.837384744341995
occurrence_event_count,701,0.8378038558256496
occurrence_event_count,702,0.8382229673093042
occurrence_event_count,703,0.8386420787929589
occurrence_event_count,704,0.8390611902766136
occurrence_event_count,705,0.8394803017602682
occurrence_event_count,706,0.8398994132439229
occurrence_event_count,707,0.8403185247275775
occurrence_event_count,708,0.8407376362112322
occurrence_event_count,709,0.8411567476948868
occurrence_event_count,710,0.8415758591785415
occurrence_event_count,711,0.8419949706621962
occurrence_event_count,712,0.8424140821458508
occurrence_event_count,713,0.8428331936295055
occurrence_event_count,714,0.8432523051131601
occurrence_event_count,715,0.8436714165968148
occurrence_event_count,716,0.8440905280804694
occurrence_event_count,717,0.8445096395641241
occurrence_event_count,718,0.8449287510477788
occurrence_event_count,719,0.8453478625314333
occurrence_event_count,720,0.845766974015088
occurrence_event_count,721,0.8461860854987426
occurrence_event_count,722,0.8466051969823973
occurrence_event_count,723,0.8470243084660519
occurrence_event_count,724,0.8474434199497066
occurrence_event_count,725,0.8478625314333613
occurrence_event_count,726,0.8482816429170159
occurrence_event_count,727,0.8487007544006706
occurrence_event_count,728,0.8491198658843252
occurrence_event_count,729,0.8495389773679799
occurrence_event_count,730,0.8499580888516345
occurrence_event_count,731,0.8503772003352892
occurrence_event_count,732,0.8507963118189439
occurrence_event_count,733,0.8512154233025985
occurrence_event_count,734,0.8516345347862532
occurrence_event_count,735,0.8520536462699078
occurrence_event_count,736,0.8524727577535625
occurrence_event_count,737,0.852891869237217
occurrence_event_count,738,0.8533109807208717
occurrence_event_count,739,0.8537300922045264
occurrence_event_count,740,0.854149203688181
occurrence_event_count,741,0.8545683151718357
occurrence_event_count,742,0.8549874266554903
occurrence_event_count,743,0.855406538139145
occurrence_event_count,744,0.8558256496227996
occurrence_event_count,745,0.8562447611064543
occurrence_event_count,746,0.856663872590109
occurrence_event_count,747,0.8570829840737636
occurrence_event_count,748,0.8575020955574183
occurrence_event_count,749,0.8579212070410729
occurrence_event_count,750,0.8583403185247276
occurrence_event_count,751,0.8587594300083823
occurrence_event_count,752,0.8591785414920369
occurrence_event_count,753,0.8595976529756916
occurrence_event_count,754,0.8600167644593462
occurrence_event_count,755,0.8604358759430009
occurrence_event_count,756,0.8608549874266554
occurrence_event_count,757,0.8612740989103101
occurrence_event_count,758,0.8616932103939648
occurrence_event_count,759,0.8621123218776194
occurrence_event_count,760,0.8625314333612741
occurrence_event_count,761,0.8629505448449287
occurrence_event_count,762,0.8633696563285834
occurrence_event_count,763,0.863788767812238
occurrence_event_count,764,0.8642078792958927
occurrence_event_count,765,0.8646269907795474
occurrence_event_count,766,0.865046102263202
occurrence_event_count,767,0.8654652137468567
occurrence_event_count,768,0.8658843252305113
occurrence_event_count,769,0.866303436714166
occurrence_event_count,770,0.8667225481978206
occurrence_event_count,771,0.8671416596814753
occurrence_event_count,772,0.86756077116513
occurrence_event_count,773,0.8679798826487846
occurrence_event_count,774,0.8683989941324393
occurrence_event_count,775,0.8688181056160938
occurrence_event_count,776,0.8692372170997485
occurrence_event_count,777,0.8696563285834031
occurrence_event_count,778,0.8700754400670578
occurrence_event_count,779,0.8704945515507125
occurrence_event_count,780,0.8709136630343671
occurrence_event_count,781,0.8713327745180218
occurrence_event_count,782,0.8717518860016764
occurrence_event_count,783,0.8721709974853311
occurrence_event_count,784,0.8725901089689857
occurrence_event_count,785,0.8730092204526404
occurrence_event_count,786,0.8734283319362951
occurrence_event_count,787,0.8738474434199497
occurrence_event_count,788,0.8742665549036044
occurrence_event_count,789,0.874685666387259
occurrence_event_count,790,0.8751047778709137
occurrence_event_count,791,0.8755238893545683
occurrence_event_count,792,0.875943000838223
occurrence_event_count,793,0.8763621123218777
occurrence_event_count,794,0.8767812238055323
occurrence_event_count,795,0.877200335289187
occurrence_event_count,796,0.8776194467728415
occurrence_event_count,797,0.8780385582564962
occurrence_event_count,798,0.8784576697401508
occurrence_event_count,799,0.8788767812238055
occurrence_event_count,800,0.8792958927074602
occurrence_event_count,801,0.8797150041911148
occurrence_event_count,802,0.8801341156747695
occurrence_event_count,803,0.8805532271584241
occurrence_event_count,804,0.8809723386420788
occurrence_event_count,805,0.8813914501257335
occurrence_event_count,806,0.8818105616093881
occurrence_event_count,807,0.8822296730930428
occurrence_event_count,808,0.8826487845766974
occurrence_event_count,809,0.8830678960603521
occurrence_event_count,810,0.8834870075440067
occurrence_event_count,811,0.8839061190276614
occurrence_event_count,812,0.8843252305113161
occurrence_event_count,813,0.8847443419949707
occurrence_event_count,814,0.8851634534786254
occurrence_event_count,815,0.8855825649622799
occurrence_event_count,816,0.8860016764459346
occurrence_event_count,817,0.8864207879295892
occurrence_event_count,818,0.8868398994132439
occurrence_event_count,819,0.8872590108968986
occurrence_event_count,820,0.8876781223805532
occurrence_event_count,821,0.8880972338642079
occurrence_event_count,822,0.8885163453478625
occurrence_event_count,823,0.8889354568315172
occurrence_event_count,824,0.8893545683151718
occurrence_event_count,825,0.8897736797988265
occurrence_event_count,826,0.8901927912824812
occurrence_event_count,827,0.8906119027661358
occurrence_event_count,828,0.8910310142497905
occurrence_event_count,829,0.8914501257334451
occurrence_event_count,830,0.8918692372170998
occurrence_event_count,831,0.8922883487007544
occurrence_event_count,832,0.892707460184409
occurrence_event_count,833,0.8931265716680638
occurrence_event_count,834,0.8935456831517183
occurrence_event_count,835,0.893964794635373
occurrence_event_count,836,0.8943839061190276
occurrence_event_count,837,0.8948030176026823
occurrence_event_count,838,0.8952221290863369
occurrence_event_count,839,0.8956412405699916
occurrence_event_count,840,0.8960603520536463
occurrence_event_count,841,0.8964794635373009
occurrence_event_count,842,0.8968985750209556
occurrence_event_count,843,0.8973176865046102
occurrence_event_count,844,0.8977367979882649
occurrence_event_count,845,0.8981559094719195
occurrence_event_count,846,0.8985750209555742
occurrence_event_count,847,0.8989941324392289
occurrence_event_count,848,0.8994132439228835
occurrence_event_count,849,0.8998323554065382
occurrence_event_count,850,0.9002514668901928
occurrence_event_count,851,0.9006705783738475
occurrence_event_count,852,0.901089689857502
occurrence_event_count,853,0.9015088013411567
occurrence_event_count,854,0.9019279128248114
occurrence_event_count,855,0.902347024308466
occurrence_event_count,856,0.9027661357921207
occurrence_event_count,857,0.9031852472757753
occurrence_event_count,858,0.90360435875943
occurrence_event_count,859,0.9040234702430847
occurrence_event_count,860,0.9044425817267393
occurrence_event_count,861,0.904861693210394
occurrence_event_count,862,0.9052808046940486
occurrence_event_count,863,0.9056999161777033
occurrence_event_count,864,0.9061190276613579
occurrence_event_count,865,0.9065381391450126
occurrence_event_count,866,0.9069572506286673
occurrence_event_count,867,0.9073763621123219
occurrence_event_count,868,0.9077954735959766
occurrence_event_count,869,0.9082145850796312
occurrence_event_count,870,0.9086336965632859
occurrence_event_count,871,0.9090528080469404
occurrence_event_count,872,0.9094719195305951
occurrence_event_count,873,0.9098910310142498
occurrence_event_count,874,0.9103101424979044
occurrence_event_count,875,0.9107292539815591
occurrence_event_count,876,0.9111483654652137
occurrence_event_count,877,0.9115674769488684
occurrence_event_count,878,0.911986588432523
occurrence_event_count,879,0.9124056999161777
occurrence_event_count,880,0.9128248113998324
occurrence_event_count,881,0.913243922883487
occurrence_event_count,882,0.9136630343671417
occurrence_event_count,883,0.9140821458507963
occurrence_event_count,884,0.914501257334451
occurrence_event_count,885,0.9149203688181056
occurrence_event_count,886,0.9153394803017603
occurrence_event_count,887,0.915758591785415
occurrence_event_count,888,0.9161777032690696
occurrence_event_count,889,0.9165968147527243
occurrence_event_count,890,0.9170159262363788
occurrence_event_count,891,0.9174350377200335
occurrence_event_count,892,0.9178541492036881
occurrence_event_count,893,0.9182732606873428
occurrence_event_count,894,0.9186923721709975
occurrence_event_count,895,0.9191114836546521
occurrence_event_count,896,0.9195305951383068
occurrence_event_count,897,0.9199497066219614
occurrence_event_count,898,0.9203688181056161
occurrence_event_count,899,0.9207879295892707
occurrence_event_count,900,0.9212070410729254
occurrence_event_count,901,0.9216261525565801
occurrence_event_count,902,0.9220452640402347
occurrence_event_count,903,0.9224643755238894
occurrence_event_count,904,0.922883487007544
occurrence_event_count,905,0.9233025984911987
occurrence_event_count,906,0.9237217099748533
occurrence_event_count,907,0.924140821458508
occurrence_event_count,908,0.9245599329421627
occurrence_event_count,909,0.9249790444258172
occurrence_event_count,910,0.9253981559094719
occurrence_event_count,911,0.9258172673931265
occurrence_event_count,912,0.9262363788767812
occurrence_event_count,913,0.9266554903604359
occurrence_event_count,914,0.9270746018440905
occurrence_event_count,915,0.9274937133277452
occurrence_event_count,916,0.9279128248113998
occurrence_event_count,917,0.9283319362950545
occurrence_event_count,918,0.9287510477787091
occurrence_event_count,919,0.9291701592623638
occurrence_event_count,920,0.9295892707460185
occurrence_event_count,921,0.9300083822296731
occurrence_event_count,922,0.9304274937133278
occurrence_event_count,923,0.9308466051969824
occurrence_event_count,924,0.9312657166806371
occurrence_event_count,925,0.9316848281642917
occurrence_event_count,926,0.9321039396479464
occurrence_event_count,927,0.932523051131601
occurrence_event_count,928,0.9329421626152556
occurrence_event_count,929,0.9333612740989103
occurrence_event_count,930,0.9337803855825649
occurrence_event_count,931,0.9341994970662196
occurrence_event_count,932,0.9346186085498742
occurrence_event_count,933,0.9350377200335289
occurrence_event_count,934,0.9354568315171836
occurrence_event_count,935,0.9358759430008382
occurrence_event_count,936,0.9362950544844929
occurrence_event_count,937,0.9367141659681475
occurrence_event_count,938,0.9371332774518022
occurrence_event_count,939,0.9375523889354568
occurrence_event_count,940,0.9379715004191115
occurrence_event_count,941,0.9383906119027662
occurrence_event_count,942,0.9388097233864208
occurrence_event_count,943,0.9392288348700755
occurrence_event_count,944,0.9396479463537301
occurrence_event_count,945,0.9400670578373848
occurrence_event_count,946,0.9404861693210393
occurrence_event_count,947,0.940905280804694
occurrence_event_count,948,0.9413243922883487
occurrence_event_count,949,0.9417435037720033
occurrence_event_count,950,0.942162615255658
occurrence_event_count,951,0.9425817267393126
occurrence_event_count,952,0.9430008382229673
occurrence_event_count,953,0.9434199497066219
occurrence_event_count,954,0.9438390611902766
occurrence_event_count,955,0.9442581726739313
occurrence_event_count,956,0.9446772841575859
occurrence_event_count,957,0.9450963956412406
occurrence_event_count,958,0.9455155071248952
occurrence_event_count,959,0.9459346186085499
occurrence_event_count,960,0.9463537300922046
occurrence_event_count,961,0.9467728415758592
occurrence_event_count,962,0.9471919530595139
occurrence_event_count,963,0.9476110645431685
occurrence_event_count,964,0.9480301760268232
occurrence_event_count,965,0.9484492875104777
occurrence_event_count,966,0.9488683989941324
occurrence_event_count,967,0.9492875104777871
occurrence_event_count,968,0.9497066219614417
occurrence_event_count,969,0.9501257334450964
occurrence_event_count,970,0.950544844928751
occurrence_event_count,971,0.9509639564124057
occurrence_event_count,972,0.9513830678960603
occurrence_event_count,973,0.951802179379715
occurrence_event_count,974,0.9522212908633697
occurrence_event_count,975,0.9526404023470243
occurrence_event_count,976,0.953059513830679
occurrence_event_count,977,0.9534786253143336
occurrence_event_count,978,0.9538977367979883
occurrence_event_count,979,0.9543168482816429
occurrence_event_count,980,0.9547359597652976
occurrence_event_count,981,0.9551550712489523
occurrence_event_count,982,0.9555741827326069
occurrence_event_count,983,0.9559932942162616
occurrence_event_count,984,0.9564124056999161
occurrence_event_count,985,0.9568315171835708
occurrence_event_count,986,0.9572506286672254
occurrence_event_count,987,0.9576697401508801
occurrence_event_count,988,0.9580888516345348
occurrence_event_count,989,0.9585079631181894
occurrence_event_count,990,0.9589270746018441
occurrence_event_count,991,0.9593461860854987
occurrence_event_count,992,0.9597652975691534
occurrence_event_count,993,0.960184409052808
occurrence_event_count,994,0.9606035205364627
occurrence_event_count,995,0.9610226320201174
occurrence_event_count,996,0.961441743503772
occurrence_event_count,997,0.9618608549874267
occurrence_event_count,998,0.9622799664710813
occurrence_event_count,999,0.962699077954736
occurrence_event_count,1000,0.9631181894383906
occurrence_event_count,1001,0.9635373009220453
occurrence_event_count,1002,0.9639564124057
occurrence_event_count,1003,0.9643755238893545
occurrence_event_count,1004,0.9647946353730092
occurrence_event_count,1005,0.9652137468566638
occurrence_event_count,1006,0.9656328583403185
occurrence_event_count,1007,0.9660519698239731
occurrence_event_count,1008,0.9664710813076278
occurrence_event_count,1009,0.9668901927912825
occurrence_event_count,1010,0.9673093042749371
occurrence_event_count,1011,0.9677284157585918
occurrence_event_count,1012,0.9681475272422464
occurrence_event_count,1013,0.9685666387259011
occurrence_event_count,1014,0.9689857502095558
occurrence_event_count,1015,0.9694048616932104
occurrence_event_count,1016,0.9698239731768651
occurrence_event_count,1017,0.9702430846605197
occurrence_event_count,1018,0.9706621961441744
occurrence_event_count,1019,0.971081307627829
occurrence_event_count,1020,0.9715004191114837
occurrence_event_count,1021,0.9719195305951384
occurrence_event_count,1022,0.972338642078793
occurrence_event_count,1023,0.9727577535624476
occurrence_event_count,1024,0.9731768650461022
occurrence_event_count,1025,0.9735959765297569
occurrence_event_count,1026,0.9740150880134115
occurrence_event_count,1027,0.9744341994970662
occurrence_event_count,1028,0.9748533109807209
occurrence_event_count,1029,0.9752724224643755
occurrence_event_count,1030,0.9756915339480302
occurrence_event_count,1031,0.9761106454316848
occurrence_event_count,1032,0.9765297569153395
occurrence_event_count,1033,0.9769488683989941
occurrence_event_count,1034,0.9773679798826488
occurrence_event_count,1035,0.9777870913663035
occurrence_event_count,1036,0.9782062028499581
occurrence_event_count,1037,0.9786253143336128
occurrence_event_count,1038,0.9790444258172674
occurrence_event_count,1039,0.9794635373009221
occurrence_event_count,1040,0.9798826487845766
occurrence_event_count,1041,0.9803017602682313
occurrence_event_count,1042,0.980720871751886
occurrence_event_count,1043,0.9811399832355406
occurrence_event_count,1044,0.9815590947191953
occurrence_event_count,1045,0.9819782062028499
occurrence_event_count,1046,0.9823973176865046
occurrence_event_count,1047,0.9828164291701592
occurrence_event_count,1048,0.9832355406538139
occurrence_event_count,1049,0.9836546521374686
occurrence_event_count,1050,0.9840737636211232
occurrence_event_count,1051,0.9844928751047779
occurrence_event_count,1052,0.9849119865884325
occurrence_event_count,1053,0.9853310980720872
occurrence_event_count,1054,0.9857502095557418
occurrence_event_count,1055,0.9861693210393965
occurrence_event_count,1056,0.9865884325230512
occurrence_event_count,1057,0.9870075440067058
occurrence_event_count,1058,0.9874266554903605
occurrence_event_count,1059,0.987845766974015
occurrence_event_count,1060,0.9882648784576697
occurrence_event_count,1061,0.9886839899413243
occurrence_event_count,1062,0.989103101424979
occurrence_event_count,1063,0.9895222129086337
occurrence_event_count,1064,0.9899413243922883
occurrence_event_count,1065,0.990360435875943
occurrence_event_count,1066,0.9907795473595976
occurrence_event_count,1067,0.9911986588432523
occurrence_event_count,1068,0.991617770326907
occurrence_event_count,1069,0.9920368818105616
occurrence_event_count,1070,0.9924559932942163
occurrence_event_count,1071,0.9928751047778709
occurrence_event_count,1072,0.9932942162615256
occurrence_event_count,1073,0.9937133277451802
occurrence_event_count,1074,0.9941324392288349
occurrence_event_count,1075,0.9945515507124896
occurrence_event_count,1076,0.9949706621961442
occurrence_event_count,1077,0.9953897736797989
occurrence_event_count,1078,0.9958088851634534
occurrence_event_count,1079,0.9962279966471081
occurrence_event_count,1080,0.9966471081307627
occurrence_event_count,1081,0.9970662196144174
occurrence_event_count,1082,0.9974853310980721
occurrence_event_count,1083,0.9979044425817267
occurrence_event_count,1084,0.9983235540653814
occurrence_event_count,1085,0.998742665549036
occurrence_event_count,1086,0.9991617770326907
occurrence_event_count,1087,0.9995808885163453
occurrence_event_count,1088,1.0
max_normalized_intensity,1,0.0017213997130045302
max_normalized_intensity,2,0.0034427994260090604
max_normalized_intensity,3,0.005164199139013591
max_normalized_intensity,4,0.006885598852018121
max_normalized_intensity,5,0.008604841422525152
max_normalized_intensity,6,0.010323005421783433
max_normalized_intensity,7,0.012040090849792965
max_normalized_intensity,8,0.013755558420929372
max_normalized_intensity,9,0.015470486706441404
max_normalized_intensity,10,0.017184592352865406
max_normalized_intensity,11,0.018898442067128686
max_normalized_intensity,12,0.020611213210143222
max_normalized_intensity,13,0.022322905781909003
max_normalized_intensity,14,0.02403235133023989
max_normalized_intensity,15,0.025740808188259422
max_normalized_intensity,16,0.027446568618157086
max_normalized_intensity,17,0.029152329048054745
max_normalized_intensity,18,0.030858089477952405
max_normalized_intensity,19,0.032563849907850065
max_normalized_intensity,20,0.034267318373844134
max_normalized_intensity,21,0.03596930380437117
max_normalized_intensity,22,0.037669132092400706
max_normalized_intensity,23,0.039368960380430244
max_normalized_intensity,24,0.04106878866845978
max_normalized_intensity,25,0.04276861695648932
max_normalized_intensity,26,0.04446813446975227
max_normalized_intensity,27,0.04616562585340951
max_normalized_intensity,28,0.04786167914206843
max_normalized_intensity,29,0.049557193145102964
max_normalized_intensity,30,0.05125001072001562
max_normalized_intensity,31,0.05294013186680642
max_normalized_intensity,32,0.05462917444234845
max_normalized_intensity,33,0.056316059875392996
max_normalized_intensity,34,0.05800186673718879
max_normalized_intensity,35,0.05968740395617239
max_normalized_intensity,36,0.06136997510422193
max_normalized_intensity,37,0.06305200696664709
max_normalized_intensity,38,0.06473403882907226
max_normalized_intensity,39,0.06641391354899993
max_normalized_intensity,40,0.0680937882689276
max_normalized_intensity,41,0.06977334840557438
max_normalized_intensity,42,0.07145160526862893
max_normalized_intensity,43,0.07312770498918597
max_normalized_intensity,44,0.07480380470974302
max_normalized_intensity,45,0.07647774728780256
max_normalized_intensity,46,0.0781516898658621
max_normalized_intensity,47,0.07982347530142415
max_normalized_intensity,48,0.08149418216573745
max_normalized_intensity,49,0.08316381045880199
max_normalized_intensity,50,0.08483289946624216
max_normalized_intensity,51,0.0865005054382153
max_normalized_intensity,52,0.08816581944628483
max_normalized_intensity,53,0.08983113345435438
max_normalized_intensity,54,0.09149644746242393
max_normalized_intensity,55,0.09315960432799597
max_normalized_intensity,56,0.09482222190794365
max_normalized_intensity,57,0.09648322163101819
max_normalized_intensity,58,0.09814206421159524
max_normalized_intensity,59,0.09979928893529917
max_normalized_intensity,60,0.10145597437337872
max_normalized_intensity,61,0.1031117274871585
max_normalized_intensity,62,0.104767379294458
max_normalized_intensity,63,0.10642136830441568
max_normalized_intensity,64,0.10807373945750022
max_normalized_intensity,65,0.10972395346808728
max_normalized_intensity,66,0.11137416747867433
max_normalized_intensity,67,0.11302438148926139
max_normalized_intensity,68,0.11467405621422405
max_normalized_intensity,69,0.11632103451106486
max_normalized_intensity,70,0.11796531637978379
max_normalized_intensity,71,0.1196095982485027
max_normalized_intensity,72,0.12125334083159726
max_normalized_intensity,73,0.12289600484344305
max_normalized_intensity,74,0.12453705099841574
max_normalized_intensity,75,0.1261780971533884
max_normalized_intensity,76,0.1278169861658636
max_normalized_intensity,77,0.12945587517833876
max_normalized_intensity,78,0.1310931463339408
max_normalized_intensity,79,0.13272987820391852
max_normalized_intensity,80,0.13436445293139868
max_normalized_intensity,81,0.135996331230757
max_normalized_intensity,82,0.13762290807821465
max_normalized_intensity,83,0.13924939352132923
max_normalized_intensity,84,0.14087372182194627
max_normalized_intensity,85,0.14249805012256334
max_normalized_intensity,86,0.14412082797701029
max_normalized_intensity,87,0.14574360583145726
max_normalized_intensity,88,0.14736361984707932
max_normalized_intensity,89,0.14898290262795646
max_normalized_intensity,90,0.150600759501081
max_normalized_intensity,91,0.15221699851733245
max_normalized_intensity,92,0.15382898723162905
max_normalized_intensity,93,0.15544037267726113
max_normalized_intensity,94,0.15705067955164442
max_normalized_intensity,95,0.15866098642602774
max_normalized_intensity,96,0.16027129330041107
max_normalized_intensity,97,0.16187944303229687
max_normalized_intensity,98,0.1634854356216852
max_normalized_intensity,99,0.16509034963982475
max_normalized_intensity,100,0.1666936458010912
max_normalized_intensity,101,0.16829478481986013
max_normalized_intensity,102,0.16989592383862906
max_normalized_intensity,103,0.17149436642927612
max_normalized_intensity,104,0.1730928090199232
max_normalized_intensity,105,0.17469125161057025
max_normalized_intensity,106,0.17628376205934917
max_normalized_intensity,107,0.17787627250812812
max_normalized_intensity,108,0.1794682436712827
max_normalized_intensity,109,0.18105515903170874
max_normalized_intensity,110,0.1826406587673708
max_normalized_intensity,111,0.1842234712153453
max_normalized_intensity,112,0.1858057352372611
max_normalized_intensity,113,0.18738799925917693
max_normalized_intensity,114,0.18897026328109273
max_normalized_intensity,115,0.1905492915892623
max_normalized_intensity,116,0.19212184846993935
max_normalized_intensity,117,0.19369332677936768
max_normalized_intensity,118,0.195264805088796
max_normalized_intensity,119,0.19683628339822432
max_normalized_intensity,120,0.19840776170765265
max_normalized_intensity,121,0.19997924001708098
max_normalized_intensity,122,0.2015474643318944
max_normalized_intensity,123,0.203113549785079
max_normalized_intensity,124,0.20467801738139046
max_normalized_intensity,125,0.20623924926395568
max_normalized_intensity,126,0.20779926775386603
max_normalized_intensity,127,0.2093588817795581
max_normalized_intensity,128,0.21091526009150394
max_normalized_intensity,129,0.21247163840344976
max_normalized_intensity,130,0.2140280167153956
max_normalized_intensity,131,0.21558205812296913
max_normalized_intensity,132,0.2171356943046215
max_normalized_intensity,133,0.2186888369028211
max_normalized_intensity,134,0.22023928307289878
max_normalized_intensity,135,0.2217859542436059
max_normalized_intensity,136,0.22333229635867777
max_normalized_intensity,137,0.22487737214274608
max_normalized_intensity,138,0.22641972902845817
max_normalized_intensity,139,0.22796208591417028
max_normalized_intensity,140,0.22950444279988236
max_normalized_intensity,141,0.23104679968559447
max_normalized_intensity,142,0.23258915657130655
max_normalized_intensity,143,0.23412935631452111
max_normalized_intensity,144,0.23566308463024319
max_normalized_intensity,145,0.23719620624963786
max_normalized_intensity,146,0.2387288559941112
max_normalized_intensity,147,0.24026150573858454
max_normalized_intensity,148,0.24179415548305785
max_normalized_intensity,149,0.2433268052275312
max_normalized_intensity,150,0.24485945497200454
max_normalized_intensity,151,0.24639120895391536
max_normalized_intensity,152,0.24791846584214491
max_normalized_intensity,153,0.24944140844537951
max_normalized_intensity,154,0.2509643510486141
max_normalized_intensity,155,0.2524872936518487
max_normalized_intensity,156,0.2540102362550833
max_normalized_intensity,157,0.25553317885831783
max_normalized_intensity,158,0.25705612146155243
max_normalized_intensity,159,0.2585769069222895
max_normalized_intensity,160,0.2600917602411585
max_normalized_intensity,161,0.26160661356002746
max_normalized_intensity,162,0.2631214668788965
max_normalized_intensity,163,0.264635780912141
max_normalized_intensity,164,0.26614565269431023
max_normalized_intensity,165,0.2676534953000623
max_normalized_intensity,166,0.2691570236208194
max_normalized_intensity,167,0.27066055194157645
max_normalized_intensity,168,0.2721640802623336
max_normalized_intensity,169,0.27366760858309064
max_normalized_intensity,170,0.2751711369038477
max_normalized_intensity,171,0.2766725080821073
max_normalized_intensity,172,0.2781674078328744
max_normalized_intensity,173,0.2796563754417734
max_normalized_intensity,174,0.2811453430506724
max_normalized_intensity,175,0.28263431065957134
max_normalized_intensity,176,0.28412327826847034
max_normalized_intensity,177,0.28561224587736933
max_normalized_intensity,178,0.28710121348626827
max_normalized_intensity,179,0.2885896418095429
max_normalized_intensity,180,0.290071598705325
max_normalized_intensity,181,0.2915492413161121
max_normalized_intensity,182,0.29302688392689924
max_normalized_intensity,183,0.29450236939518887
max_normalized_intensity,184,0.2959757708444554
max_normalized_intensity,185,0.29744478488525256
max_normalized_intensity,186,0.29890732749855714
max_normalized_intensity,187,0.30036825225498864
max_normalized_intensity,188,0.30182917701142015
max_normalized_intensity,189,0.30329010176785165
max_normalized_intensity,190,0.30475102652428315
max_normalized_intensity,191,0.30621195128071466
max_normalized_intensity,192,0.30767287603714616
max_normalized_intensity,193,0.30913380079357766
max_normalized_intensity,194,0.31059472555000917
max_normalized_intensity,195,0.31205565030644067
max_normalized_intensity,196,0.31351657506287217
max_normalized_intensity,197,0.3149774998193036
max_normalized_intensity,198,0.3164384245757351
max_normalized_intensity,199,0.3178993493321666
max_normalized_intensity,200,0.31935816264827216
max_normalized_intensity,201,0.3208165707384566
max_normalized_intensity,202,0.3222726419242687
max_normalized_intensity,203,0.3237241611737937
max_normalized_intensity,204,0.3251737609321133
max_normalized_intensity,205,0.3266168892629404
max_normalized_intensity,206,0.32805786045127
max_normalized_intensity,207,0.32949883163959964
max_normalized_intensity,208,0.3309398028279293
max_normalized_intensity,209,0.3323807740162589
max_normalized_intensity,210,0.3338217452045885
max_normalized_intensity,211,0.33526271639291816
max_normalized_intensity,212,0.3367036875812478
max_normalized_intensity,213,0.3381446587695774
max_normalized_intensity,214,0.33958562995790703
max_normalized_intensity,215,0.34102311825991255
max_normalized_intensity,216,0.3424600493762765
max_normalized_intensity,217,0.3438967062796111
max_normalized_intensity,218,0.3453268917554532
max_normalized_intensity,219,0.3467506058038028
max_normalized_intensity,220,0.34817315139996624
max_normalized_intensity,221,0.3495956969961297
max_normalized_intensity,222,0.3510129396169869
max_normalized_intensity,223,0.35242964295221957
max_normalized_intensity,224,0.35384634628745226
max_normalized_intensity,225,0.355263049622685
max_normalized_intensity,226,0.3566797529579177
max_normalized_intensity,227,0.35809645629315046
max_normalized_intensity,228,0.35951315962838315
max_normalized_intensity,229,0.3609298629636159
max_normalized_intensity,230,0.3623465662988486
max_normalized_intensity,231,0.36376326963408134
max_normalized_intensity,232,0.36517997296931404
max_normalized_intensity,233,0.3665966763045468
max_normalized_intensity,234,0.3680133796397795
max_normalized_intensity,235,0.36943008297501223
max_normalized_intensity,236,0.3708467863102449
max_normalized_intensity,237,0.3722634896454777
max_normalized_intensity,238,0.3736785385621
max_normalized_intensity,239,0.3750893097554646
max_normalized_intensity,240,0.3764939241046177
max_normalized_intensity,241,0.37789822387048977
max_normalized_intensity,242,0.3792960522088694
max_normalized_intensity,243,0.3806892189257502
max_normalized_intensity,244,0.3820805758366373
max_normalized_intensity,245,0.3834672589387798
max_normalized_intensity,246,0.38485214442217447
max_normalized_intensity,247,0.3862343334774472
max_normalized_intensity,248,0.38761652253271994
max_normalized_intensity,249,0.3889987115879927
max_normalized_intensity,250,0.3903809006432654
max_normalized_intensity,251,0.3917630896985382
max_normalized_intensity,252,0.3931452787538109
max_normalized_intensity,253,0.39452746780908365
max_normalized_intensity,254,0.3959096568643564
max_normalized_intensity,255,0.3972918459196291
max_normalized_intensity,256,0.3986740349749019
max_normalized_intensity,257,0.40005622403017466
max_normalized_intensity,258,0.40143841308544737
max_normalized_intensity,259,0.4028169916691671
max_normalized_intensity,260,0.40419540572506923
max_normalized_intensity,261,0.40556734835347885
max_normalized_intensity,262,0.40693863287061804
max_normalized_intensity,263,0.40830410407153517
max_normalized_intensity,264,0.4096631038449598
max_normalized_intensity,265,0.41101563219089193
max_normalized_intensity,266,0.4123616891093315
max_normalized_intensity,267,0.41370774602777116
max_normalized_intensity,268,0.41505380294621075
max_normalized_intensity,269,0.4163998598646504
max_normalized_intensity,270,0.41774591678309
max_normalized_intensity,271,0.4190919737015296
max_normalized_intensity,272,0.4204380306199692
max_normalized_intensity,273,0.42178408753840885
max_normalized_intensity,274,0.42313014445684843
max_normalized_intensity,275,0.4244762013752881
max_normalized_intensity,276,0.42582225829372766
max_normalized_intensity,277,0.4271683152121673
max_normalized_intensity,278,0.4285143721306069
max_normalized_intensity,279,0.42986042904904653
max_normalized_intensity,280,0.4312064859674861
max_normalized_intensity,281,0.43255254288592576
max_normalized_intensity,282,0.43389859980436535
max_normalized_intensity,283,0.435244656722805
max_normalized_intensity,284,0.4365907136412446
max_normalized_intensity,285,0.4379367705596842
max_normalized_intensity,286,0.4392763560506313
max_normalized_intensity,287,0.4406122339529109
max_normalized_intensity,288,0.4419481118551904
max_normalized_intensity,289,0.443281225918645
max_normalized_intensity,290,0.4446078685546071
max_normalized_intensity,291,0.44592534333495487
max_normalized_intensity,292,0.44724281811530264
max_normalized_intensity,293,0.4485602928956504
max_normalized_intensity,294,0.4498777676759982
max_normalized_intensity,295,0.45119524245634596
max_normalized_intensity,296,0.45251271723669373
max_normalized_intensity,297,0.4538301920170415
max_normalized_intensity,298,0.45514766679738927
max_normalized_intensity,299,0.4564651415777371
max_normalized_intensity,300,0.45778261635808487
max_normalized_intensity,301,0.45910009113843264
max_normalized_intensity,302,0.4604137909194097
max_normalized_intensity,303,0.4617227719511736
max_normalized_intensity,304,0.46303175298293753
max_normalized_intensity,305,0.4643389813364221
max_normalized_intensity,306,0.46564461925433653
max_normalized_intensity,307,0.4669475333228262
max_normalized_intensity,308,0.4682504473913159
max_normalized_intensity,309,0.46955336145980553
max_normalized_intensity,310,0.47085627552829523
max_normalized_intensity,311,0.4721570324542873
max_normalized_intensity,312,0.47345401438090884
max_normalized_intensity,313,0.47475099630753037
max_normalized_intensity,314,0.47604528180602995
max_normalized_intensity,315,0.4773374101620321
max_normalized_intensity,316,0.47862953851803425
max_normalized_intensity,317,0.47992166687403637
max_normalized_intensity,318,0.4812137952300385
max_normalized_intensity,319,0.4825048450147919
max_normalized_intensity,320,0.4837926590857991
max_normalized_intensity,321,0.48507831601430873
max_normalized_intensity,322,0.48636397294281836
max_normalized_intensity,323,0.487649629871328
max_normalized_intensity,324,0.4889352867998376
max_normalized_intensity,325,0.49022094372834724
max_normalized_intensity,326,0.4915012078006131
max_normalized_intensity,327,0.49278147187287896
max_normalized_intensity,328,0.4940605674929587
max_normalized_intensity,329,0.4953354387089809
max_normalized_intensity,330,0.49660923135375423
max_normalized_intensity,331,0.49787817042790833
max_normalized_intensity,332,0.49914710950206237
max_normalized_intensity,333,0.5004155092905921
max_normalized_intensity,334,0.5016795947941267
max_normalized_intensity,335,0.5029436802976613
max_normalized_intensity,336,0.504207765801196
max_normalized_intensity,337,0.5054696941622332
max_normalized_intensity,338,0.506726768952651
max_normalized_intensity,339,0.5079838437430688
max_normalized_intensity,340,0.5092409185334865
max_normalized_intensity,341,0.5104979933239043
max_normalized_intensity,342,0.511753450257449
max_normalized_intensity,343,0.5130086375481816
max_normalized_intensity,344,0.5142587016254825
max_normalized_intensity,345,0.5155087657027834
max_normalized_intensity,346,0.5167577512088356
max_normalized_intensity,347,0.5180024224298927
max_normalized_intensity,348,0.5192470936509499
max_normalized_intensity,349,0.520491764872007
max_normalized_intensity,350,0.5217364360930642
max_normalized_intensity,351,0.5229789501716239
max_normalized_intensity,352,0.5242176892508129
max_normalized_intensity,353,0.5254564283300018
max_normalized_intensity,354,0.5266951674091909
max_normalized_intensity,355,0.5279312100602581
max_normalized_intensity,356,0.5291656348544521
max_normalized_intensity,357,0.5303957453636512
max_normalized_intensity,358,0.5316258558728503
max_normalized_intensity,359,0.5328559663820492
max_normalized_intensity,360,0.5340855376056239
max_normalized_intensity,361,0.5353102552585792
max_normalized_intensity,362,0.5365349729115345
max_normalized_intensity,363,0.5377580727076167
max_normalized_intensity,364,0.5389761818265648
max_normalized_intensity,365,0.5401938887664032
max_normalized_intensity,366,0.5414115957062416
max_normalized_intensity,367,0.54262930264608
max_normalized_intensity,368,0.5438470095859184
max_normalized_intensity,369,0.5450647165257568
max_normalized_intensity,370,0.5462813448943465
max_normalized_intensity,371,0.5474946926087212
max_normalized_intensity,372,0.5487053888354427
max_normalized_intensity,373,0.5499155457765399
max_normalized_intensity,374,0.5511197705757689
max_normalized_intensity,375,0.552323995374998
max_normalized_intensity,376,0.553528220174227
max_normalized_intensity,377,0.5547324449734561
max_normalized_intensity,378,0.5559366697726851
max_normalized_intensity,379,0.5571408945719141
max_normalized_intensity,380,0.5583381086580262
max_normalized_intensity,381,0.5595343355772329
max_normalized_intensity,382,0.5607288532352231
max_normalized_intensity,383,0.5619233708932135
max_normalized_intensity,384,0.5631178885512038
max_normalized_intensity,385,0.5643124062091941
max_normalized_intensity,386,0.5655069238671845
max_normalized_intensity,387,0.5666976665258041
max_normalized_intensity,388,0.5678871059108316
max_normalized_intensity,389,0.569076545295859
max_normalized_intensity,390,0.5702608165269862
max_normalized_intensity,391,0.5714450877581134
max_normalized_intensity,392,0.5726293589892405
max_normalized_intensity,393,0.5738136302203677
max_normalized_intensity,394,0.5749979014514949
max_normalized_intensity,395,0.5761821726826221
max_normalized_intensity,396,0.5773599724862567
max_normalized_intensity,397,0.5785356151473939
max_normalized_intensity,398,0.579711257808531
max_normalized_intensity,399,0.5808869004696683
max_normalized_intensity,400,0.5820582288458105
max_normalized_intensity,401,0.5832247036513332
max_normalized_intensity,402,0.584391178456856
max_normalized_intensity,403,0.5855576532623787
max_normalized_intensity,404,0.5867241280679015
max_normalized_intensity,405,0.5878906028734242
max_normalized_intensity,406,0.5890554598220739
max_normalized_intensity,407,0.5902180023365856
max_normalized_intensity,408,0.5913805448510974
max_normalized_intensity,409,0.5925430873656091
max_normalized_intensity,410,0.5937014728867663
max_normalized_intensity,411,0.5948593191222991
max_normalized_intensity,412,0.5960112332159637
max_normalized_intensity,413,0.5971615294527554
max_normalized_intensity,414,0.5983118256895469
max_normalized_intensity,415,0.5994621219263384
max_normalized_intensity,416,0.6006124181631299
max_normalized_intensity,417,0.6017578608293022
max_normalized_intensity,418,0.6028989892104794
max_normalized_intensity,419,0.6040401175916565
max_normalized_intensity,420,0.6051812459728337
max_normalized_intensity,421,0.606322374354011
max_normalized_intensity,422,0.6074613455926906
max_normalized_intensity,423,0.608599219979253
max_normalized_intensity,424,0.6097333376473133
max_normalized_intensity,425,0.6108674553153737
max_normalized_intensity,426,0.6119999551265608
max_normalized_intensity,427,0.6131276013671287
max_normalized_intensity,428,0.6142552476076966
max_normalized_intensity,429,0.6153828938482644
max_normalized_intensity,430,0.6165089222319591
max_normalized_intensity,431,0.6176322084853603
max_normalized_intensity,432,0.6187517654415624
max_normalized_intensity,433,0.6198686259696427
max_normalized_intensity,434,0.620985486497723
max_normalized_intensity,435,0.6221023470258034
max_normalized_intensity,436,0.6232192075538836
max_normalized_intensity,437,0.624336068081964
max_normalized_intensity,438,0.6254529286100442
max_normalized_intensity,439,0.6265697891381246
max_normalized_intensity,440,0.6276828746668343
max_normalized_intensity,441,0.6287894887680515
max_normalized_intensity,442,0.6298950242980199
max_normalized_intensity,443,0.6310005598279883
max_normalized_intensity,444,0.6321060953579568
max_normalized_intensity,445,0.6332116308879252
max_normalized_intensity,446,0.6343171664178936
max_normalized_intensity,447,0.635422701947862
max_normalized_intensity,448,0.6365228446215867
max_normalized_intensity,449,0.637616515867819
max_normalized_intensity,450,0.6387096478284269
max_normalized_intensity,451,0.6398027797890347
max_normalized_intensity,452,0.6408959117496426
max_normalized_intensity,453,0.6419890437102505
max_normalized_intensity,454,0.6430821756708583
max_normalized_intensity,455,0.6441753076314661
max_normalized_intensity,456,0.645268439592074
max_normalized_intensity,457,0.6463615715526819
max_normalized_intensity,458,0.6474547035132898
max_normalized_intensity,459,0.6485478354738976
max_normalized_intensity,460,0.6496350352926374
max_normalized_intensity,461,0.6507189993976308
max_normalized_intensity,462,0.6518029635026242
max_normalized_intensity,463,0.6528836918938715
max_normalized_intensity,464,0.6539617238569968
max_normalized_intensity,465,0.6550397558201221
max_normalized_intensity,466,0.6561177877832474
max_normalized_intensity,467,0.6571920447470021
max_normalized_intensity,468,0.6582603695688887
max_normalized_intensity,469,0.6593286943907753
max_normalized_intensity,470,0.6603970192126619
max_normalized_intensity,471,0.6614653440345485
max_normalized_intensity,472,0.6625331295708107
max_normalized_intensity,473,0.6635980632915678
max_normalized_intensity,474,0.6646593774003374
max_normalized_intensity,475,0.6657179950809853
max_normalized_intensity,476,0.666776612761633
max_normalized_intensity,477,0.6678352304422809
max_normalized_intensity,478,0.6688938481229286
max_normalized_intensity,479,0.6699486908042058
max_normalized_intensity,480,0.6709986799148637
max_normalized_intensity,481,0.6720486690255215
max_normalized_intensity,482,0.6730986581361793
max_normalized_intensity,483,0.6741470293899641
max_normalized_intensity,484,0.6751894685018807
max_normalized_intensity,485,0.6762313683281729
max_normalized_intensity,486,0.6772683921136113
max_normalized_intensity,487,0.6783054158990498
max_normalized_intensity,488,0.6793413835834738
max_normalized_intensity,489,0.680377351267898
max_normalized_intensity,490,0.6814127796666977
max_normalized_intensity,491,0.6824417366380049
max_normalized_intensity,492,0.6834701543236877
max_normalized_intensity,493,0.6844985720093706
max_normalized_intensity,494,0.6855269896950534
max_normalized_intensity,495,0.6865554073807363
max_normalized_intensity,496,0.6875838250664191
max_normalized_intensity,497,0.6886063106102339
max_normalized_intensity,498,0.6896244818690536
max_normalized_intensity,499,0.6906426531278732
max_normalized_intensity,500,0.691660824386693
max_normalized_intensity,501,0.6926789956455126
max_normalized_intensity,502,0.6936950097618348
max_normalized_intensity,503,0.6947045524506645
max_normalized_intensity,504,0.6957113987113724
max_normalized_intensity,505,0.6967182449720802
max_normalized_intensity,506,0.6977250912327881
max_normalized_intensity,507,0.698731937493496
max_normalized_intensity,508,0.699738783754204
max_normalized_intensity,509,0.7007456300149117
max_normalized_intensity,510,0.701748701276249
max_normalized_intensity,511,0.7027453011100937
max_normalized_intensity,512,0.7037392045158166
max_normalized_intensity,513,0.7047331079215394
max_normalized_intensity,514,0.7057270113272623
max_normalized_intensity,515,0.7067209147329852
max_normalized_intensity,516,0.7077148181387081
max_normalized_intensity,517,0.708708721544431
max_normalized_intensity,518,0.7097026249501538
max_normalized_intensity,519,0.7106965283558767
max_normalized_intensity,520,0.7116904317615995
max_normalized_intensity,521,0.7126805601679518
max_normalized_intensity,522,0.7136642171468115
max_normalized_intensity,523,0.7146435598406763
max_normalized_intensity,524,0.715622902534541
max_normalized_intensity,525,0.7166022452284058
max_normalized_intensity,526,0.7175794307797729
max_normalized_intensity,527,0.7185501449036477
max_normalized_intensity,528,0.7195181625994005
max_normalized_intensity,529,0.7204861802951534
max_normalized_intensity,530,0.7214541979909063
max_normalized_intensity,531,0.7224222156866591
max_normalized_intensity,532,0.7233864583830413
max_normalized_intensity,533,0.724344229651931
max_normalized_intensity,534,0.7253020009208208
max_normalized_intensity,535,0.7262597721897104
max_normalized_intensity,536,0.7272175434586001
max_normalized_intensity,537,0.7281753147274898
max_normalized_intensity,538,0.7291330859963795
max_normalized_intensity,539,0.7300908572652692
max_normalized_intensity,540,0.7310486285341589
max_normalized_intensity,541,0.7320063998030486
max_normalized_intensity,542,0.7329597444357716
max_normalized_intensity,543,0.7339110442771688
max_normalized_intensity,544,0.7348558726910736
max_normalized_intensity,545,0.7357980046768564
max_normalized_intensity,546,0.7367401366626393
max_normalized_intensity,547,0.7376822686484221
max_normalized_intensity,548,0.738624400634205
max_normalized_intensity,549,0.7395665326199878
max_normalized_intensity,550,0.7405086646057707
max_normalized_intensity,551,0.7414507965915536
max_normalized_intensity,552,0.7423929285773364
max_normalized_intensity,553,0.7433350605631193
max_normalized_intensity,554,0.7442771925489021
max_normalized_intensity,555,0.745219324534685
max_normalized_intensity,556,0.7461614565204678
max_normalized_intensity,557,0.7470998135068802
max_normalized_intensity,558,0.7480316990657999
max_normalized_intensity,559,0.7489580455215269
max_normalized_intensity,560,0.7498834596529542
max_normalized_intensity,561,0.7508050987850108
max_normalized_intensity,562,0.7517267379170675
max_normalized_intensity,563,0.752648377049124
max_normalized_intensity,564,0.7535700161811807
max_normalized_intensity,565,0.7544916553132373
max_normalized_intensity,566,0.7554132944452939
max_normalized_intensity,567,0.7563349335773505
max_normalized_intensity,568,0.7572565727094072
max_normalized_intensity,569,0.7581782118414637
max_normalized_intensity,570,0.7590971545453985
max_normalized_intensity,571,0.7600096258218408
max_normalized_intensity,572,0.7609213841444068
max_normalized_intensity,573,0.7618290018502296
max_normalized_intensity,574,0.7627366195560525
max_normalized_intensity,575,0.7636442372618755
max_normalized_intensity,576,0.7645518549676983
max_normalized_intensity,577,0.7654578548166481
max_normalized_intensity,578,0.7663573832381053
max_normalized_intensity,579,0.7672558330883139
max_normalized_intensity,580,0.7681542829385224
max_normalized_intensity,581,0.769052732788731
max_normalized_intensity,582,0.7699463065980858
max_normalized_intensity,583,0.7708398804074406
max_normalized_intensity,584,0.7717329374014054
max_normalized_intensity,585,0.7726195229678776
max_normalized_intensity,586,0.7735023335349792
max_normalized_intensity,587,0.7743851441020808
max_normalized_intensity,588,0.7752679546691824
max_normalized_intensity,589,0.776150765236284
max_normalized_intensity,590,0.7770335758033856
max_normalized_intensity,591,0.7779163863704872
max_normalized_intensity,592,0.7787991969375888
max_normalized_intensity,593,0.7796820075046904
max_normalized_intensity,594,0.7805621216436702
max_normalized_intensity,595,0.7814374096333335
max_normalized_intensity,596,0.7823110523448208
max_normalized_intensity,597,0.7831782236288156
max_normalized_intensity,598,0.7840453949128103
max_normalized_intensity,599,0.784912566196805
max_normalized_intensity,600,0.7857797374807999
max_normalized_intensity,601,0.7866469087647946
max_normalized_intensity,602,0.7875076086212969
max_normalized_intensity,603,0.7883683084777992
max_normalized_intensity,604,0.7892225369068089
max_normalized_intensity,605,0.7900767653358187
max_normalized_intensity,606,0.7909309937648284
max_normalized_intensity,607,0.7917852221938382
max_normalized_intensity,608,0.792639450622848
max_normalized_intensity,609,0.7934936790518577
max_normalized_intensity,610,0.7943479074808675
max_normalized_intensity,611,0.7952021359098773
max_normalized_intensity,612,0.7960498929113945
max_normalized_intensity,613,0.7968911784854192
max_normalized_intensity,614,0.7977303069169466
max_normalized_intensity,615,0.7985694353484739
max_normalized_intensity,616,0.7994085637800011
max_normalized_intensity,617,0.8002476922115285
max_normalized_intensity,618,0.8010868206430557
max_normalized_intensity,619,0.801925949074583
max_normalized_intensity,620,0.8027650775061104
max_normalized_intensity,621,0.8036042059376376
max_normalized_intensity,622,0.8044390200841699
max_normalized_intensity,623,0.8052673628032097
max_normalized_intensity,624,0.8060892340947569
max_normalized_intensity,625,0.8069078696725579
max_normalized_intensity,626,0.8077265052503589
max_normalized_intensity,627,0.8085451408281601
max_normalized_intensity,628,0.8093637764059611
max_normalized_intensity,629,0.8101824119837622
max_normalized_intensity,630,0.8110010475615632
max_normalized_intensity,631,0.8118196831393643
max_normalized_intensity,632,0.8126383187171653
max_normalized_intensity,633,0.8134569542949663
max_normalized_intensity,634,0.8142755898727674
max_normalized_intensity,635,0.8150942254505684
max_normalized_intensity,636,0.8159128610283695
max_normalized_intensity,637,0.8167287327673456
max_normalized_intensity,638,0.8175441326314004
max_normalized_intensity,639,0.8183530610679626
max_normalized_intensity,640,0.8191555180770324
max_normalized_intensity,641,0.8199515036586096
max_normalized_intensity,642,0.8207474892401868
max_normalized_intensity,643,0.821543474821764
max_normalized_intensity,644,0.8223394604033413
max_normalized_intensity,645,0.8231354459849185
max_normalized_intensity,646,0.8239314315664958
max_normalized_intensity,647,0.8247209457205805
max_normalized_intensity,648,0.8255039884471728
max_normalized_intensity,649,0.826281099031897
max_normalized_intensity,650,0.8270582096166212
max_normalized_intensity,651,0.8278353202013454
max_normalized_intensity,652,0.8286124307860696
max_normalized_intensity,653,0.8293895413707938
max_normalized_intensity,654,0.8301661126698936
max_normalized_intensity,655,0.8309392837274294
max_normalized_intensity,656,0.8317093835990368
max_normalized_intensity,657,0.8324730120431516
max_normalized_intensity,658,0.8332334047735201
max_normalized_intensity,659,0.8339937975038887
max_normalized_intensity,660,0.8347541902342572
max_normalized_intensity,661,0.8355145829646258
max_normalized_intensity,662,0.8362749756949943
max_normalized_intensity,663,0.8370353684253629
max_normalized_intensity,664,0.8377957611557314
max_normalized_intensity,665,0.8385561538860999
max_normalized_intensity,666,0.8393133109027222
max_normalized_intensity,667,0.840063996491852
max_normalized_intensity,668,0.84081198565286
max_normalized_intensity,669,0.8415599748138679
max_normalized_intensity,670,0.8423079639748757
max_normalized_intensity,671,0.8430559531358837
max_normalized_intensity,672,0.8438039422968916
max_normalized_intensity,673,0.8445481564585289
max_normalized_intensity,674,0.8452858991926737
max_normalized_intensity,675,0.8460214847843209
max_normalized_intensity,676,0.8467570703759683
max_normalized_intensity,677,0.8474926559676155
max_normalized_intensity,678,0.8482282415592628
max_normalized_intensity,679,0.84896382715091
max_normalized_intensity,680,0.8496994127425573
max_normalized_intensity,681,0.8504349983342046
max_normalized_intensity,682,0.8511705839258518
max_normalized_intensity,683,0.8519061695174991
max_normalized_intensity,684,0.8526374408241514
max_normalized_intensity,685,0.8533622407033112
max_normalized_intensity,686,0.8540824791248982
max_normalized_intensity,687,0.8548027175464851
max_normalized_intensity,688,0.8555210459981525
max_normalized_intensity,689,0.8562372173073223
max_normalized_intensity,690,0.8569533886164922
max_normalized_intensity,691,0.857669559925662
max_normalized_intensity,692,0.8583857312348319
max_normalized_intensity,693,0.8591019025440018
max_normalized_intensity,694,0.8598180738531715
max_normalized_intensity,695,0.8605342451623414
max_normalized_intensity,696,0.8612504164715112
max_normalized_intensity,697,0.8619665877806811
max_normalized_intensity,698,0.8626827590898509
max_normalized_intensity,699,0.8633946161140258
max_normalized_intensity,700,0.8641000017107081
max_normalized_intensity,701,0.8647989158798979
max_normalized_intensity,702,0.8654913586215952
max_normalized_intensity,703,0.8661811049351708
max_normalized_intensity,704,0.8668708512487462
max_normalized_intensity,705,0.8675605975623216
max_normalized_intensity,706,0.8682503438758972
max_normalized_intensity,707,0.8689400901894726
max_normalized_intensity,708,0.8696298365030481
max_normalized_intensity,709,0.8703195828166236
max_normalized_intensity,710,0.871009329130199
max_normalized_intensity,711,0.8716953004444039
max_normalized_intensity,712,0.8723748003311161
max_normalized_intensity,713,0.873047828790336
max_normalized_intensity,714,0.8737143858220633
max_normalized_intensity,715,0.8743793249969175
max_normalized_intensity,716,0.8750442641717717
max_normalized_intensity,717,0.8757092033466259
max_normalized_intensity,718,0.8763741425214802
max_normalized_intensity,719,0.8770390816963343
max_normalized_intensity,720,0.8777040208711885
max_normalized_intensity,721,0.8783689600460427
max_normalized_intensity,722,0.8790338992208969
max_normalized_intensity,723,0.8796939848251317
max_normalized_intensity,724,0.8803475990018741
max_normalized_intensity,725,0.8809947417511238
max_normalized_intensity,726,0.8816391880722517
max_normalized_intensity,727,0.8822836343933796
max_normalized_intensity,728,0.8829280807145077
max_normalized_intensity,729,0.8835725270356356
max_normalized_intensity,730,0.8842169733567635
max_normalized_intensity,731,0.8848614196778916
max_normalized_intensity,732,0.8855058659990195
max_normalized_intensity,733,0.8861503123201474
max_normalized_intensity,734,0.8867947586412754
max_normalized_intensity,735,0.8874392049624034
max_normalized_intensity,736,0.8880798762841607
max_normalized_intensity,737,0.8887140761784256
max_normalized_intensity,738,0.889341804645198
max_normalized_intensity,739,0.8899684545407216
max_normalized_intensity,740,0.8905951044362452
max_normalized_intensity,741,0.891221754331769
max_normalized_intensity,742,0.8918430113710487
max_normalized_intensity,743,0.8924577969828361
max_normalized_intensity,744,0.8930704985756004
max_normalized_intensity,745,0.8936788127598951
max_normalized_intensity,746,0.8942838912304437
max_normalized_intensity,747,0.8948889697009923
max_normalized_intensity,748,0.8954940481715409
max_normalized_intensity,749,0.8960991266420895
max_normalized_intensity,750,0.896704205112638
max_normalized_intensity,751,0.8973092835831866
max_normalized_intensity,752,0.8979143620537353
max_normalized_intensity,753,0.8985194405242839
max_normalized_intensity,754,0.8991245189948325
max_normalized_intensity,755,0.8997295974653811
max_normalized_intensity,756,0.9003346759359296
max_normalized_intensity,757,0.9009397544064782
max_normalized_intensity,758,0.9015415971632805
max_normalized_intensity,759,0.9021369684925904
max_normalized_intensity,760,0.9027258683944077
max_normalized_intensity,761,0.90330939372085
max_normalized_intensity,762,0.9038918221951747
max_normalized_intensity,763,0.9044731720982507
max_normalized_intensity,764,0.9050545220013269
max_normalized_intensity,765,0.9056358719044029
max_normalized_intensity,766,0.9062172218074789
max_normalized_intensity,767,0.906798571710555
max_normalized_intensity,768,0.907379921613631
max_normalized_intensity,769,0.907961271516707
max_normalized_intensity,770,0.9085372285635395
max_normalized_intensity,771,0.9091067141828792
max_normalized_intensity,772,0.9096697283747266
max_normalized_intensity,773,0.9102313715014271
max_normalized_intensity,774,0.9107879142657819
max_normalized_intensity,775,0.9113412213163905
max_normalized_intensity,776,0.911894528366999
max_normalized_intensity,777,0.9124478354176077
max_normalized_intensity,778,0.9130011424682162
max_normalized_intensity,779,0.9135544495188248
max_normalized_intensity,780,0.9141077565694333
max_normalized_intensity,781,0.9146610636200418
max_normalized_intensity,782,0.9152143706706505
max_normalized_intensity,783,0.915767677721259
max_normalized_intensity,784,0.9163209847718676
max_normalized_intensity,785,0.9168742918224762
max_normalized_intensity,786,0.9174275988730848
max_normalized_intensity,787,0.9179776702099471
max_normalized_intensity,788,0.918521270119317
max_normalized_intensity,789,0.9190583986011942
max_normalized_intensity,790,0.9195908654615728
max_normalized_intensity,791,0.9201215225159576
max_normalized_intensity,792,0.9206457081428499
max_normalized_intensity,793,0.9211687028473218
max_normalized_intensity,794,0.9216916975517937
max_normalized_intensity,795,0.9222146922562655
max_normalized_intensity,796,0.9227334850269142
max_normalized_intensity,797,0.9232522777975629
max_normalized_intensity,798,0.9237710705682116
max_normalized_intensity,799,0.9242898633388603
max_normalized_intensity,800,0.924808656109509
max_normalized_intensity,801,0.9253274488801577
max_normalized_intensity,802,0.9258462416508064
max_normalized_intensity,803,0.9263650344214551
max_normalized_intensity,804,0.9268838271921037
max_normalized_intensity,805,0.9274026199627524
max_normalized_intensity,806,0.9279214127334011
max_normalized_intensity,807,0.928439126932801
max_normalized_intensity,808,0.9289503697047082
max_normalized_intensity,809,0.9294551410491232
max_normalized_intensity,810,0.9299534409660456
max_normalized_intensity,811,0.9304452694554756
max_normalized_intensity,812,0.9309370979449054
max_normalized_intensity,813,0.9314289264343354
max_normalized_intensity,814,0.9319207549237654
max_normalized_intensity,815,0.9324125834131953
max_normalized_intensity,816,0.9329044119026253
max_normalized_intensity,817,0.9333962403920553
max_normalized_intensity,818,0.9338880688814851
max_normalized_intensity,819,0.9343798973709151
max_normalized_intensity,820,0.9348652544328525
max_normalized_intensity,821,0.9353441400672974
max_normalized_intensity,822,0.9358165542742498
max_normalized_intensity,823,0.9362846541962072
max_normalized_intensity,824,0.9367527541181646
max_normalized_intensity,825,0.937220854040122
max_normalized_intensity,826,0.9376889539620794
max_normalized_intensity,827,0.9381570538840368
max_normalized_intensity,828,0.9386251538059942
max_normalized_intensity,829,0.9390932537279516
max_normalized_intensity,830,0.939561353649909
max_normalized_intensity,831,0.9400294535718664
max_normalized_intensity,832,0.9404975534938239
max_normalized_intensity,833,0.9409656534157813
max_normalized_intensity,834,0.9414315961952412
max_normalized_intensity,835,0.9418910675472085
max_normalized_intensity,836,0.9423440674716835
max_normalized_intensity,837,0.9427905959686659
max_normalized_intensity,838,0.9432317316094045
max_normalized_intensity,839,0.9436728672501432
max_normalized_intensity,840,0.9441140028908819
max_normalized_intensity,841,0.9445551385316205
max_normalized_intensity,842,0.9449962741723592
max_normalized_intensity,843,0.9454374098130979
max_normalized_intensity,844,0.9458785454538365
max_normalized_intensity,845,0.9463196810945752
max_normalized_intensity,846,0.9467608167353139
max_normalized_intensity,847,0.9472019523760525
max_normalized_intensity,848,0.9476430880167912
max_normalized_intensity,849,0.9480831450862811
max_normalized_intensity,850,0.9485167307282785
max_normalized_intensity,851,0.9489438449427834
max_normalized_intensity,852,0.9493682177886977
max_normalized_intensity,853,0.9497925906346122
max_normalized_intensity,854,0.9502156464962827
max_normalized_intensity,855,0.950636289283295
max_normalized_intensity,856,0.951050460642815
max_normalized_intensity,857,0.9514640927167105
max_normalized_intensity,858,0.9518777247906061
max_normalized_intensity,859,0.9522913568645016
max_normalized_intensity,860,0.9527049889383972
max_normalized_intensity,861,0.9531186210122927
max_normalized_intensity,862,0.9535322530861883
max_normalized_intensity,863,0.9539458851600838
max_normalized_intensity,864,0.9543595172339795
max_normalized_intensity,865,0.954773149307875
max_normalized_intensity,866,0.9551867813817706
max_normalized_intensity,867,0.9556004134556662
max_normalized_intensity,868,0.9560140455295617
max_normalized_intensity,869,0.956421745461589
max_normalized_intensity,870,0.9568229739661239
max_normalized_intensity,871,0.9572177310431662
max_normalized_intensity,872,0.9576060166927162
max_normalized_intensity,873,0.9579937630566417
max_normalized_intensity,874,0.9583815094205673
max_normalized_intensity,875,0.9587692557844928
max_normalized_intensity,876,0.9591570021484184
max_normalized_intensity,877,0.959544748512344
max_normalized_intensity,878,0.9599324948762695
max_normalized_intensity,879,0.960320241240195
max_normalized_intensity,880,0.9607079876041206
max_normalized_intensity,881,0.9610898018261779
max_normalized_intensity,882,0.9614651446207428
max_normalized_intensity,883,0.9618340159878151
max_normalized_intensity,884,0.9621969552130194
max_normalized_intensity,885,0.9625598944382237
max_normalized_intensity,886,0.962922833663428
max_normalized_intensity,887,0.9632857728886323
max_normalized_intensity,888,0.9636487121138365
max_normalized_intensity,889,0.9640111120534164
max_normalized_intensity,890,0.9643670405655037
max_normalized_intensity,891,0.9647164976500987
max_normalized_intensity,892,0.9650594833072011
max_normalized_intensity,893,0.9653981546793086
max_normalized_intensity,894,0.9657368260514159
max_normalized_intensity,895,0.9660754974235233
max_normalized_intensity,896,0.9664141687956307
max_normalized_intensity,897,0.966752840167738
max_normalized_intensity,898,0.9670915115398454
max_normalized_intensity,899,0.9674301829119528
max_normalized_intensity,900,0.9677688542840601
max_normalized_intensity,901,0.9681075256561675
max_normalized_intensity,902,0.9684461970282748
max_normalized_intensity,903,0.9687848684003822
max_normalized_intensity,904,0.9691213826299921
max_normalized_intensity,905,0.9694514254321096
max_normalized_intensity,906,0.9697749968067345
max_normalized_intensity,907,0.9700920967538671
max_normalized_intensity,908,0.9704057416168298
max_normalized_intensity,909,0.9707169094220941
max_normalized_intensity,910,0.9710280772273583
max_normalized_intensity,911,0.9713392450326226
max_normalized_intensity,912,0.9716504128378869
max_normalized_intensity,913,0.9719615806431511
max_normalized_intensity,914,0.9722727484484154
max_normalized_intensity,915,0.9725839162536797
max_normalized_intensity,916,0.9728950840589439
max_normalized_intensity,917,0.9732057125785838
max_normalized_intensity,918,0.9735120633749659
max_normalized_intensity,919,0.9738162204671134
max_normalized_intensity,920,0.9741139061317683
max_normalized_intensity,921,0.9744056687949894
max_normalized_intensity,922,0.9746968830321519
max_normalized_intensity,923,0.9749843222699436
max_normalized_intensity,924,0.9752717615077353
max_normalized_intensity,925,0.975559200745527
max_normalized_intensity,926,0.9758466399833188
max_normalized_intensity,927,0.9761340792211105
max_normalized_intensity,928,0.9764215184589022
max_normalized_intensity,929,0.9767084184110696
max_normalized_intensity,930,0.9769953183632369
max_normalized_intensity,931,0.9772822183154043
max_normalized_intensity,932,0.9775691182675716
max_normalized_intensity,933,0.977856018219739
max_normalized_intensity,934,0.9781429181719064
max_normalized_intensity,935,0.9784276609815763
max_normalized_intensity,936,0.9787059323637537
max_normalized_intensity,937,0.9789777323184387
max_normalized_intensity,938,0.9792436001312554
max_normalized_intensity,939,0.9795094679440723
max_normalized_intensity,940,0.9797753357568891
max_normalized_intensity,941,0.980041203569706
max_normalized_intensity,942,0.9803070713825228
max_normalized_intensity,943,0.9805729391953397
max_normalized_intensity,944,0.9808388070081565
max_normalized_intensity,945,0.9811046748209734
max_normalized_intensity,946,0.9813705426337902
max_normalized_intensity,947,0.9816358711609827
max_normalized_intensity,948,0.9818947282606826
max_normalized_intensity,949,0.9821471139328901
max_normalized_intensity,950,0.982393028177605
max_normalized_intensity,951,0.9826335495660762
max_normalized_intensity,952,0.9828740709545474
max_normalized_intensity,953,0.9831145923430186
max_normalized_intensity,954,0.9833551137314898
max_normalized_intensity,955,0.983595635119961
max_normalized_intensity,956,0.9838361565084321
max_normalized_intensity,957,0.9840766778969035
max_normalized_intensity,958,0.9843171992853746
max_normalized_intensity,959,0.9845577206738458
max_normalized_intensity,960,0.9847971634910683
max_normalized_intensity,961,0.9850301348807982
max_normalized_intensity,962,0.9852566348430356
max_normalized_intensity,963,0.9854766633777805
max_normalized_intensity,964,0.9856923776275305
max_normalized_intensity,965,0.9859080918772803
max_normalized_intensity,966,0.9861238061270303
max_normalized_intensity,967,0.9863395203767802
max_normalized_intensity,968,0.9865552346265302
max_normalized_intensity,969,0.9867709488762801
max_normalized_intensity,970,0.98698666312603
max_normalized_intensity,971,0.98720237737578
max_normalized_intensity,972,0.9874180916255298
max_normalized_intensity,973,0.9876338058752798
max_normalized_intensity,974,0.9878495201250298
max_normalized_intensity,975,0.9880652343747797
max_normalized_intensity,976,0.9882787914820321
max_normalized_intensity,977,0.988485877161792
max_normalized_intensity,978,0.9886864914140595
max_normalized_intensity,979,0.9888806342388343
max_normalized_intensity,980,0.9890683056361168
max_normalized_intensity,981,0.9892543591765262
max_normalized_intensity,982,0.9894404127169355
max_normalized_intensity,983,0.9896264662573449
max_normalized_intensity,984,0.9898125197977542
max_normalized_intensity,985,0.9899985733381635
max_normalized_intensity,986,0.990184626878573
max_normalized_intensity,987,0.9903706804189824
max_normalized_intensity,988,0.9905567339593917
max_normalized_intensity,989,0.990742787499801
max_normalized_intensity,990,0.9909288410402104
max_normalized_intensity,991,0.9911148945806197
max_normalized_intensity,992,0.9913009481210291
max_normalized_intensity,993,0.9914832997855422
max_normalized_intensity,994,0.9916644997553321
max_normalized_intensity,995,0.9918392282976295
max_normalized_intensity,996,0.9920074854124346
max_normalized_intensity,997,0.9921692710997471
max_normalized_intensity,998,0.9923310567870595
max_normalized_intensity,999,0.992492842474372
max_normalized_intensity,1000,0.9926546281616844
max_normalized_intensity,1001,0.9928164138489968
max_normalized_intensity,1002,0.9929781995363093
max_normalized_intensity,1003,0.9931399852236217
max_normalized_intensity,1004,0.9933017709109342
max_normalized_intensity,1005,0.9934635565982466
max_normalized_intensity,1006,0.9936253422855591
max_normalized_intensity,1007,0.9937871279728715
max_normalized_intensity,1008,0.9939475974376432
max_normalized_intensity,1009,0.9941029116974632
max_normalized_intensity,1010,0.9942517545297906
max_normalized_intensity,1011,0.9943957437914989
max_normalized_intensity,1012,0.994539733053207
max_normalized_intensity,1013,0.9946837223149151
max_normalized_intensity,1014,0.9948277115766233
max_normalized_intensity,1015,0.9949717008383314
max_normalized_intensity,1016,0.9951156901000395
max_normalized_intensity,1017,0.9952580615048746
max_normalized_intensity,1018,0.995393961482217
max_normalized_intensity,1019,0.995523390032067
max_normalized_intensity,1020,0.9956479650112976
max_normalized_intensity,1021,0.9957725399905282
max_normalized_intensity,1022,0.9958971149697586
max_normalized_intensity,1023,0.9960216899489892
max_normalized_intensity,1024,0.9961446470713466
max_normalized_intensity,1025,0.9962611327662116
max_normalized_intensity,1026,0.9963711470335841
max_normalized_intensity,1027,0.9964768470159616
max_normalized_intensity,1028,0.9965825469983391
max_normalized_intensity,1029,0.9966882469807167
max_normalized_intensity,1030,0.9967939469630941
max_normalized_intensity,1031,0.9968996469454716
max_normalized_intensity,1032,0.9970053469278491
max_normalized_intensity,1033,0.9971110469102267
max_normalized_intensity,1034,0.9972167468926041
max_normalized_intensity,1035,0.9973224468749816
max_normalized_intensity,1036,0.9974281468573591
max_normalized_intensity,1037,0.9975316896972392
max_normalized_intensity,1038,0.9976287611096266
max_normalized_intensity,1039,0.9977193610945216
max_normalized_intensity,1040,0.9978078039369191
max_normalized_intensity,1041,0.9978962467793168
max_normalized_intensity,1042,0.9979846896217143
max_normalized_intensity,1043,0.9980731324641119
max_normalized_intensity,1044,0.9981615753065094
max_normalized_intensity,1045,0.9982500181489069
max_normalized_intensity,1046,0.9983384609913045
max_normalized_intensity,1047,0.998426903833702
max_normalized_intensity,1048,0.9985110323911045
max_normalized_intensity,1049,0.9985886895210145
max_normalized_intensity,1050,0.9986604145090563
max_normalized_intensity,1051,0.998732139497098
max_normalized_intensity,1052,0.9988038644851399
max_normalized_intensity,1053,0.9988755894731817
max_normalized_intensity,1054,0.9989467751755992
max_normalized_intensity,1055,0.9990114894505241
max_normalized_intensity,1056,0.9990697322979566
max_normalized_intensity,1057,0.9991268965741402
max_normalized_intensity,1058,0.999184060850324
max_normalized_intensity,1059,0.9992358322702639
max_normalized_intensity,1060,0.9992811322627113
max_normalized_intensity,1061,0.9993253536839101
max_normalized_intensity,1062,0.9993695751051087
max_normalized_intensity,1063,0.9994137965263074
max_normalized_intensity,1064,0.9994580179475061
max_normalized_intensity,1065,0.9995022393687047
max_normalized_intensity,1066,0.9995464607899034
max_normalized_intensity,1067,0.9995852893548585
max_normalized_intensity,1068,0.9996176464923209
max_normalized_intensity,1069,0.999646767916037
max_normalized_intensity,1070,0.9996758893397533
max_normalized_intensity,1071,0.9997050107634695
max_normalized_intensity,1072,0.9997341321871857
max_normalized_intensity,1073,0.9997632536109019
max_normalized_intensity,1074,0.9997923750346182
max_normalized_intensity,1075,0.9998182607445881
max_normalized_intensity,1076,0.9998382143126899
max_normalized_intensity,1077,0.9998581678807916
max_normalized_intensity,1078,0.9998781214488934
max_normalized_intensity,1079,0.9998975357313709
max_normalized_intensity,1080,0.999913714300102
max_normalized_intensity,1081,0.9999288142975845
max_normalized_intensity,1082,0.9999428357238183
max_normalized_intensity,1083,0.9999557785788032
max_normalized_intensity,1084,0.9999676428625396
max_normalized_intensity,1085,0.9999784285750271
max_normalized_intensity,1086,0.9999870571450171
max_normalized_intensity,1087,0.9999935285725096
max_normalized_intensity,1088,1.000000000000002
coverage_corrected_event_rate,1,0.0009191176470588235
coverage_corrected_event_rate,2,0.001838235294117647
coverage_corrected_event_rate,3,0.0027573529411764708
coverage_corrected_event_rate,4,0.003676470588235294
coverage_corrected_event_rate,5,0.004595588235294118
coverage_corrected_event_rate,6,0.0055147058823529415
coverage_corrected_event_rate,7,0.006433823529411764
coverage_corrected_event_rate,8,0.007352941176470588
coverage_corrected_event_rate,9,0.008272058823529412
coverage_corrected_event_rate,10,0.009191176470588236
coverage_corrected_event_rate,11,0.01011029411764706
coverage_corrected_event_rate,12,0.011029411764705883
coverage_corrected_event_rate,13,0.011948529411764705
coverage_corrected_event_rate,14,0.012867647058823529
coverage_corrected_event_rate,15,0.013786764705882353
coverage_corrected_event_rate,16,0.014705882352941176
coverage_corrected_event_rate,17,0.015625
coverage_corrected_event_rate,18,0.016544117647058824
coverage_corrected_event_rate,19,0.017463235294117647
coverage_corrected_event_rate,20,0.01838235294117647
coverage_corrected_event_rate,21,0.019301470588235295
coverage_corrected_event_rate,22,0.02022058823529412
coverage_corrected_event_rate,23,0.021139705882352942
coverage_corrected_event_rate,24,0.022058823529411766
coverage_corrected_event_rate,25,0.02297794117647059
coverage_corrected_event_rate,26,0.02389705882352941
coverage_corrected_event_rate,27,0.024816176470588234
coverage_corrected_event_rate,28,0.025735294117647058
coverage_corrected_event_rate,29,0.02665441176470588
coverage_corrected_event_rate,30,0.027573529411764705
coverage_corrected_event_rate,31,0.02849264705882353
coverage_corrected_event_rate,32,0.029411764705882353
coverage_corrected_event_rate,33,0.030330882352941176
coverage_corrected_event_rate,34,0.03125
coverage_corrected_event_rate,35,0.03216911764705882
coverage_corrected_event_rate,36,0.03308823529411765
coverage_corrected_event_rate,37,0.03400735294117647
coverage_corrected_event_rate,38,0.034926470588235295
coverage_corrected_event_rate,39,0.035845588235294115
coverage_corrected_event_rate,40,0.03676470588235294
coverage_corrected_event_rate,41,0.03768382352941176
coverage_corrected_event_rate,42,0.03860294117647059
coverage_corrected_event_rate,43,0.03952205882352941
coverage_corrected_event_rate,44,0.04044117647058824
coverage_corrected_event_rate,45,0.04136029411764706
coverage_corrected_event_rate,46,0.042279411764705885
coverage_corrected_event_rate,47,0.043198529411764705
coverage_corrected_event_rate,48,0.04411764705882353
coverage_corrected_event_rate,49,0.04503676470588235
coverage_corrected_event_rate,50,0.04595588235294118
coverage_corrected_event_rate,51,0.046875
coverage_corrected_event_rate,52,0.04779411764705882
coverage_corrected_event_rate,53,0.04871323529411765
coverage_corrected_event_rate,54,0.04963235294117647
coverage_corrected_event_rate,55,0.050551470588235295
coverage_corrected_event_rate,56,0.051470588235294115
coverage_corrected_event_rate,57,0.05238970588235294
coverage_corrected_event_rate,58,0.05330882352941176
coverage_corrected_event_rate,59,0.05422794117647059
coverage_corrected_event_rate,60,0.05514705882352941
coverage_corrected_event_rate,61,0.05606617647058824
coverage_corrected_event_rate,62,0.05698529411764706
coverage_corrected_event_rate,63,0.057904411764705885
coverage_corrected_event_rate,64,0.058823529411764705
coverage_corrected_event_rate,65,0.05974264705882353
coverage_corrected_event_rate,66,0.06066176470588235
coverage_corrected_event_rate,67,0.06158088235294118
coverage_corrected_event_rate,68,0.0625
coverage_corrected_event_rate,69,0.06341911764705882
coverage_corrected_event_rate,70,0.06433823529411764
coverage_corrected_event_rate,71,0.06525735294117647
coverage_corrected_event_rate,72,0.0661764705882353
coverage_corrected_event_rate,73,0.06709558823529412
coverage_corrected_event_rate,74,0.06801470588235294
coverage_corrected_event_rate,75,0.06893382352941177
coverage_corrected_event_rate,76,0.06985294117647059
coverage_corrected_event_rate,77,0.07077205882352941
coverage_corrected_event_rate,78,0.07169117647058823
coverage_corrected_event_rate,79,0.07261029411764706
coverage_corrected_event_rate,80,0.07352941176470588
coverage_corrected_event_rate,81,0.0744485294117647
coverage_corrected_event_rate,82,0.07536764705882353
coverage_corrected_event_rate,83,0.07628676470588236
coverage_corrected_event_rate,84,0.07720588235294118
coverage_corrected_event_rate,85,0.078125
coverage_corrected_event_rate,86,0.07904411764705882
coverage_corrected_event_rate,87,0.07996323529411764
coverage_corrected_event_rate,88,0.08088235294117647
coverage_corrected_event_rate,89,0.0818014705882353
coverage_corrected_event_rate,90,0.08272058823529412
coverage_corrected_event_rate,91,0.08363970588235294
coverage_corrected_event_rate,92,0.08455882352941177
coverage_corrected_event_rate,93,0.08547794117647059
coverage_corrected_event_rate,94,0.08639705882352941
coverage_corrected_event_rate,95,0.08731617647058823
coverage_corrected_event_rate,96,0.08823529411764706
coverage_corrected_event_rate,97,0.08915441176470588
coverage_corrected_event_rate,98,0.0900735294117647
coverage_corrected_event_rate,99,0.09099264705882353
coverage_corrected_event_rate,100,0.09191176470588236
coverage_corrected_event_rate,101,0.09283088235294118
coverage_corrected_event_rate,102,0.09375
coverage_corrected_event_rate,103,0.09466911764705882
coverage_corrected_event_rate,104,0.09558823529411764
coverage_corrected_event_rate,105,0.09650735294117647
coverage_corrected_event_rate,106,0.0974264705882353
coverage_corrected_event_rate,107,0.09834558823529412
coverage_corrected_event_rate,108,0.09926470588235294
coverage_corrected_event_rate,109,0.10018382352941177
coverage_corrected_event_rate,110,0.10110294117647059
coverage_corrected_event_rate,111,0.10202205882352941
coverage_corrected_event_rate,112,0.10294117647058823
coverage_corrected_event_rate,113,0.10386029411764706
coverage_corrected_event_rate,114,0.10477941176470588
coverage_corrected_event_rate,115,0.1056985294117647
coverage_corrected_event_rate,116,0.10661764705882353
coverage_corrected_event_rate,117,0.10753676470588236
coverage_corrected_event_rate,118,0.10845588235294118
coverage_corrected_event_rate,119,0.109375
coverage_corrected_event_rate,120,0.11029411764705882
coverage_corrected_event_rate,121,0.11121323529411764
coverage_corrected_event_rate,122,0.11213235294117647
coverage_corrected_event_rate,123,0.1130514705882353
coverage_corrected_event_rate,124,0.11397058823529412
coverage_corrected_event_rate,125,0.11488970588235294
coverage_corrected_event_rate,126,0.11580882352941177
coverage_corrected_event_rate,127,0.11672794117647059
coverage_corrected_event_rate,128,0.11764705882352941
coverage_corrected_event_rate,129,0.11856617647058823
coverage_corrected_event_rate,130,0.11948529411764706
coverage_corrected_event_rate,131,0.12040441176470588
coverage_corrected_event_rate,132,0.1213235294117647
coverage_corrected_event_rate,133,0.12224264705882353
coverage_corrected_event_rate,134,0.12316176470588236
coverage_corrected_event_rate,135,0.12408088235294118
coverage_corrected_event_rate,136,0.125
coverage_corrected_event_rate,137,0.12591911764705882
coverage_corrected_event_rate,138,0.12683823529411764
coverage_corrected_event_rate,139,0.12775735294117646
coverage_corrected_event_rate,140,0.12867647058823528
coverage_corrected_event_rate,141,0.12959558823529413
coverage_corrected_event_rate,142,0.13051470588235295
coverage_corrected_event_rate,143,0.13143382352941177
coverage_corrected_event_rate,144,0.1323529411764706
coverage_corrected_event_rate,145,0.1332720588235294
coverage_corrected_event_rate,146,0.13419117647058823
coverage_corrected_event_rate,147,0.13511029411764705
coverage_corrected_event_rate,148,0.13602941176470587
coverage_corrected_event_rate,149,0.13694852941176472
coverage_corrected_event_rate,150,0.13786764705882354
coverage_corrected_event_rate,151,0.13878676470588236
coverage_corrected_event_rate,152,0.13970588235294118
coverage_corrected_event_rate,153,0.140625
coverage_corrected_event_rate,154,0.14154411764705882
coverage_corrected_event_rate,155,0.14246323529411764
coverage_corrected_event_rate,156,0.14338235294117646
coverage_corrected_event_rate,157,0.14430147058823528
coverage_corrected_event_rate,158,0.14522058823529413
coverage_corrected_event_rate,159,0.14613970588235295
coverage_corrected_event_rate,160,0.14705882352941177
coverage_corrected_event_rate,161,0.1479779411764706
coverage_corrected_event_rate,162,0.1488970588235294
coverage_corrected_event_rate,163,0.14981617647058823
coverage_corrected_event_rate,164,0.15073529411764705
coverage_corrected_event_rate,165,0.15165441176470587
coverage_corrected_event_rate,166,0.15257352941176472
coverage_corrected_event_rate,167,0.15349264705882354
coverage_corrected_event_rate,168,0.15441176470588236
coverage_corrected_event_rate,169,0.15533088235294118
coverage_corrected_event_rate,170,0.15625
coverage_corrected_event_rate,171,0.15716911764705882
coverage_corrected_event_rate,172,0.15808823529411764
coverage_corrected_event_rate,173,0.15900735294117646
coverage_corrected_event_rate,174,0.15992647058823528
coverage_corrected_event_rate,175,0.16084558823529413
coverage_corrected_event_rate,176,0.16176470588235295
coverage_corrected_event_rate,177,0.16268382352941177
coverage_corrected_event_rate,178,0.1636029411764706
coverage_corrected_event_rate,179,0.1645220588235294
coverage_corrected_event_rate,180,0.16544117647058823
coverage_corrected_event_rate,181,0.16636029411764705
coverage_corrected_event_rate,182,0.16727941176470587
coverage_corrected_event_rate,183,0.16819852941176472
coverage_corrected_event_rate,184,0.16911764705882354
coverage_corrected_event_rate,185,0.17003676470588236
coverage_corrected_event_rate,186,0.17095588235294118
coverage_corrected_event_rate,187,0.171875
coverage_corrected_event_rate,188,0.17279411764705882
coverage_corrected_event_rate,189,0.17371323529411764
coverage_corrected_event_rate,190,0.17463235294117646
coverage_corrected_event_rate,191,0.17555147058823528
coverage_corrected_event_rate,192,0.17647058823529413
coverage_corrected_event_rate,193,0.17738970588235295
coverage_corrected_event_rate,194,0.17830882352941177
coverage_corrected_event_rate,195,0.1792279411764706
coverage_corrected_event_rate,196,0.1801470588235294
coverage_corrected_event_rate,197,0.18106617647058823
coverage_corrected_event_rate,198,0.18198529411764705
coverage_corrected_event_rate,199,0.18290441176470587
coverage_corrected_event_rate,200,0.18382352941176472
coverage_corrected_event_rate,201,0.18474264705882354
coverage_corrected_event_rate,202,0.18566176470588236
coverage_corrected_event_rate,203,0.18658088235294118
coverage_corrected_event_rate,204,0.1875
coverage_corrected_event_rate,205,0.18841911764705882
coverage_corrected_event_rate,206,0.18933823529411764
coverage_corrected_event_rate,207,0.19025735294117646
coverage_corrected_event_rate,208,0.19117647058823528
coverage_corrected_event_rate,209,0.19209558823529413
coverage_corrected_event_rate,210,0.19301470588235295
coverage_corrected_event_rate,211,0.19393382352941177
coverage_corrected_event_rate,212,0.1948529411764706
coverage_corrected_event_rate,213,0.1957720588235294
coverage_corrected_event_rate,214,0.19669117647058823
coverage_corrected_event_rate,215,0.19761029411764705
coverage_corrected_event_rate,216,0.19852941176470587
coverage_corrected_event_rate,217,0.19944852941176472
coverage_corrected_event_rate,218,0.20036764705882354
coverage_corrected_event_rate,219,0.20128676470588236
coverage_corrected_event_rate,220,0.20220588235294118
coverage_corrected_event_rate,221,0.203125
coverage_corrected_event_rate,222,0.20404411764705882
coverage_corrected_event_rate,223,0.20496323529411764
coverage_corrected_event_rate,224,0.20588235294117646
coverage_corrected_event_rate,225,0.20680147058823528
coverage_corrected_event_rate,226,0.20772058823529413
coverage_corrected_event_rate,227,0.20863970588235295
coverage_corrected_event_rate,228,0.20955882352941177
coverage_corrected_event_rate,229,0.2104779411764706
coverage_corrected_event_rate,230,0.2113970588235294
coverage_corrected_event_rate,231,0.21231617647058823
coverage_corrected_event_rate,232,0.21323529411764705
coverage_corrected_event_rate,233,0.21415441176470587
coverage_corrected_event_rate,234,0.21507352941176472
coverage_corrected_event_rate,235,0.21599264705882354
coverage_corrected_event_rate,236,0.21691176470588236
coverage_corrected_event_rate,237,0.21783088235294118
coverage_corrected_event_rate,238,0.21875
coverage_corrected_event_rate,239,0.21966911764705882
coverage_corrected_event_rate,240,0.22058823529411764
coverage_corrected_event_rate,241,0.22150735294117646
coverage_corrected_event_rate,242,0.22242647058823528
coverage_corrected_event_rate,243,0.22334558823529413
coverage_corrected_event_rate,244,0.22426470588235295
coverage_corrected_event_rate,245,0.22518382352941177
coverage_corrected_event_rate,246,0.2261029411764706
coverage_corrected_event_rate,247,0.2270220588235294
coverage_corrected_event_rate,248,0.22794117647058823
coverage_corrected_event_rate,249,0.22886029411764705
coverage_corrected_event_rate,250,0.22977941176470587
coverage_corrected_event_rate,251,0.23069852941176472
coverage_corrected_event_rate,252,0.23161764705882354
coverage_corrected_event_rate,253,0.23253676470588236
coverage_corrected_event_rate,254,0.23345588235294118
coverage_corrected_event_rate,255,0.234375
coverage_corrected_event_rate,256,0.23529411764705882
coverage_corrected_event_rate,257,0.23621323529411764
coverage_corrected_event_rate,258,0.23713235294117646
coverage_corrected_event_rate,259,0.23805147058823528
coverage_corrected_event_rate,260,0.23897058823529413
coverage_corrected_event_rate,261,0.23988970588235295
coverage_corrected_event_rate,262,0.24080882352941177
coverage_corrected_event_rate,263,0.2417279411764706
coverage_corrected_event_rate,264,0.2426470588235294
coverage_corrected_event_rate,265,0.24356617647058823
coverage_corrected_event_rate,266,0.24448529411764705
coverage_corrected_event_rate,267,0.24540441176470587
coverage_corrected_event_rate,268,0.24632352941176472
coverage_corrected_event_rate,269,0.24724264705882354
coverage_corrected_event_rate,270,0.24816176470588236
coverage_corrected_event_rate,271,0.24908088235294118
coverage_corrected_event_rate,272,0.25
coverage_corrected_event_rate,273,0.2509191176470588
coverage_corrected_event_rate,274,0.25183823529411764
coverage_corrected_event_rate,275,0.25275735294117646
coverage_corrected_event_rate,276,0.2536764705882353
coverage_corrected_event_rate,277,0.2545955882352941
coverage_corrected_event_rate,278,0.2555147058823529
coverage_corrected_event_rate,279,0.25643382352941174
coverage_corrected_event_rate,280,0.25735294117647056
coverage_corrected_event_rate,281,0.25827205882352944
coverage_corrected_event_rate,282,0.25919117647058826
coverage_corrected_event_rate,283,0.2601102941176471
coverage_corrected_event_rate,284,0.2610294117647059
coverage_corrected_event_rate,285,0.2619485294117647
coverage_corrected_event_rate,286,0.26286764705882354
coverage_corrected_event_rate,287,0.26378676470588236
coverage_corrected_event_rate,288,0.2647058823529412
coverage_corrected_event_rate,289,0.265625
coverage_corrected_event_rate,290,0.2665441176470588
coverage_corrected_event_rate,291,0.26746323529411764
coverage_corrected_event_rate,292,0.26838235294117646
coverage_corrected_event_rate,293,0.2693014705882353
coverage_corrected_event_rate,294,0.2702205882352941
coverage_corrected_event_rate,295,0.2711397058823529
coverage_corrected_event_rate,296,0.27205882352941174
coverage_corrected_event_rate,297,0.27297794117647056
coverage_corrected_event_rate,298,0.27389705882352944
coverage_corrected_event_rate,299,0.27481617647058826
coverage_corrected_event_rate,300,0.2757352941176471
coverage_corrected_event_rate,301,0.2766544117647059
coverage_corrected_event_rate,302,0.2775735294117647
coverage_corrected_event_rate,303,0.27849264705882354
coverage_corrected_event_rate,304,0.27941176470588236
coverage_corrected_event_rate,305,0.2803308823529412
coverage_corrected_event_rate,306,0.28125
coverage_corrected_event_rate,307,0.2821691176470588
coverage_corrected_event_rate,308,0.28308823529411764
coverage_corrected_event_rate,309,0.28400735294117646
coverage_corrected_event_rate,310,0.2849264705882353
coverage_corrected_event_rate,311,0.2858455882352941
coverage_corrected_event_rate,312,0.2867647058823529
coverage_corrected_event_rate,313,0.28768382352941174
coverage_corrected_event_rate,314,0.28860294117647056
coverage_corrected_event_rate,315,0.28952205882352944
coverage_corrected_event_rate,316,0.29044117647058826
coverage_corrected_event_rate,317,0.2913602941176471
coverage_corrected_event_rate,318,0.2922794117647059
coverage_corrected_event_rate,319,0.2931985294117647
coverage_corrected_event_rate,320,0.29411764705882354
coverage_corrected_event_rate,321,0.29503676470588236
coverage_corrected_event_rate,322,0.2959558823529412
coverage_corrected_event_rate,323,0.296875
coverage_corrected_event_rate,324,0.2977941176470588
coverage_corrected_event_rate,325,0.29871323529411764
coverage_corrected_event_rate,326,0.29963235294117646
coverage_corrected_event_rate,327,0.3005514705882353
coverage_corrected_event_rate,328,0.3014705882352941
coverage_corrected_event_rate,329,0.3023897058823529
coverage_corrected_event_rate,330,0.30330882352941174
coverage_corrected_event_rate,331,0.30422794117647056
coverage_corrected_event_rate,332,0.30514705882352944
coverage_corrected_event_rate,333,0.30606617647058826
coverage_corrected_event_rate,334,0.3069852941176471
coverage_corrected_event_rate,335,0.3079044117647059
coverage_corrected_event_rate,336,0.3088235294117647
coverage_corrected_event_rate,337,0.30974264705882354
coverage_corrected_event_rate,338,0.31066176470588236
coverage_corrected_event_rate,339,0.3115808823529412
coverage_corrected_event_rate,340,0.3125
coverage_corrected_event_rate,341,0.3134191176470588
coverage_corrected_event_rate,342,0.31433823529411764
coverage_corrected_event_rate,343,0.31525735294117646
coverage_corrected_event_rate,344,0.3161764705882353
coverage_corrected_event_rate,345,0.3170955882352941
coverage_corrected_event_rate,346,0.3180147058823529
coverage_corrected_event_rate,347,0.31893382352941174
coverage_corrected_event_rate,348,0.31985294117647056
coverage_corrected_event_rate,349,0.32077205882352944
coverage_corrected_event_rate,350,0.32169117647058826
coverage_corrected_event_rate,351,0.3226102941176471
coverage_corrected_event_rate,352,0.3235294117647059
coverage_corrected_event_rate,353,0.3244485294117647
coverage_corrected_event_rate,354,0.32536764705882354
coverage_corrected_event_rate,355,0.32628676470588236
coverage_corrected_event_rate,356,0.3272058823529412
coverage_corrected_event_rate,357,0.328125
coverage_corrected_event_rate,358,0.3290441176470588
coverage_corrected_event_rate,359,0.32996323529411764
coverage_corrected_event_rate,360,0.33088235294117646
coverage_corrected_event_rate,361,0.3318014705882353
coverage_corrected_event_rate,362,0.3327205882352941
coverage_corrected_event_rate,363,0.3336397058823529
coverage_corrected_event_rate,364,0.33455882352941174
coverage_corrected_event_rate,365,0.33547794117647056
coverage_corrected_event_rate,366,0.33639705882352944
coverage_corrected_event_rate,367,0.33731617647058826
coverage_corrected_event_rate,368,0.3382352941176471
coverage_corrected_event_rate,369,0.3391544117647059
coverage_corrected_event_rate,370,0.3400735294117647
coverage_corrected_event_rate,371,0.34099264705882354
coverage_corrected_event_rate,372,0.34191176470588236
coverage_corrected_event_rate,373,0.3428308823529412
coverage_corrected_event_rate,374,0.34375
coverage_corrected_event_rate,375,0.3446691176470588
coverage_corrected_event_rate,376,0.34558823529411764
coverage_corrected_event_rate,377,0.34650735294117646
coverage_corrected_event_rate,378,0.3474264705882353
coverage_corrected_event_rate,379,0.3483455882352941
coverage_corrected_event_rate,380,0.3492647058823529
coverage_corrected_event_rate,381,0.35018382352941174
coverage_corrected_event_rate,382,0.35110294117647056
coverage_corrected_event_rate,383,0.35202205882352944
coverage_corrected_event_rate,384,0.35294117647058826
coverage_corrected_event_rate,385,0.3538602941176471
coverage_corrected_event_rate,386,0.3547794117647059
coverage_corrected_event_rate,387,0.3556985294117647
coverage_corrected_event_rate,388,0.35661764705882354
coverage_corrected_event_rate,389,0.35753676470588236
coverage_corrected_event_rate,390,0.3584558823529412
coverage_corrected_event_rate,391,0.359375
coverage_corrected_event_rate,392,0.3602941176470588
coverage_corrected_event_rate,393,0.36121323529411764
coverage_corrected_event_rate,394,0.36213235294117646
coverage_corrected_event_rate,395,0.3630514705882353
coverage_corrected_event_rate,396,0.3639705882352941
coverage_corrected_event_rate,397,0.3648897058823529
coverage_corrected_event_rate,398,0.36580882352941174
coverage_corrected_event_rate,399,0.36672794117647056
coverage_corrected_event_rate,400,0.36764705882352944
coverage_corrected_event_rate,401,0.36856617647058826
coverage_corrected_event_rate,402,0.3694852941176471
coverage_corrected_event_rate,403,0.3704044117647059
coverage_corrected_event_rate,404,0.3713235294117647
coverage_corrected_event_rate,405,0.37224264705882354
coverage_corrected_event_rate,406,0.37316176470588236
coverage_corrected_event_rate,407,0.3740808823529412
coverage_corrected_event_rate,408,0.375
coverage_corrected_event_rate,409,0.3759191176470588
coverage_corrected_event_rate,410,0.37683823529411764
coverage_corrected_event_rate,411,0.37775735294117646
coverage_corrected_event_rate,412,0.3786764705882353
coverage_corrected_event_rate,413,0.3795955882352941
coverage_corrected_event_rate,414,0.3805147058823529
coverage_corrected_event_rate,415,0.38143382352941174
coverage_corrected_event_rate,416,0.38235294117647056
coverage_corrected_event_rate,417,0.38327205882352944
coverage_corrected_event_rate,418,0.38419117647058826
coverage_corrected_event_rate,419,0.3851102941176471
coverage_corrected_event_rate,420,0.3860294117647059
coverage_corrected_event_rate,421,0.3869485294117647
coverage_corrected_event_rate,422,0.38786764705882354
coverage_corrected_event_rate,423,0.38878676470588236
coverage_corrected_event_rate,424,0.3897058823529412
coverage_corrected_event_rate,425,0.390625
coverage_corrected_event_rate,426,0.3915441176470588
coverage_corrected_event_rate,427,0.39246323529411764
coverage_corrected_event_rate,428,0.39338235294117646
coverage_corrected_event_rate,429,0.3943014705882353
coverage_corrected_event_rate,430,0.3952205882352941
coverage_corrected_event_rate,431,0.3961397058823529
coverage_corrected_event_rate,432,0.39705882352941174
coverage_corrected_event_rate,433,0.39797794117647056
coverage_corrected_event_rate,434,0.39889705882352944
coverage_corrected_event_rate,435,0.39981617647058826
coverage_corrected_event_rate,436,0.4007352941176471
coverage_corrected_event_rate,437,0.4016544117647059
coverage_corrected_event_rate,438,0.4025735294117647
coverage_corrected_event_rate,439,0.40349264705882354
coverage_corrected_event_rate,440,0.40441176470588236
coverage_corrected_event_rate,441,0.4053308823529412
coverage_corrected_event_rate,442,0.40625
coverage_corrected_event_rate,443,0.4071691176470588
coverage_corrected_event_rate,444,0.40808823529411764
coverage_corrected_event_rate,445,0.40900735294117646
coverage_corrected_event_rate,446,0.4099264705882353
coverage_corrected_event_rate,447,0.4108455882352941
coverage_corrected_event_rate,448,0.4117647058823529
coverage_corrected_event_rate,449,0.41268382352941174
coverage_corrected_event_rate,450,0.41360294117647056
coverage_corrected_event_rate,451,0.41452205882352944
coverage_corrected_event_rate,452,0.41544117647058826
coverage_corrected_event_rate,453,0.4163602941176471
coverage_corrected_event_rate,454,0.4172794117647059
coverage_corrected_event_rate,455,0.4181985294117647
coverage_corrected_event_rate,456,0.41911764705882354
coverage_corrected_event_rate,457,0.42003676470588236
coverage_corrected_event_rate,458,0.4209558823529412
coverage_corrected_event_rate,459,0.421875
coverage_corrected_event_rate,460,0.4227941176470588
coverage_corrected_event_rate,461,0.42371323529411764
coverage_corrected_event_rate,462,0.42463235294117646
coverage_corrected_event_rate,463,0.4255514705882353
coverage_corrected_event_rate,464,0.4264705882352941
coverage_corrected_event_rate,465,0.4273897058823529
coverage_corrected_event_rate,466,0.42830882352941174
coverage_corrected_event_rate,467,0.42922794117647056
coverage_corrected_event_rate,468,0.43014705882352944
coverage_corrected_event_rate,469,0.43106617647058826
coverage_corrected_event_rate,470,0.4319852941176471
coverage_corrected_event_rate,471,0.4329044117647059
coverage_corrected_event_rate,472,0.4338235294117647
coverage_corrected_event_rate,473,0.43474264705882354
coverage_corrected_event_rate,474,0.43566176470588236
coverage_corrected_event_rate,475,0.4365808823529412
coverage_corrected_event_rate,476,0.4375
coverage_corrected_event_rate,477,0.4384191176470588
coverage_corrected_event_rate,478,0.43933823529411764
coverage_corrected_event_rate,479,0.44025735294117646
coverage_corrected_event_rate,480,0.4411764705882353
coverage_corrected_event_rate,481,0.4420955882352941
coverage_corrected_event_rate,482,0.4430147058823529
coverage_corrected_event_rate,483,0.44393382352941174
coverage_corrected_event_rate,484,0.44485294117647056
coverage_corrected_event_rate,485,0.44577205882352944
coverage_corrected_event_rate,486,0.44669117647058826
coverage_corrected_event_rate,487,0.4476102941176471
coverage_corrected_event_rate,488,0.4485294117647059
coverage_corrected_event_rate,489,0.4494485294117647
coverage_corrected_event_rate,490,0.45036764705882354
coverage_corrected_event_rate,491,0.45128676470588236
coverage_corrected_event_rate,492,0.4522058823529412
coverage_corrected_event_rate,493,0.453125
coverage_corrected_event_rate,494,0.4540441176470588
coverage_corrected_event_rate,495,0.45496323529411764
coverage_corrected_event_rate,496,0.45588235294117646
coverage_corrected_event_rate,497,0.4568014705882353
coverage_corrected_event_rate,498,0.4577205882352941
coverage_corrected_event_rate,499,0.4586397058823529
coverage_corrected_event_rate,500,0.45955882352941174
coverage_corrected_event_rate,501,0.46047794117647056
coverage_corrected_event_rate,502,0.46139705882352944
coverage_corrected_event_rate,503,0.46231617647058826
coverage_corrected_event_rate,504,0.4632352941176471
coverage_corrected_event_rate,505,0.4641544117647059
coverage_corrected_event_rate,506,0.4650735294117647
coverage_corrected_event_rate,507,0.46599264705882354
coverage_corrected_event_rate,508,0.46691176470588236
coverage_corrected_event_rate,509,0.4678308823529412
coverage_corrected_event_rate,510,0.46875
coverage_corrected_event_rate,511,0.4696691176470588
coverage_corrected_event_rate,512,0.47058823529411764
coverage_corrected_event_rate,513,0.47150735294117646
coverage_corrected_event_rate,514,0.4724264705882353
coverage_corrected_event_rate,515,0.4733455882352941
coverage_corrected_event_rate,516,0.4742647058823529
coverage_corrected_event_rate,517,0.47518382352941174
coverage_corrected_event_rate,518,0.47610294117647056
coverage_corrected_event_rate,519,0.47702205882352944
coverage_corrected_event_rate,520,0.47794117647058826
coverage_corrected_event_rate,521,0.4788602941176471
coverage_corrected_event_rate,522,0.4797794117647059
coverage_corrected_event_rate,523,0.4806985294117647
coverage_corrected_event_rate,524,0.48161764705882354
coverage_corrected_event_rate,525,0.48253676470588236
coverage_corrected_event_rate,526,0.4834558823529412
coverage_corrected_event_rate,527,0.484375
coverage_corrected_event_rate,528,0.4852941176470588
coverage_corrected_event_rate,529,0.48621323529411764
coverage_corrected_event_rate,530,0.48713235294117646
coverage_corrected_event_rate,531,0.4880514705882353
coverage_corrected_event_rate,532,0.4889705882352941
coverage_corrected_event_rate,533,0.4898897058823529
coverage_corrected_event_rate,534,0.49080882352941174
coverage_corrected_event_rate,535,0.49172794117647056
coverage_corrected_event_rate,536,0.49264705882352944
coverage_corrected_event_rate,537,0.49356617647058826
coverage_corrected_event_rate,538,0.4944852941176471
coverage_corrected_event_rate,539,0.4954044117647059
coverage_corrected_event_rate,540,0.4963235294117647
coverage_corrected_event_rate,541,0.49724264705882354
coverage_corrected_event_rate,542,0.49816176470588236
coverage_corrected_event_rate,543,0.4990808823529412
coverage_corrected_event_rate,544,0.5
coverage_corrected_event_rate,545,0.5009191176470589
coverage_corrected_event_rate,546,0.5018382352941176
coverage_corrected_event_rate,547,0.5027573529411765
coverage_corrected_event_rate,548,0.5036764705882353
coverage_corrected_event_rate,549,0.5045955882352942
coverage_corrected_event_rate,550,0.5055147058823529
coverage_corrected_event_rate,551,0.5064338235294118
coverage_corrected_event_rate,552,0.5073529411764706
coverage_corrected_event_rate,553,0.5082720588235294
coverage_corrected_event_rate,554,0.5091911764705882
coverage_corrected_event_rate,555,0.5101102941176471
coverage_corrected_event_rate,556,0.5110294117647058
coverage_corrected_event_rate,557,0.5119485294117647
coverage_corrected_event_rate,558,0.5128676470588235
coverage_corrected_event_rate,559,0.5137867647058824
coverage_corrected_event_rate,560,0.5147058823529411
coverage_corrected_event_rate,561,0.515625
coverage_corrected_event_rate,562,0.5165441176470589
coverage_corrected_event_rate,563,0.5174632352941176
coverage_corrected_event_rate,564,0.5183823529411765
coverage_corrected_event_rate,565,0.5193014705882353
coverage_corrected_event_rate,566,0.5202205882352942
coverage_corrected_event_rate,567,0.5211397058823529
coverage_corrected_event_rate,568,0.5220588235294118
coverage_corrected_event_rate,569,0.5229779411764706
coverage_corrected_event_rate,570,0.5238970588235294
coverage_corrected_event_rate,571,0.5248161764705882
coverage_corrected_event_rate,572,0.5257352941176471
coverage_corrected_event_rate,573,0.5266544117647058
coverage_corrected_event_rate,574,0.5275735294117647
coverage_corrected_event_rate,575,0.5284926470588235
coverage_corrected_event_rate,576,0.5294117647058824
coverage_corrected_event_rate,577,0.5303308823529411
coverage_corrected_event_rate,578,0.53125
coverage_corrected_event_rate,579,0.5321691176470589
coverage_corrected_event_rate,580,0.5330882352941176
coverage_corrected_event_rate,581,0.5340073529411765
coverage_corrected_event_rate,582,0.5349264705882353
coverage_corrected_event_rate,583,0.5358455882352942
coverage_corrected_event_rate,584,0.5367647058823529
coverage_corrected_event_rate,585,0.5376838235294118
coverage_corrected_event_rate,586,0.5386029411764706
coverage_corrected_event_rate,587,0.5395220588235294
coverage_corrected_event_rate,588,0.5404411764705882
coverage_corrected_event_rate,589,0.5413602941176471
coverage_corrected_event_rate,590,0.5422794117647058
coverage_corrected_event_rate,591,0.5431985294117647
coverage_corrected_event_rate,592,0.5441176470588235
coverage_corrected_event_rate,593,0.5450367647058824
coverage_corrected_event_rate,594,0.5459558823529411
coverage_corrected_event_rate,595,0.546875
coverage_corrected_event_rate,596,0.5477941176470589
coverage_corrected_event_rate,597,0.5487132352941176
coverage_corrected_event_rate,598,0.5496323529411765
coverage_corrected_event_rate,599,0.5505514705882353
coverage_corrected_event_rate,600,0.5514705882352942
coverage_corrected_event_rate,601,0.5523897058823529
coverage_corrected_event_rate,602,0.5533088235294118
coverage_corrected_event_rate,603,0.5542279411764706
coverage_corrected_event_rate,604,0.5551470588235294
coverage_corrected_event_rate,605,0.5560661764705882
coverage_corrected_event_rate,606,0.5569852941176471
coverage_corrected_event_rate,607,0.5579044117647058
coverage_corrected_event_rate,608,0.5588235294117647
coverage_corrected_event_rate,609,0.5597426470588235
coverage_corrected_event_rate,610,0.5606617647058824
coverage_corrected_event_rate,611,0.5615808823529411
coverage_corrected_event_rate,612,0.5625
coverage_corrected_event_rate,613,0.5634191176470589
coverage_corrected_event_rate,614,0.5643382352941176
coverage_corrected_event_rate,615,0.5652573529411765
coverage_corrected_event_rate,616,0.5661764705882353
coverage_corrected_event_rate,617,0.5670955882352942
coverage_corrected_event_rate,618,0.5680147058823529
coverage_corrected_event_rate,619,0.5689338235294118
coverage_corrected_event_rate,620,0.5698529411764706
coverage_corrected_event_rate,621,0.5707720588235294
coverage_corrected_event_rate,622,0.5716911764705882
coverage_corrected_event_rate,623,0.5726102941176471
coverage_corrected_event_rate,624,0.5735294117647058
coverage_corrected_event_rate,625,0.5744485294117647
coverage_corrected_event_rate,626,0.5753676470588235
coverage_corrected_event_rate,627,0.5762867647058824
coverage_corrected_event_rate,628,0.5772058823529411
coverage_corrected_event_rate,629,0.578125
coverage_corrected_event_rate,630,0.5790441176470589
coverage_corrected_event_rate,631,0.5799632352941176
coverage_corrected_event_rate,632,0.5808823529411765
coverage_corrected_event_rate,633,0.5818014705882353
coverage_corrected_event_rate,634,0.5827205882352942
coverage_corrected_event_rate,635,0.5836397058823529
coverage_corrected_event_rate,636,0.5845588235294118
coverage_corrected_event_rate,637,0.5854779411764706
coverage_corrected_event_rate,638,0.5863970588235294
coverage_corrected_event_rate,639,0.5873161764705882
coverage_corrected_event_rate,640,0.5882352941176471
coverage_corrected_event_rate,641,0.5891544117647058
coverage_corrected_event_rate,642,0.5900735294117647
coverage_corrected_event_rate,643,0.5909926470588235
coverage_corrected_event_rate,644,0.5919117647058824
coverage_corrected_event_rate,645,0.5928308823529411
coverage_corrected_event_rate,646,0.59375
coverage_corrected_event_rate,647,0.5946691176470589
coverage_corrected_event_rate,648,0.5955882352941176
coverage_corrected_event_rate,649,0.5965073529411765
coverage_corrected_event_rate,650,0.5974264705882353
coverage_corrected_event_rate,651,0.5983455882352942
coverage_corrected_event_rate,652,0.5992647058823529
coverage_corrected_event_rate,653,0.6001838235294118
coverage_corrected_event_rate,654,0.6011029411764706
coverage_corrected_event_rate,655,0.6020220588235294
coverage_corrected_event_rate,656,0.6029411764705882
coverage_corrected_event_rate,657,0.6038602941176471
coverage_corrected_event_rate,658,0.6047794117647058
coverage_corrected_event_rate,659,0.6056985294117647
coverage_corrected_event_rate,660,0.6066176470588235
coverage_corrected_event_rate,661,0.6075367647058824
coverage_corrected_event_rate,662,0.6084558823529411
coverage_corrected_event_rate,663,0.609375
coverage_corrected_event_rate,664,0.6102941176470589
coverage_corrected_event_rate,665,0.6112132352941176
coverage_corrected_event_rate,666,0.6121323529411765
coverage_corrected_event_rate,667,0.6130514705882353
coverage_corrected_event_rate,668,0.6139705882352942
coverage_corrected_event_rate,669,0.6148897058823529
coverage_corrected_event_rate,670,0.6158088235294118
coverage_corrected_event_rate,671,0.6167279411764706
coverage_corrected_event_rate,672,0.6176470588235294
coverage_corrected_event_rate,673,0.6185661764705882
coverage_corrected_event_rate,674,0.6194852941176471
coverage_corrected_event_rate,675,0.6204044117647058
coverage_corrected_event_rate,676,0.6213235294117647
coverage_corrected_event_rate,677,0.6222426470588235
coverage_corrected_event_rate,678,0.6231617647058824
coverage_corrected_event_rate,679,0.6240808823529411
coverage_corrected_event_rate,680,0.625
coverage_corrected_event_rate,681,0.6259191176470589
coverage_corrected_event_rate,682,0.6268382352941176
coverage_corrected_event_rate,683,0.6277573529411765
coverage_corrected_event_rate,684,0.6286764705882353
coverage_corrected_event_rate,685,0.6295955882352942
coverage_corrected_event_rate,686,0.6305147058823529
coverage_corrected_event_rate,687,0.6314338235294118
coverage_corrected_event_rate,688,0.6323529411764706
coverage_corrected_event_rate,689,0.6332720588235294
coverage_corrected_event_rate,690,0.6341911764705882
coverage_corrected_event_rate,691,0.6351102941176471
coverage_corrected_event_rate,692,0.6360294117647058
coverage_corrected_event_rate,693,0.6369485294117647
coverage_corrected_event_rate,694,0.6378676470588235
coverage_corrected_event_rate,695,0.6387867647058824
coverage_corrected_event_rate,696,0.6397058823529411
coverage_corrected_event_rate,697,0.640625
coverage_corrected_event_rate,698,0.6415441176470589
coverage_corrected_event_rate,699,0.6424632352941176
coverage_corrected_event_rate,700,0.6433823529411765
coverage_corrected_event_rate,701,0.6443014705882353
coverage_corrected_event_rate,702,0.6452205882352942
coverage_corrected_event_rate,703,0.6461397058823529
coverage_corrected_event_rate,704,0.6470588235294118
coverage_corrected_event_rate,705,0.6479779411764706
coverage_corrected_event_rate,706,0.6488970588235294
coverage_corrected_event_rate,707,0.6498161764705882
coverage_corrected_event_rate,708,0.6507352941176471
coverage_corrected_event_rate,709,0.6516544117647058
coverage_corrected_event_rate,710,0.6525735294117647
coverage_corrected_event_rate,711,0.6534926470588235
coverage_corrected_event_rate,712,0.6544117647058824
coverage_corrected_event_rate,713,0.6553308823529411
coverage_corrected_event_rate,714,0.65625
coverage_corrected_event_rate,715,0.6571691176470589
coverage_corrected_event_rate,716,0.6580882352941176
coverage_corrected_event_rate,717,0.6590073529411765
coverage_corrected_event_rate,718,0.6599264705882353
coverage_corrected_event_rate,719,0.6608455882352942
coverage_corrected_event_rate,720,0.6617647058823529
coverage_corrected_event_rate,721,0.6626838235294118
coverage_corrected_event_rate,722,0.6636029411764706
coverage_corrected_event_rate,723,0.6645220588235294
coverage_corrected_event_rate,724,0.6654411764705882
coverage_corrected_event_rate,725,0.6663602941176471
coverage_corrected_event_rate,726,0.6672794117647058
coverage_corrected_event_rate,727,0.6681985294117647
coverage_corrected_event_rate,728,0.6691176470588235
coverage_corrected_event_rate,729,0.6700367647058824
coverage_corrected_event_rate,730,0.6709558823529411
coverage_corrected_event_rate,731,0.671875
coverage_corrected_event_rate,732,0.6727941176470589
coverage_corrected_event_rate,733,0.6737132352941176
coverage_corrected_event_rate,734,0.6746323529411765
coverage_corrected_event_rate,735,0.6755514705882353
coverage_corrected_event_rate,736,0.6764705882352942
coverage_corrected_event_rate,737,0.6773897058823529
coverage_corrected_event_rate,738,0.6783088235294118
coverage_corrected_event_rate,739,0.6792279411764706
coverage_corrected_event_rate,740,0.6801470588235294
coverage_corrected_event_rate,741,0.6810661764705882
coverage_corrected_event_rate,742,0.6819852941176471
coverage_corrected_event_rate,743,0.6829044117647058
coverage_corrected_event_rate,744,0.6838235294117647
coverage_corrected_event_rate,745,0.6847426470588235
coverage_corrected_event_rate,746,0.6856617647058824
coverage_corrected_event_rate,747,0.6865808823529411
coverage_corrected_event_rate,748,0.6875
coverage_corrected_event_rate,749,0.6884191176470589
coverage_corrected_event_rate,750,0.6893382352941176
coverage_corrected_event_rate,751,0.6902573529411765
coverage_corrected_event_rate,752,0.6911764705882353
coverage_corrected_event_rate,753,0.6920955882352942
coverage_corrected_event_rate,754,0.6930147058823529
coverage_corrected_event_rate,755,0.6939338235294118
coverage_corrected_event_rate,756,0.6948529411764706
coverage_corrected_event_rate,757,0.6957720588235294
coverage_corrected_event_rate,758,0.6966911764705882
coverage_corrected_event_rate,759,0.6976102941176471
coverage_corrected_event_rate,760,0.6985294117647058
coverage_corrected_event_rate,761,0.6994485294117647
coverage_corrected_event_rate,762,0.7003676470588235
coverage_corrected_event_rate,763,0.7012867647058824
coverage_corrected_event_rate,764,0.7022058823529411
coverage_corrected_event_rate,765,0.703125
coverage_corrected_event_rate,766,0.7040441176470589
coverage_corrected_event_rate,767,0.7049632352941176
coverage_corrected_event_rate,768,0.7058823529411765
coverage_corrected_event_rate,769,0.7068014705882353
coverage_corrected_event_rate,770,0.7077205882352942
coverage_corrected_event_rate,771,0.7086397058823529
coverage_corrected_event_rate,772,0.7095588235294118
coverage_corrected_event_rate,773,0.7104779411764706
coverage_corrected_event_rate,774,0.7113970588235294
coverage_corrected_event_rate,775,0.7123161764705882
coverage_corrected_event_rate,776,0.7132352941176471
coverage_corrected_event_rate,777,0.7141544117647058
coverage_corrected_event_rate,778,0.7150735294117647
coverage_corrected_event_rate,779,0.7159926470588235
coverage_corrected_event_rate,780,0.7169117647058824
coverage_corrected_event_rate,781,0.7178308823529411
coverage_corrected_event_rate,782,0.71875
coverage_corrected_event_rate,783,0.7196691176470589
coverage_corrected_event_rate,784,0.7205882352941176
coverage_corrected_event_rate,785,0.7215073529411765
coverage_corrected_event_rate,786,0.7224264705882353
coverage_corrected_event_rate,787,0.7233455882352942
coverage_corrected_event_rate,788,0.7242647058823529
coverage_corrected_event_rate,789,0.7251838235294118
coverage_corrected_event_rate,790,0.7261029411764706
coverage_corrected_event_rate,791,0.7270220588235294
coverage_corrected_event_rate,792,0.7279411764705882
coverage_corrected_event_rate,793,0.7288602941176471
coverage_corrected_event_rate,794,0.7297794117647058
coverage_corrected_event_rate,795,0.7306985294117647
coverage_corrected_event_rate,796,0.7316176470588235
coverage_corrected_event_rate,797,0.7325367647058824
coverage_corrected_event_rate,798,0.7334558823529411
coverage_corrected_event_rate,799,0.734375
coverage_corrected_event_rate,800,0.7352941176470589
coverage_corrected_event_rate,801,0.7362132352941176
coverage_corrected_event_rate,802,0.7371323529411765
coverage_corrected_event_rate,803,0.7380514705882353
coverage_corrected_event_rate,804,0.7389705882352942
coverage_corrected_event_rate,805,0.7398897058823529
coverage_corrected_event_rate,806,0.7408088235294118
coverage_corrected_event_rate,807,0.7417279411764706
coverage_corrected_event_rate,808,0.7426470588235294
coverage_corrected_event_rate,809,0.7435661764705882
coverage_corrected_event_rate,810,0.7444852941176471
coverage_corrected_event_rate,811,0.7454044117647058
coverage_corrected_event_rate,812,0.7463235294117647
coverage_corrected_event_rate,813,0.7472426470588235
coverage_corrected_event_rate,814,0.7481617647058824
coverage_corrected_event_rate,815,0.7490808823529411
coverage_corrected_event_rate,816,0.75
coverage_corrected_event_rate,817,0.7509191176470589
coverage_corrected_event_rate,818,0.7518382352941176
coverage_corrected_event_rate,819,0.7527573529411765
coverage_corrected_event_rate,820,0.7536764705882353
coverage_corrected_event_rate,821,0.7545955882352942
coverage_corrected_event_rate,822,0.7555147058823529
coverage_corrected_event_rate,823,0.7564338235294118
coverage_corrected_event_rate,824,0.7573529411764706
coverage_corrected_event_rate,825,0.7582720588235294
coverage_corrected_event_rate,826,0.7591911764705882
coverage_corrected_event_rate,827,0.7601102941176471
coverage_corrected_event_rate,828,0.7610294117647058
coverage_corrected_event_rate,829,0.7619485294117647
coverage_corrected_event_rate,830,0.7628676470588235
coverage_corrected_event_rate,831,0.7637867647058824
coverage_corrected_event_rate,832,0.7647058823529411
coverage_corrected_event_rate,833,0.765625
coverage_corrected_event_rate,834,0.7665441176470589
coverage_corrected_event_rate,835,0.7674632352941176
coverage_corrected_event_rate,836,0.7683823529411765
coverage_corrected_event_rate,837,0.7693014705882353
coverage_corrected_event_rate,838,0.7702205882352942
coverage_corrected_event_rate,839,0.7711397058823529
coverage_corrected_event_rate,840,0.7720588235294118
coverage_corrected_event_rate,841,0.7729779411764706
coverage_corrected_event_rate,842,0.7738970588235294
coverage_corrected_event_rate,843,0.7748161764705882
coverage_corrected_event_rate,844,0.7757352941176471
coverage_corrected_event_rate,845,0.7766544117647058
coverage_corrected_event_rate,846,0.7775735294117647
coverage_corrected_event_rate,847,0.7784926470588235
coverage_corrected_event_rate,848,0.7794117647058824
coverage_corrected_event_rate,849,0.7803308823529411
coverage_corrected_event_rate,850,0.78125
coverage_corrected_event_rate,851,0.7821691176470589
coverage_corrected_event_rate,852,0.7830882352941176
coverage_corrected_event_rate,853,0.7840073529411765
coverage_corrected_event_rate,854,0.7849264705882353
coverage_corrected_event_rate,855,0.7858455882352942
coverage_corrected_event_rate,856,0.7867647058823529
coverage_corrected_event_rate,857,0.7876838235294118
coverage_corrected_event_rate,858,0.7886029411764706
coverage_corrected_event_rate,859,0.7895220588235294
coverage_corrected_event_rate,860,0.7904411764705882
coverage_corrected_event_rate,861,0.7913602941176471
coverage_corrected_event_rate,862,0.7922794117647058
coverage_corrected_event_rate,863,0.7931985294117647
coverage_corrected_event_rate,864,0.7941176470588235
coverage_corrected_event_rate,865,0.7950367647058824
coverage_corrected_event_rate,866,0.7959558823529411
coverage_corrected_event_rate,867,0.796875
coverage_corrected_event_rate,868,0.7977941176470589
coverage_corrected_event_rate,869,0.7987132352941176
coverage_corrected_event_rate,870,0.7996323529411765
coverage_corrected_event_rate,871,0.8005514705882353
coverage_corrected_event_rate,872,0.8014705882352942
coverage_corrected_event_rate,873,0.8023897058823529
coverage_corrected_event_rate,874,0.8033088235294118
coverage_corrected_event_rate,875,0.8042279411764706
coverage_corrected_event_rate,876,0.8051470588235294
coverage_corrected_event_rate,877,0.8060661764705882
coverage_corrected_event_rate,878,0.8069852941176471
coverage_corrected_event_rate,879,0.8079044117647058
coverage_corrected_event_rate,880,0.8088235294117647
coverage_corrected_event_rate,881,0.8097426470588235
coverage_corrected_event_rate,882,0.8106617647058824
coverage_corrected_event_rate,883,0.8115808823529411
coverage_corrected_event_rate,884,0.8125
coverage_corrected_event_rate,885,0.8134191176470589
coverage_corrected_event_rate,886,0.8143382352941176
coverage_corrected_event_rate,887,0.8152573529411765
coverage_corrected_event_rate,888,0.8161764705882353
coverage_corrected_event_rate,889,0.8170955882352942
coverage_corrected_event_rate,890,0.8180147058823529
coverage_corrected_event_rate,891,0.8189338235294118
coverage_corrected_event_rate,892,0.8198529411764706
coverage_corrected_event_rate,893,0.8207720588235294
coverage_corrected_event_rate,894,0.8216911764705882
coverage_corrected_event_rate,895,0.8226102941176471
coverage_corrected_event_rate,896,0.8235294117647058
coverage_corrected_event_rate,897,0.8244485294117647
coverage_corrected_event_rate,898,0.8253676470588235
coverage_corrected_event_rate,899,0.8262867647058824
coverage_corrected_event_rate,900,0.8272058823529411
coverage_corrected_event_rate,901,0.828125
coverage_corrected_event_rate,902,0.8290441176470589
coverage_corrected_event_rate,903,0.8299632352941176
coverage_corrected_event_rate,904,0.8308823529411765
coverage_corrected_event_rate,905,0.8318014705882353
coverage_corrected_event_rate,906,0.8327205882352942
coverage_corrected_event_rate,907,0.8336397058823529
coverage_corrected_event_rate,908,0.8345588235294118
coverage_corrected_event_rate,909,0.8354779411764706
coverage_corrected_event_rate,910,0.8363970588235294
coverage_corrected_event_rate,911,0.8373161764705882
coverage_corrected_event_rate,912,0.8382352941176471
coverage_corrected_event_rate,913,0.8391544117647058
coverage_corrected_event_rate,914,0.8400735294117647
coverage_corrected_event_rate,915,0.8409926470588235
coverage_corrected_event_rate,916,0.8419117647058824
coverage_corrected_event_rate,917,0.8428308823529411
coverage_corrected_event_rate,918,0.84375
coverage_corrected_event_rate,919,0.8446691176470589
coverage_corrected_event_rate,920,0.8455882352941176
coverage_corrected_event_rate,921,0.8465073529411765
coverage_corrected_event_rate,922,0.8474264705882353
coverage_corrected_event_rate,923,0.8483455882352942
coverage_corrected_event_rate,924,0.8492647058823529
coverage_corrected_event_rate,925,0.8501838235294118
coverage_corrected_event_rate,926,0.8511029411764706
coverage_corrected_event_rate,927,0.8520220588235294
coverage_corrected_event_rate,928,0.8529411764705882
coverage_corrected_event_rate,929,0.8538602941176471
coverage_corrected_event_rate,930,0.8547794117647058
coverage_corrected_event_rate,931,0.8556985294117647
coverage_corrected_event_rate,932,0.8566176470588235
coverage_corrected_event_rate,933,0.8575367647058824
coverage_corrected_event_rate,934,0.8584558823529411
coverage_corrected_event_rate,935,0.859375
coverage_corrected_event_rate,936,0.8602941176470589
coverage_corrected_event_rate,937,0.8612132352941176
coverage_corrected_event_rate,938,0.8621323529411765
coverage_corrected_event_rate,939,0.8630514705882353
coverage_corrected_event_rate,940,0.8639705882352942
coverage_corrected_event_rate,941,0.8648897058823529
coverage_corrected_event_rate,942,0.8658088235294118
coverage_corrected_event_rate,943,0.8667279411764706
coverage_corrected_event_rate,944,0.8676470588235294
coverage_corrected_event_rate,945,0.8685661764705882
coverage_corrected_event_rate,946,0.8694852941176471
coverage_corrected_event_rate,947,0.8704044117647058
coverage_corrected_event_rate,948,0.8713235294117647
coverage_corrected_event_rate,949,0.8722426470588235
coverage_corrected_event_rate,950,0.8731617647058824
coverage_corrected_event_rate,951,0.8740808823529411
coverage_corrected_event_rate,952,0.875
coverage_corrected_event_rate,953,0.8759191176470589
coverage_corrected_event_rate,954,0.8768382352941176
coverage_corrected_event_rate,955,0.8777573529411765
coverage_corrected_event_rate,956,0.8786764705882353
coverage_corrected_event_rate,957,0.8795955882352942
coverage_corrected_event_rate,958,0.8805147058823529
coverage_corrected_event_rate,959,0.8814338235294118
coverage_corrected_event_rate,960,0.8823529411764706
coverage_corrected_event_rate,961,0.8832720588235294
coverage_corrected_event_rate,962,0.8841911764705882
coverage_corrected_event_rate,963,0.8851102941176471
coverage_corrected_event_rate,964,0.8860294117647058
coverage_corrected_event_rate,965,0.8869485294117647
coverage_corrected_event_rate,966,0.8878676470588235
coverage_corrected_event_rate,967,0.8887867647058824
coverage_corrected_event_rate,968,0.8897058823529411
coverage_corrected_event_rate,969,0.890625
coverage_corrected_event_rate,970,0.8915441176470589
coverage_corrected_event_rate,971,0.8924632352941176
coverage_corrected_event_rate,972,0.8933823529411765
coverage_corrected_event_rate,973,0.8943014705882353
coverage_corrected_event_rate,974,0.8952205882352942
coverage_corrected_event_rate,975,0.8961397058823529
coverage_corrected_event_rate,976,0.8970588235294118
coverage_corrected_event_rate,977,0.8979779411764706
coverage_corrected_event_rate,978,0.8988970588235294
coverage_corrected_event_rate,979,0.8998161764705882
coverage_corrected_event_rate,980,0.9007352941176471
coverage_corrected_event_rate,981,0.9016544117647058
coverage_corrected_event_rate,982,0.9025735294117647
coverage_corrected_event_rate,983,0.9034926470588235
coverage_corrected_event_rate,984,0.9044117647058824
coverage_corrected_event_rate,985,0.9053308823529411
coverage_corrected_event_rate,986,0.90625
coverage_corrected_event_rate,987,0.9071691176470589
coverage_corrected_event_rate,988,0.9080882352941176
coverage_corrected_event_rate,989,0.9090073529411765
coverage_corrected_event_rate,990,0.9099264705882353
coverage_corrected_event_rate,991,0.9108455882352942
coverage_corrected_event_rate,992,0.9117647058823529
coverage_corrected_event_rate,993,0.9126838235294118
coverage_corrected_event_rate,994,0.9136029411764706
coverage_corrected_event_rate,995,0.9145220588235294
coverage_corrected_event_rate,996,0.9154411764705882
coverage_corrected_event_rate,997,0.9163602941176471
coverage_corrected_event_rate,998,0.9172794117647058
coverage_corrected_event_rate,999,0.9181985294117647
coverage_corrected_event_rate,1000,0.9191176470588235
coverage_corrected_event_rate,1001,0.9200367647058824
coverage_corrected_event_rate,1002,0.9209558823529411
coverage_corrected_event_rate,1003,0.921875
coverage_corrected_event_rate,1004,0.9227941176470589
coverage_corrected_event_rate,1005,0.9237132352941176
coverage_corrected_event_rate,1006,0.9246323529411765
coverage_corrected_event_rate,1007,0.9255514705882353
coverage_corrected_event_rate,1008,0.9264705882352942
coverage_corrected_event_rate,1009,0.9273897058823529
coverage_corrected_event_rate,1010,0.9283088235294118
coverage_corrected_event_rate,1011,0.9292279411764706
coverage_corrected_event_rate,1012,0.9301470588235294
coverage_corrected_event_rate,1013,0.9310661764705882
coverage_corrected_event_rate,1014,0.9319852941176471
coverage_corrected_event_rate,1015,0.9329044117647058
coverage_corrected_event_rate,1016,0.9338235294117647
coverage_corrected_event_rate,1017,0.9347426470588235
coverage_corrected_event_rate,1018,0.9356617647058824
coverage_corrected_event_rate,1019,0.9365808823529411
coverage_corrected_event_rate,1020,0.9375
coverage_corrected_event_rate,1021,0.9384191176470589
coverage_corrected_event_rate,1022,0.9393382352941176
coverage_corrected_event_rate,1023,0.9402573529411765
coverage_corrected_event_rate,1024,0.9411764705882353
coverage_corrected_event_rate,1025,0.9420955882352942
coverage_corrected_event_rate,1026,0.9430147058823529
coverage_corrected_event_rate,1027,0.9439338235294118
coverage_corrected_event_rate,1028,0.9448529411764706
coverage_corrected_event_rate,1029,0.9457720588235294
coverage_corrected_event_rate,1030,0.9466911764705882
coverage_corrected_event_rate,1031,0.9476102941176471
coverage_corrected_event_rate,1032,0.9485294117647058
coverage_corrected_event_rate,1033,0.9494485294117647
coverage_corrected_event_rate,1034,0.9503676470588235
coverage_corrected_event_rate,1035,0.9512867647058824
coverage_corrected_event_rate,1036,0.9522058823529411
coverage_corrected_event_rate,1037,0.953125
coverage_corrected_event_rate,1038,0.9540441176470589
coverage_corrected_event_rate,1039,0.9549632352941176
coverage_corrected_event_rate,1040,0.9558823529411765
coverage_corrected_event_rate,1041,0.9568014705882353
coverage_corrected_event_rate,1042,0.9577205882352942
coverage_corrected_event_rate,1043,0.9586397058823529
coverage_corrected_event_rate,1044,0.9595588235294118
coverage_corrected_event_rate,1045,0.9604779411764706
coverage_corrected_event_rate,1046,0.9613970588235294
coverage_corrected_event_rate,1047,0.9623161764705882
coverage_corrected_event_rate,1048,0.9632352941176471
coverage_corrected_event_rate,1049,0.9641544117647058
coverage_corrected_event_rate,1050,0.9650735294117647
coverage_corrected_event_rate,1051,0.9659926470588235
coverage_corrected_event_rate,1052,0.9669117647058824
coverage_corrected_event_rate,1053,0.9678308823529411
coverage_corrected_event_rate,1054,0.96875
coverage_corrected_event_rate,1055,0.9696691176470589
coverage_corrected_event_rate,1056,0.9705882352941176
coverage_corrected_event_rate,1057,0.9715073529411765
coverage_corrected_event_rate,1058,0.9724264705882353
coverage_corrected_event_rate,1059,0.9733455882352942
coverage_corrected_event_rate,1060,0.9742647058823529
coverage_corrected_event_rate,1061,0.9751838235294118
coverage_corrected_event_rate,1062,0.9761029411764706
coverage_corrected_event_rate,1063,0.9770220588235294
coverage_corrected_event_rate,1064,0.9779411764705882
coverage_corrected_event_rate,1065,0.9788602941176471
coverage_corrected_event_rate,1066,0.9797794117647058
coverage_corrected_event_rate,1067,0.9806985294117647
coverage_corrected_event_rate,1068,0.9816176470588235
coverage_corrected_event_rate,1069,0.9825367647058824
coverage_corrected_event_rate,1070,0.9834558823529411
coverage_corrected_event_rate,1071,0.984375
coverage_corrected_event_rate,1072,0.9852941176470589
coverage_corrected_event_rate,1073,0.9862132352941176
coverage_corrected_event_rate,1074,0.9871323529411765
coverage_corrected_event_rate,1075,0.9880514705882353
coverage_corrected_event_rate,1076,0.9889705882352942
coverage_corrected_event_rate,1077,0.9898897058823529
coverage_corrected_event_rate,1078,0.9908088235294118
coverage_corrected_event_rate,1079,0.9917279411764706
coverage_corrected_event_rate,1080,0.9926470588235294
coverage_corrected_event_rate,1081,0.9935661764705882
coverage_corrected_event_rate,1082,0.9944852941176471
coverage_corrected_event_rate,1083,0.9954044117647058
coverage_corrected_event_rate,1084,0.9963235294117647
coverage_corrected_event_rate,1085,0.9972426470588235
coverage_corrected_event_rate,1086,0.9981617647058824
coverage_corrected_event_rate,1087,0.9990808823529411
coverage_corrected_event_rate,1088,1.0
coverage_corrected_intensity,1,0.0025322429657512885
coverage_corrected_intensity,2,0.005063021360672183
coverage_corrected_intensity,3,0.00758101804652782
coverage_corrected_intensity,4,0.010092623877850829
coverage_corrected_intensity,5,0.012600235425090945
coverage_corrected_intensity,6,0.015102254974615011
coverage_corrected_intensity,7,0.01759468824234013
coverage_corrected_intensity,8,0.020083127225982364
coverage_corrected_intensity,9,0.02256916963917486
coverage_corrected_intensity,10,0.025052016625101037
coverage_corrected_intensity,11,0.027534863611027218
coverage_corrected_intensity,12,0.030014515169687082
coverage_corrected_intensity,13,0.03248777587381432
coverage_corrected_intensity,14,0.03495145029614262
coverage_corrected_intensity,15,0.03741432586165433
coverage_corrected_intensity,16,0.039874804856716316
coverage_corrected_intensity,17,0.04233208842451198
coverage_corrected_intensity,18,0.04478697542185791
coverage_corrected_intensity,19,0.04724106356238726
coverage_corrected_intensity,20,0.049691157418833724
coverage_corrected_intensity,21,0.052130866136664664
coverage_corrected_intensity,22,0.0545665805704127
coverage_corrected_intensity,23,0.05700149614734417
coverage_corrected_intensity,24,0.05942922201292643
coverage_corrected_intensity,25,0.06185375245124238
coverage_corrected_intensity,26,0.064275087462292
coverage_corrected_intensity,27,0.06668124419382665
coverage_corrected_intensity,28,0.06907992687514516
coverage_corrected_intensity,29,0.07147649732488086
coverage_corrected_intensity,30,0.07386348149281761
coverage_corrected_intensity,31,0.07624886794712121
coverage_corrected_intensity,32,0.07863425440142481
coverage_corrected_intensity,33,0.08101165228756262
coverage_corrected_intensity,34,0.08337946389190148
coverage_corrected_intensity,35,0.08573848807125799
coverage_corrected_intensity,36,0.08809671339379792
coverage_corrected_intensity,37,0.09044535243453888
coverage_corrected_intensity,38,0.09278440519348094
coverage_corrected_intensity,39,0.09511387167062403
coverage_corrected_intensity,40,0.09743375186596819
coverage_corrected_intensity,41,0.0997512354908626
coverage_corrected_intensity,42,0.10206152940440781
coverage_corrected_intensity,43,0.10436703017705355
coverage_corrected_intensity,44,0.1066725309496993
coverage_corrected_intensity,45,0.10897803172234505
coverage_corrected_intensity,46,0.11127873935409131
coverage_corrected_intensity,47,0.11356986070403864
coverage_corrected_intensity,48,0.11585459119945334
coverage_corrected_intensity,49,0.11813932169486803
coverage_corrected_intensity,50,0.1204208567630164
coverage_corrected_intensity,51,0.12269280554936586
coverage_corrected_intensity,52,0.12496315662208213
coverage_corrected_intensity,53,0.12722551912663263
coverage_corrected_intensity,54,0.1294814907766505
coverage_corrected_intensity,55,0.13173746242666837
coverage_corrected_intensity,56,0.13399023864941992
coverage_corrected_intensity,57,0.13623342859037252
coverage_corrected_intensity,58,0.13846064139499356
coverage_corrected_intensity,59,0.1406878541996146
coverage_corrected_intensity,60,0.14291187157696933
coverage_corrected_intensity,61,0.14512630267252513
coverage_corrected_intensity,62,0.14733194634309854
coverage_corrected_intensity,63,0.14953759001367195
coverage_corrected_intensity,64,0.15174323368424536
coverage_corrected_intensity,65,0.1539480784980022
coverage_corrected_intensity,66,0.15614333702996008
coverage_corrected_intensity,67,0.15833220470738538
coverage_corrected_intensity,68,0.16051787695754433
coverage_corrected_intensity,69,0.16269396292590432
coverage_corrected_intensity,70,0.16485806604201567
coverage_corrected_intensity,71,0.167022169158127
coverage_corrected_intensity,72,0.16918627227423835
coverage_corrected_intensity,73,0.17135037539034967
coverage_corrected_intensity,74,0.173514478506461
coverage_corrected_intensity,75,0.17567858162257233
coverage_corrected_intensity,76,0.17784268473868367
coverage_corrected_intensity,77,0.180006787854795
coverage_corrected_intensity,78,0.18217089097090633
coverage_corrected_intensity,79,0.18432780437566845
coverage_corrected_intensity,80,0.18647513149863162
coverage_corrected_intensity,81,0.18861287233979585
coverage_corrected_intensity,82,0.19074741775369375
coverage_corrected_intensity,83,0.19288196316759168
coverage_corrected_intensity,84,0.1950165085814896
coverage_corrected_intensity,85,0.19715105399538752
coverage_corrected_intensity,86,0.19928559940928545
coverage_corrected_intensity,87,0.2014041676868518
coverage_corrected_intensity,88,0.20351314968261922
coverage_corrected_intensity,89,0.2056125453965877
coverage_corrected_intensity,90,0.20771114225373957
coverage_corrected_intensity,91,0.20980973911089149
coverage_corrected_intensity,92,0.21190833596804337
coverage_corrected_intensity,93,0.21400693282519528
coverage_corrected_intensity,94,0.2160967422573648
coverage_corrected_intensity,95,0.21817696540773537
coverage_corrected_intensity,96,0.22023801599450807
coverage_corrected_intensity,97,0.22228548601539894
coverage_corrected_intensity,98,0.22433295603628978
coverage_corrected_intensity,99,0.22638042605718064
coverage_corrected_intensity,100,0.2284278960780715
coverage_corrected_intensity,101,0.23047536609896235
coverage_corrected_intensity,102,0.23252283611985322
coverage_corrected_intensity,103,0.23457030614074406
coverage_corrected_intensity,104,0.23661218416391888
coverage_corrected_intensity,105,0.23864447590529475
coverage_corrected_intensity,106,0.24067579277055548
coverage_corrected_intensity,107,0.2426984982301324
coverage_corrected_intensity,108,0.24471161740791036
coverage_corrected_intensity,109,0.2467151503038894
coverage_corrected_intensity,110,0.24870909691806953
coverage_corrected_intensity,111,0.25070304353224965
coverage_corrected_intensity,112,0.25269699014642977
coverage_corrected_intensity,113,0.25469093676060983
coverage_corrected_intensity,114,0.25668488337478995
coverage_corrected_intensity,115,0.25867882998897007
coverage_corrected_intensity,116,0.2606727766031502
coverage_corrected_intensity,117,0.2626667232173303
coverage_corrected_intensity,118,0.26465108354971145
coverage_corrected_intensity,119,0.26662585760029367
coverage_corrected_intensity,120,0.2685910453690769
coverage_corrected_intensity,121,0.27054265257197835
coverage_corrected_intensity,122,0.2724942597748798
coverage_corrected_intensity,123,0.2744458669777813
coverage_corrected_intensity,124,0.2763974741806827
coverage_corrected_intensity,125,0.27834908138358416
coverage_corrected_intensity,126,0.2803006885864856
coverage_corrected_intensity,127,0.28225229578938704
coverage_corrected_intensity,128,0.2842039029922885
coverage_corrected_intensity,129,0.2861555101951899
coverage_corrected_intensity,130,0.2881015254003753
coverage_corrected_intensity,131,0.2900379543237617
coverage_corrected_intensity,132,0.29196799239261556
coverage_corrected_intensity,133,0.2938852487524041
coverage_corrected_intensity,134,0.2957929188303937
coverage_corrected_intensity,135,0.29769739348111707
coverage_corrected_intensity,136,0.29960186813184037
coverage_corrected_intensity,137,0.30149835421439786
coverage_corrected_intensity,138,0.3033868517287896
coverage_corrected_intensity,139,0.30526656181819894
coverage_corrected_intensity,140,0.30714547305079176
coverage_corrected_intensity,141,0.30901799342885194
coverage_corrected_intensity,142,0.3108873183796458
coverage_corrected_intensity,143,0.3127494536190904
coverage_corrected_intensity,144,0.3146091922880853
coverage_corrected_intensity,145,0.3164609423889144
coverage_corrected_intensity,146,0.3183110947761104
coverage_corrected_intensity,147,0.3201548563087737
coverage_corrected_intensity,148,0.321998617841437
coverage_corrected_intensity,149,0.3238423793741004
coverage_corrected_intensity,150,0.32568294547949733
coverage_corrected_intensity,151,0.32751791958717835
coverage_corrected_intensity,152,0.32935289369485926
coverage_corrected_intensity,153,0.33118387351845735
coverage_corrected_intensity,154,0.33300606591707305
coverage_corrected_intensity,155,0.3348282583156888
coverage_corrected_intensity,156,0.3366504507143045
coverage_corrected_intensity,157,0.33847184425610366
coverage_corrected_intensity,158,0.34028604808655355
coverage_corrected_intensity,159,0.34208986677838793
coverage_corrected_intensity,160,0.3438936854702223
coverage_corrected_intensity,161,0.3456975041620567
coverage_corrected_intensity,162,0.3475013228538911
coverage_corrected_intensity,163,0.34930354383209233
coverage_corrected_intensity,164,0.3510961785284947
coverage_corrected_intensity,165,0.35288002579991457
coverage_corrected_intensity,166,0.3546638730713345
coverage_corrected_intensity,167,0.3564477203427544
coverage_corrected_intensity,168,0.35823156761417435
coverage_corrected_intensity,169,0.3600154148855943
coverage_corrected_intensity,170,0.3617992621570142
coverage_corrected_intensity,171,0.3635727242898186
coverage_corrected_intensity,172,0.36534219213854013
coverage_corrected_intensity,173,0.3671116599872616
coverage_corrected_intensity,174,0.36887553583826704
coverage_corrected_intensity,175,0.3706298254074736
coverage_corrected_intensity,176,0.3723841149766801
coverage_corrected_intensity,177,0.3741384045458866
coverage_corrected_intensity,178,0.37589269411509313
coverage_corrected_intensity,179,0.3776373974025007
coverage_corrected_intensity,180,0.37937890526264195
coverage_corrected_intensity,181,0.3811140222682506
coverage_corrected_intensity,182,0.38284194956251005
coverage_corrected_intensity,183,0.38456987685676947
coverage_corrected_intensity,184,0.3862954075805791
coverage_corrected_intensity,185,0.3880113520225899
coverage_corrected_intensity,186,0.38971771018280177
coverage_corrected_intensity,187,0.3914216717725638
coverage_corrected_intensity,188,0.39311844365097676
coverage_corrected_intensity,189,0.39480882467485695
coverage_corrected_intensity,190,0.3964960102714709
coverage_corrected_intensity,191,0.3981736095862859
coverage_corrected_intensity,192,0.39984401918975165
coverage_corrected_intensity,193,0.4015144287932174
coverage_corrected_intensity,194,0.4031824418262335
coverage_corrected_intensity,195,0.40484086857745055
coverage_corrected_intensity,196,0.40649530104458476
coverage_corrected_intensity,197,0.40814973351171896
coverage_corrected_intensity,198,0.4098041659788531
coverage_corrected_intensity,199,0.41145300644827126
coverage_corrected_intensity,200,0.4130922606358905
coverage_corrected_intensity,201,0.41472991710987656
coverage_corrected_intensity,202,0.4163675735838626
coverage_corrected_intensity,203,0.41800523005784873
coverage_corrected_intensity,204,0.4196428865318348
coverage_corrected_intensity,205,0.42128054300582085
coverage_corrected_intensity,206,0.4229102109116411
coverage_corrected_intensity,207,0.42453029253566243
coverage_corrected_intensity,208,0.4261495753028672
coverage_corrected_intensity,209,0.4277688580700719
coverage_corrected_intensity,210,0.42938814083727667
coverage_corrected_intensity,211,0.4310074236044814
coverage_corrected_intensity,212,0.4326267063716861
coverage_corrected_intensity,213,0.434232408573009
coverage_corrected_intensity,214,0.4358381107743319
coverage_corrected_intensity,215,0.4374390198347553
coverage_corrected_intensity,216,0.4390359346110959
coverage_corrected_intensity,217,0.4406272573897204
coverage_corrected_intensity,218,0.4422097927433626
coverage_corrected_intensity,219,0.44379232809700475
coverage_corrected_intensity,220,0.44537406459383033
coverage_corrected_intensity,221,0.4469515766274903
coverage_corrected_intensity,222,0.4485237268425169
coverage_corrected_intensity,223,0.4500918827734606
coverage_corrected_intensity,224,0.4516600387044044
coverage_corrected_intensity,225,0.45322819463534814
coverage_corrected_intensity,226,0.45479635056629186
coverage_corrected_intensity,227,0.45635891449951954
coverage_corrected_intensity,228,0.457914288721398
coverage_corrected_intensity,229,0.45946966294327646
coverage_corrected_intensity,230,0.46102503716515486
coverage_corrected_intensity,231,0.4625780148165836
coverage_corrected_intensity,232,0.4641214061862134
coverage_corrected_intensity,233,0.46565601013086083
coverage_corrected_intensity,234,0.46719061407550827
coverage_corrected_intensity,235,0.46872441916333907
coverage_corrected_intensity,236,0.4702478391125544
coverage_corrected_intensity,237,0.47176247163678736
coverage_corrected_intensity,238,0.47327071330648773
coverage_corrected_intensity,239,0.47477895497618805
coverage_corrected_intensity,240,0.4762744149368231
coverage_corrected_intensity,241,0.47776588061337527
coverage_corrected_intensity,242,0.4792573462899274
coverage_corrected_intensity,243,0.48074881196647956
coverage_corrected_intensity,244,0.4822402776430317
coverage_corrected_intensity,245,0.4837261513218678
coverage_corrected_intensity,246,0.48520243871890495
coverage_corrected_intensity,247,0.4866747318318593
coverage_corrected_intensity,248,0.4881470249448136
coverage_corrected_intensity,249,0.4896193180577679
coverage_corrected_intensity,250,0.49109161117072225
coverage_corrected_intensity,251,0.4925583122859605
coverage_corrected_intensity,252,0.49401542711939983
coverage_corrected_intensity,253,0.49546615109830644
coverage_corrected_intensity,254,0.49691367964994687
coverage_corrected_intensity,255,0.49835162191978827
coverage_corrected_intensity,256,0.4997855699055468
coverage_corrected_intensity,257,0.5012195178913054
coverage_corrected_intensity,258,0.5026478738793478
coverage_corrected_intensity,259,0.5040666435855914
coverage_corrected_intensity,260,0.5054854132918349
coverage_corrected_intensity,261,0.5069041829980785
coverage_corrected_intensity,262,0.508322952704322
coverage_corrected_intensity,263,0.5097417224105656
coverage_corrected_intensity,264,0.511160492116809
coverage_corrected_intensity,265,0.5125792618230526
coverage_corrected_intensity,266,0.5139980315292961
coverage_corrected_intensity,267,0.5154072149537408
coverage_corrected_intensity,268,0.5168068120963863
coverage_corrected_intensity,269,0.5182024149549491
coverage_corrected_intensity,270,0.5195980178135119
coverage_corrected_intensity,271,0.5209936206720746
coverage_corrected_intensity,272,0.5223892235306373
coverage_corrected_intensity,273,0.5237848263892001
coverage_corrected_intensity,274,0.5251748372500468
coverage_corrected_intensity,275,0.5265552618290945
coverage_corrected_intensity,276,0.5279274812008398
coverage_corrected_intensity,277,0.5292983194980886
coverage_corrected_intensity,278,0.5306635657976214
coverage_corrected_intensity,279,0.5320288120971541
coverage_corrected_intensity,280,0.5333940583966869
coverage_corrected_intensity,281,0.5347593046962197
coverage_corrected_intensity,282,0.5361205567116695
coverage_corrected_intensity,283,0.5374722224453204
coverage_corrected_intensity,284,0.5388166984676221
coverage_corrected_intensity,285,0.5401611744899238
coverage_corrected_intensity,286,0.5415032539417758
coverage_corrected_intensity,287,0.5428357471118289
coverage_corrected_intensity,288,0.5441666425682488
coverage_corrected_intensity,289,0.5454975380246686
coverage_corrected_intensity,290,0.5468204449129228
coverage_corrected_intensity,291,0.548133765519378
coverage_corrected_intensity,292,0.5494414941281172
coverage_corrected_intensity,293,0.5507492227368562
coverage_corrected_intensity,294,0.5520569513455954
coverage_corrected_intensity,295,0.5533606856702517
coverage_corrected_intensity,296,0.5546572709033968
coverage_corrected_intensity,297,0.5559514189462541
coverage_corrected_intensity,298,0.5572359807073124
coverage_corrected_intensity,299,0.5585205424683708
coverage_corrected_intensity,300,0.5598051042294291
coverage_corrected_intensity,301,0.5610800797086885
coverage_corrected_intensity,302,0.5623550551879479
coverage_corrected_intensity,303,0.5636300306672073
coverage_corrected_intensity,304,0.5649034084328335
coverage_corrected_intensity,305,0.5661759873416432
coverage_corrected_intensity,306,0.5674465691084114
coverage_corrected_intensity,307,0.5687159525899548
coverage_corrected_intensity,308,0.5699813417874152
coverage_corrected_intensity,309,0.5712467309848757
coverage_corrected_intensity,310,0.5725121201823361
coverage_corrected_intensity,311,0.5737775093797965
coverage_corrected_intensity,312,0.5750409014352156
coverage_corrected_intensity,313,0.5763042934906346
coverage_corrected_intensity,314,0.5775632918335624
coverage_corrected_intensity,315,0.5788220599974075
coverage_corrected_intensity,316,0.5800778629130691
coverage_corrected_intensity,317,0.5813264761173813
coverage_corrected_intensity,318,0.5825726927512439
coverage_corrected_intensity,319,0.5838185099566982
coverage_corrected_intensity,320,0.5850627294485192
coverage_corrected_intensity,321,0.5863057506551156
coverage_corrected_intensity,322,0.5875431798639957
coverage_corrected_intensity,323,0.5887798102160593
coverage_corrected_intensity,324,0.5900132451408566
coverage_corrected_intensity,325,0.591246680065654
coverage_corrected_intensity,326,0.5924737241359186
coverage_corrected_intensity,327,0.593697572778917
coverage_corrected_intensity,328,0.5949198237082821
coverage_corrected_intensity,329,0.5961372814967478
coverage_corrected_intensity,330,0.5973527421431721
coverage_corrected_intensity,331,0.5985682027895964
coverage_corrected_intensity,332,0.5997808674371626
coverage_corrected_intensity,333,0.6009935320847288
coverage_corrected_intensity,334,0.6022061967322951
coverage_corrected_intensity,335,0.6034188613798613
coverage_corrected_intensity,336,0.6046315260274275
coverage_corrected_intensity,337,0.6058441906749938
coverage_corrected_intensity,338,0.60705685532256
coverage_corrected_intensity,339,0.6082655256860434
coverage_corrected_intensity,340,0.6094733971927102
coverage_corrected_intensity,341,0.6106780732721108
coverage_corrected_intensity,342,0.611881151637878
coverage_corrected_intensity,343,0.6130830816469716
coverage_corrected_intensity,344,0.6142829645854725
coverage_corrected_intensity,345,0.6154812498103405
coverage_corrected_intensity,346,0.6166783367499834
coverage_corrected_intensity,347,0.6178710299771352
coverage_corrected_intensity,348,0.6190605277770206
coverage_corrected_intensity,349,0.6202492267200895
coverage_corrected_intensity,350,0.6214287388097678
coverage_corrected_intensity,351,0.6226078514710378
coverage_corrected_intensity,352,0.6237869641323078
coverage_corrected_intensity,353,0.62496233215225
coverage_corrected_intensity,354,0.6261342551021708
coverage_corrected_intensity,355,0.6273061780520915
coverage_corrected_intensity,356,0.6284701124338465
coverage_corrected_intensity,357,0.6296340468156015
coverage_corrected_intensity,358,0.6307939869132736
coverage_corrected_intensity,359,0.6319451395859633
coverage_corrected_intensity,360,0.6330954934018364
coverage_corrected_intensity,361,0.6342438500756681
coverage_corrected_intensity,362,0.635389167031613
coverage_corrected_intensity,363,0.6365315322793202
coverage_corrected_intensity,364,0.6376722998133945
coverage_corrected_intensity,365,0.6388074753497526
coverage_corrected_intensity,366,0.6399386566020279
coverage_corrected_intensity,367,0.6410666424270368
coverage_corrected_intensity,368,0.6421946282520457
coverage_corrected_intensity,369,0.6433210163634214
coverage_corrected_intensity,370,0.6444474044747972
coverage_corrected_intensity,371,0.645573792586173
coverage_corrected_intensity,372,0.6467001806975488
coverage_corrected_intensity,373,0.6478265688089245
coverage_corrected_intensity,374,0.6489481637794008
coverage_corrected_intensity,375,0.6500617701817113
coverage_corrected_intensity,376,0.6511737788703886
coverage_corrected_intensity,377,0.6522817932749831
coverage_corrected_intensity,378,0.6533898076795777
coverage_corrected_intensity,379,0.6544978220841721
coverage_corrected_intensity,380,0.6556058364887665
coverage_corrected_intensity,381,0.6567086583240532
coverage_corrected_intensity,382,0.6578110807309318
coverage_corrected_intensity,383,0.6589039168560112
coverage_corrected_intensity,384,0.6599935575538243
coverage_corrected_intensity,385,0.6610831982516374
coverage_corrected_intensity,386,0.6621728389494506
coverage_corrected_intensity,387,0.6632624796472636
coverage_corrected_intensity,388,0.6643457294905443
coverage_corrected_intensity,389,0.6654277810485999
coverage_corrected_intensity,390,0.6665098326066556
coverage_corrected_intensity,391,0.6675834961681373
coverage_corrected_intensity,392,0.6686507688750862
coverage_corrected_intensity,393,0.6697180415820352
coverage_corrected_intensity,394,0.6707853142889841
coverage_corrected_intensity,395,0.6718493915686667
coverage_corrected_intensity,396,0.6729134688483495
coverage_corrected_intensity,397,0.6739743507007658
coverage_corrected_intensity,398,0.6750352325531822
coverage_corrected_intensity,399,0.6760961144055987
coverage_corrected_intensity,400,0.6771569962580151
coverage_corrected_intensity,401,0.6782178781104314
coverage_corrected_intensity,402,0.6792787599628479
coverage_corrected_intensity,403,0.6803396418152643
coverage_corrected_intensity,404,0.6814005236676807
coverage_corrected_intensity,405,0.6824550146655645
coverage_corrected_intensity,406,0.6835086402352302
coverage_corrected_intensity,407,0.6845579386638061
coverage_corrected_intensity,408,0.685607237092382
coverage_corrected_intensity,409,0.6866565355209578
coverage_corrected_intensity,410,0.6877058339495338
coverage_corrected_intensity,411,0.6887551323781097
coverage_corrected_intensity,412,0.6898044308066855
coverage_corrected_intensity,413,0.6908397492409714
coverage_corrected_intensity,414,0.6918750676752572
coverage_corrected_intensity,415,0.6929007998277441
coverage_corrected_intensity,416,0.6939225376961482
coverage_corrected_intensity,417,0.6949442755645522
coverage_corrected_intensity,418,0.6959660134329563
coverage_corrected_intensity,419,0.6969877513013603
coverage_corrected_intensity,420,0.6980094891697644
coverage_corrected_intensity,421,0.6990312270381683
coverage_corrected_intensity,422,0.7000473729088563
coverage_corrected_intensity,423,0.7010539324977453
coverage_corrected_intensity,424,0.7020509058048353
coverage_corrected_intensity,425,0.7030478791119253
coverage_corrected_intensity,426,0.7040448524190154
coverage_corrected_intensity,427,0.7050418257261054
coverage_corrected_intensity,428,0.7060387990331954
coverage_corrected_intensity,429,0.7070261860584865
coverage_corrected_intensity,430,0.708011176513328
coverage_corrected_intensity,431,0.7089961669681694
coverage_corrected_intensity,432,0.7099811574230107
coverage_corrected_intensity,433,0.7109661478778522
coverage_corrected_intensity,434,0.7119511383326935
coverage_corrected_intensity,435,0.7129361287875349
coverage_corrected_intensity,436,0.7139139295310271
coverage_corrected_intensity,437,0.7148897331324777
coverage_corrected_intensity,438,0.715857947594171
coverage_corrected_intensity,439,0.7168229666285979
coverage_corrected_intensity,440,0.7177879856630248
coverage_corrected_intensity,441,0.7187486109849605
coverage_corrected_intensity,442,0.7197072391648547
coverage_corrected_intensity,443,0.7206642696311159
coverage_corrected_intensity,444,0.7216189035269273
coverage_corrected_intensity,445,0.7225735374227387
coverage_corrected_intensity,446,0.7235281713185501
coverage_corrected_intensity,447,0.7244828052143615
coverage_corrected_intensity,448,0.7254374391101729
coverage_corrected_intensity,449,0.7263920730059843
coverage_corrected_intensity,450,0.7273467069017957
coverage_corrected_intensity,451,0.728295748799891
coverage_corrected_intensity,452,0.7292431264129517
coverage_corrected_intensity,453,0.7301825820292481
coverage_corrected_intensity,454,0.7311188422182782
coverage_corrected_intensity,455,0.7320499098380004
coverage_corrected_intensity,456,0.7329809774577227
coverage_corrected_intensity,457,0.7339108467922201
coverage_corrected_intensity,458,0.7348391184130844
coverage_corrected_intensity,459,0.7357673900339486
coverage_corrected_intensity,460,0.7366932650843632
coverage_corrected_intensity,461,0.7376135481370616
coverage_corrected_intensity,462,0.7385242449079611
coverage_corrected_intensity,463,0.7394301485379612
coverage_corrected_intensity,464,0.7403312590270618
coverage_corrected_intensity,465,0.7412275763752629
coverage_corrected_intensity,466,0.7421238937234641
coverage_corrected_intensity,467,0.7430202110716653
coverage_corrected_intensity,468,0.7439165284198663
coverage_corrected_intensity,469,0.7448128457680675
coverage_corrected_intensity,470,0.7457043699753693
coverage_corrected_intensity,471,0.7465891038997301
coverage_corrected_intensity,472,0.7474710418252328
coverage_corrected_intensity,473,0.7483481866098362
coverage_corrected_intensity,474,0.74922053825354
coverage_corrected_intensity,475,0.7500912921836106
coverage_corrected_intensity,476,0.7509552558307403
coverage_corrected_intensity,477,0.7518180211926452
coverage_corrected_intensity,478,0.7526791888409169
coverage_corrected_intensity,479,0.7535403564891885
coverage_corrected_intensity,480,0.7544015241374601
coverage_corrected_intensity,481,0.7552590969300572
coverage_corrected_intensity,482,0.7561122760101632
coverage_corrected_intensity,483,0.7569642568050442
coverage_corrected_intensity,484,0.7578162375999253
coverage_corrected_intensity,485,0.758666221252765
coverage_corrected_intensity,486,0.759511411764705
coverage_corrected_intensity,487,0.7603566022766451
coverage_corrected_intensity,488,0.7612001950749522
coverage_corrected_intensity,489,0.7620401930175845
coverage_corrected_intensity,490,0.7628795252462031
coverage_corrected_intensity,491,0.7637135317627111
coverage_corrected_intensity,492,0.7645407479962781
coverage_corrected_intensity,493,0.7653679642298453
coverage_corrected_intensity,494,0.7661923844645544
coverage_corrected_intensity,495,0.7670146744144193
coverage_corrected_intensity,496,0.7678343015082288
coverage_corrected_intensity,497,0.7686539286020384
coverage_corrected_intensity,498,0.769473555695848
coverage_corrected_intensity,499,0.7702931827896575
coverage_corrected_intensity,500,0.7711128098834672
coverage_corrected_intensity,501,0.7719324369772768
coverage_corrected_intensity,502,0.7727512652142697
coverage_corrected_intensity,503,0.7735660991671799
coverage_corrected_intensity,504,0.77438093312009
coverage_corrected_intensity,505,0.7751905745036923
coverage_corrected_intensity,506,0.7760002158872947
coverage_corrected_intensity,507,0.776809857270897
coverage_corrected_intensity,508,0.7776190992260911
coverage_corrected_intensity,509,0.7784243468972023
coverage_corrected_intensity,510,0.7792295945683135
coverage_corrected_intensity,511,0.780032757087734
coverage_corrected_intensity,512,0.7808284184770463
coverage_corrected_intensity,513,0.7816176890118258
coverage_corrected_intensity,514,0.7824037641193392
coverage_corrected_intensity,515,0.7831802529450536
coverage_corrected_intensity,516,0.7839523480582768
coverage_corrected_intensity,517,0.7847232448862751
coverage_corrected_intensity,518,0.7854917451438236
coverage_corrected_intensity,519,0.7862602454013722
coverage_corrected_intensity,520,0.7870287456589208
coverage_corrected_intensity,521,0.7877972459164693
coverage_corrected_intensity,522,0.7885657461740179
coverage_corrected_intensity,523,0.7893342464315664
coverage_corrected_intensity,524,0.7901023306178563
coverage_corrected_intensity,525,0.7908692331617717
coverage_corrected_intensity,526,0.7916321525168379
coverage_corrected_intensity,527,0.7923938624914455
coverage_corrected_intensity,528,0.7931555724660531
coverage_corrected_intensity,529,0.7939172824406607
coverage_corrected_intensity,530,0.7946788592724655
coverage_corrected_intensity,531,0.7954404361042704
coverage_corrected_intensity,532,0.7961977523663868
coverage_corrected_intensity,533,0.7969518732012371
coverage_corrected_intensity,534,0.7976998694671601
coverage_corrected_intensity,535,0.7984475994474776
coverage_corrected_intensity,536,0.7991900037156847
coverage_corrected_intensity,537,0.7999324079838918
coverage_corrected_intensity,538,0.8006705516824103
coverage_corrected_intensity,539,0.8014066982388875
coverage_corrected_intensity,540,0.8021428447953647
coverage_corrected_intensity,541,0.8028780593522226
coverage_corrected_intensity,542,0.8036132739090803
coverage_corrected_intensity,543,0.8043418313258
coverage_corrected_intensity,544,0.8050703887425196
coverage_corrected_intensity,545,0.8057989461592392
coverage_corrected_intensity,546,0.8065275035759588
coverage_corrected_intensity,547,0.8072560609926785
coverage_corrected_intensity,548,0.8079846184093982
coverage_corrected_intensity,549,0.8087131758261178
coverage_corrected_intensity,550,0.8094345435314881
coverage_corrected_intensity,551,0.8101535146664088
coverage_corrected_intensity,552,0.8108704886592881
coverage_corrected_intensity,553,0.8115874626521673
coverage_corrected_intensity,554,0.8123041861560448
coverage_corrected_intensity,555,0.8130135710091666
coverage_corrected_intensity,556,0.8137229558622883
coverage_corrected_intensity,557,0.8144227544336111
coverage_corrected_intensity,558,0.8151222867193284
coverage_corrected_intensity,559,0.8158210020949677
coverage_corrected_intensity,560,0.816518803524249
coverage_corrected_intensity,561,0.8172166049535304
coverage_corrected_intensity,562,0.8179100126703206
coverage_corrected_intensity,563,0.8186034203871109
coverage_corrected_intensity,564,0.8192968281039011
coverage_corrected_intensity,565,0.8199902358206914
coverage_corrected_intensity,566,0.8206836435374817
coverage_corrected_intensity,567,0.8213770512542719
coverage_corrected_intensity,568,0.8220704589710621
coverage_corrected_intensity,569,0.8227638666878524
coverage_corrected_intensity,570,0.8234540789773762
coverage_corrected_intensity,571,0.8241367021271426
coverage_corrected_intensity,572,0.8248193252769092
coverage_corrected_intensity,573,0.8255019484266756
coverage_corrected_intensity,574,0.8261844384336393
coverage_corrected_intensity,575,0.8268669284406029
coverage_corrected_intensity,576,0.8275494184475667
coverage_corrected_intensity,577,0.8282300444552916
coverage_corrected_intensity,578,0.8289010841812174
coverage_corrected_intensity,579,0.8295657330526109
coverage_corrected_intensity,580,0.8302303819240043
coverage_corrected_intensity,581,0.8308950307953977
coverage_corrected_intensity,582,0.8315564842395247
coverage_corrected_intensity,583,0.8322103485438943
coverage_corrected_intensity,584,0.832864212848264
coverage_corrected_intensity,585,0.8335176777242252
coverage_corrected_intensity,586,0.8341711426001865
coverage_corrected_intensity,587,0.8348246074761478
coverage_corrected_intensity,588,0.8354780723521092
coverage_corrected_intensity,589,0.8361315372280705
coverage_corrected_intensity,590,0.8367850021040318
coverage_corrected_intensity,591,0.8374384669799931
coverage_corrected_intensity,592,0.8380919318559545
coverage_corrected_intensity,593,0.8387437990182826
coverage_corrected_intensity,594,0.839390140754296
coverage_corrected_intensity,595,0.8400364824903095
coverage_corrected_intensity,596,0.8406798285132608
coverage_corrected_intensity,597,0.8413221093937899
coverage_corrected_intensity,598,0.841964390274319
coverage_corrected_intensity,599,0.8426066711548481
coverage_corrected_intensity,600,0.8432441588944778
coverage_corrected_intensity,601,0.8438792500636578
coverage_corrected_intensity,602,0.8445140749472323
coverage_corrected_intensity,603,0.8451467695459626
coverage_corrected_intensity,604,0.8457794641446928
coverage_corrected_intensity,605,0.8464121587434231
coverage_corrected_intensity,606,0.8470448533421534
coverage_corrected_intensity,607,0.8476729545141883
coverage_corrected_intensity,608,0.8482996373768752
coverage_corrected_intensity,609,0.8489255416926644
coverage_corrected_intensity,610,0.8495486500095958
coverage_corrected_intensity,611,0.8501701606128939
coverage_corrected_intensity,612,0.8507916712161919
coverage_corrected_intensity,613,0.85141318181949
coverage_corrected_intensity,614,0.8520346924227881
coverage_corrected_intensity,615,0.8526562030260861
coverage_corrected_intensity,616,0.8532769147725676
coverage_corrected_intensity,617,0.853896028805416
coverage_corrected_intensity,618,0.8545141442672437
coverage_corrected_intensity,619,0.855127666302376
coverage_corrected_intensity,620,0.8557403894806919
coverage_corrected_intensity,621,0.8563531126590077
coverage_corrected_intensity,622,0.8569658358373236
coverage_corrected_intensity,623,0.8575785590156394
coverage_corrected_intensity,624,0.8581912821939552
coverage_corrected_intensity,625,0.8588040053722711
coverage_corrected_intensity,626,0.8594149311227495
coverage_corrected_intensity,627,0.8600238597311864
coverage_corrected_intensity,628,0.8606301920549696
coverage_corrected_intensity,629,0.8612365243787528
coverage_corrected_intensity,630,0.8618428567025359
coverage_corrected_intensity,631,0.8624467924558693
coverage_corrected_intensity,632,0.8630480653531474
coverage_corrected_intensity,633,0.863642414824682
coverage_corrected_intensity,634,0.8642353662967874
coverage_corrected_intensity,635,0.8648273191978721
coverage_corrected_intensity,636,0.8654171418141126
coverage_corrected_intensity,637,0.8660066981447475
coverage_corrected_intensity,638,0.8665962544753825
coverage_corrected_intensity,639,0.8671858108060174
coverage_corrected_intensity,640,0.8677731258994725
coverage_corrected_intensity,641,0.8683578890892081
coverage_corrected_intensity,642,0.8689426522789436
coverage_corrected_intensity,643,0.8695274154686792
coverage_corrected_intensity,644,0.8701079180887262
coverage_corrected_intensity,645,0.8706834944250712
coverage_corrected_intensity,646,0.8712590707614161
coverage_corrected_intensity,647,0.8718345805263595
coverage_corrected_intensity,648,0.8724089585774796
coverage_corrected_intensity,649,0.8729833366285996
coverage_corrected_intensity,650,0.8735577146797197
coverage_corrected_intensity,651,0.8741320927308397
coverage_corrected_intensity,652,0.8747047512088121
coverage_corrected_intensity,653,0.8752703418349498
coverage_corrected_intensity,654,0.8758338021762433
coverage_corrected_intensity,655,0.8763969962319312
coverage_corrected_intensity,656,0.8769579934313735
coverage_corrected_intensity,657,0.8775139977757122
coverage_corrected_intensity,658,0.8780686481254464
coverage_corrected_intensity,659,0.8786226553277438
coverage_corrected_intensity,660,0.8791741328167884
coverage_corrected_intensity,661,0.8797256103058331
coverage_corrected_intensity,662,0.8802720283683728
coverage_corrected_intensity,663,0.8808168487172795
coverage_corrected_intensity,664,0.8813616690661861
coverage_corrected_intensity,665,0.8819014299885877
coverage_corrected_intensity,666,0.882439060626145
coverage_corrected_intensity,667,0.8829766912637024
coverage_corrected_intensity,668,0.8835143219012598
coverage_corrected_intensity,669,0.8840519525388172
coverage_corrected_intensity,670,0.884588784319558
coverage_corrected_intensity,671,0.8851222376016787
coverage_corrected_intensity,672,0.8856545425271255
coverage_corrected_intensity,673,0.8861820543116729
coverage_corrected_intensity,674,0.8867092998106147
coverage_corrected_intensity,675,0.8872339490249027
coverage_corrected_intensity,676,0.8877585982391908
coverage_corrected_intensity,677,0.8882762574563337
coverage_corrected_intensity,678,0.8887867878918846
coverage_corrected_intensity,679,0.8892948608272285
coverage_corrected_intensity,680,0.8898026674769669
coverage_corrected_intensity,681,0.8903080242991346
coverage_corrected_intensity,682,0.890810771522368
coverage_corrected_intensity,683,0.8913124536031792
coverage_corrected_intensity,684,0.8918141356839905
coverage_corrected_intensity,685,0.8923158177648018
coverage_corrected_intensity,686,0.8928174998456131
coverage_corrected_intensity,687,0.8933191819264243
coverage_corrected_intensity,688,0.8938208640072357
coverage_corrected_intensity,689,0.894322546088047
coverage_corrected_intensity,690,0.8948242281688582
coverage_corrected_intensity,691,0.8953259102496696
coverage_corrected_intensity,692,0.8958243969032146
coverage_corrected_intensity,693,0.896321552128732
coverage_corrected_intensity,694,0.8968140473561526
coverage_corrected_intensity,695,0.8973065425835732
coverage_corrected_intensity,696,0.897797306954558
coverage_corrected_intensity,697,0.898286207326304
coverage_corrected_intensity,698,0.8987741091270294
coverage_corrected_intensity,699,0.8992576837866649
coverage_corrected_intensity,700,0.8997369978766121
coverage_corrected_intensity,701,0.9002155131097427
coverage_corrected_intensity,702,0.9006928300576483
coverage_corrected_intensity,703,0.9011692682630559
coverage_corrected_intensity,704,0.9016453869257367
coverage_corrected_intensity,705,0.9021171118759262
coverage_corrected_intensity,706,0.9025868396840745
coverage_corrected_intensity,707,0.9030557713433953
coverage_corrected_intensity,708,0.9035239014379104
coverage_corrected_intensity,709,0.9039891023907647
coverage_corrected_intensity,710,0.904454303343619
coverage_corrected_intensity,711,0.9049195042964733
coverage_corrected_intensity,712,0.90538433910662
coverage_corrected_intensity,713,0.9058489488151638
coverage_corrected_intensity,714,0.9063098891983294
coverage_corrected_intensity,715,0.9067708295814952
coverage_corrected_intensity,716,0.907231769964661
coverage_corrected_intensity,717,0.9076927103478268
coverage_corrected_intensity,718,0.9081536507309926
coverage_corrected_intensity,719,0.9086145911141584
coverage_corrected_intensity,720,0.9090747326405076
coverage_corrected_intensity,721,0.909529814740352
coverage_corrected_intensity,722,0.9099838849548954
coverage_corrected_intensity,723,0.9104376897864961
coverage_corrected_intensity,724,0.9108912407441085
coverage_corrected_intensity,725,0.9113417959886588
coverage_corrected_intensity,726,0.9117899546627595
coverage_corrected_intensity,727,0.91223811333686
coverage_corrected_intensity,728,0.9126862720109606
coverage_corrected_intensity,729,0.9131344306850612
coverage_corrected_intensity,730,0.9135825893591617
coverage_corrected_intensity,731,0.9140293100909925
coverage_corrected_intensity,732,0.9144729419097992
coverage_corrected_intensity,733,0.9149153088719795
coverage_corrected_intensity,734,0.9153565330251028
coverage_corrected_intensity,735,0.9157975019878541
coverage_corrected_intensity,736,0.9162379883079455
coverage_corrected_intensity,737,0.9166757618434305
coverage_corrected_intensity,738,0.917111671379677
coverage_corrected_intensity,739,0.9175438664573919
coverage_corrected_intensity,740,0.917976061535107
coverage_corrected_intensity,741,0.9184080433586718
coverage_corrected_intensity,742,0.9188394260396242
coverage_corrected_intensity,743,0.91927000986376
coverage_corrected_intensity,744,0.9197005936878958
coverage_corrected_intensity,745,0.9201275027706755
coverage_corrected_intensity,746,0.920553493168116
coverage_corrected_intensity,747,0.9209793703941742
coverage_corrected_intensity,748,0.9214051610774106
coverage_corrected_intensity,749,0.921830951760647
coverage_corrected_intensity,750,0.9222567424438834
coverage_corrected_intensity,751,0.9226817342703032
coverage_corrected_intensity,752,0.9231045958118788
coverage_corrected_intensity,753,0.9235263922110322
coverage_corrected_intensity,754,0.9239475228961719
coverage_corrected_intensity,755,0.9243671890104811
coverage_corrected_intensity,756,0.9247836596975241
coverage_corrected_intensity,757,0.9251989320993422
coverage_corrected_intensity,758,0.925613272501541
coverage_corrected_intensity,759,0.9260260188007589
coverage_corrected_intensity,760,0.9264382289181133
coverage_corrected_intensity,761,0.9268480424650182
coverage_corrected_intensity,762,0.927257856011923
coverage_corrected_intensity,763,0.9276676695588277
coverage_corrected_intensity,764,0.9280771635630058
coverage_corrected_intensity,765,0.9284859230627222
coverage_corrected_intensity,766,0.9288933400391772
coverage_corrected_intensity,767,0.9292981607309785
coverage_corrected_intensity,768,0.9297023822801673
coverage_corrected_intensity,769,0.9301050061157228
coverage_corrected_intensity,770,0.9305042348098079
coverage_corrected_intensity,771,0.9309030241326439
coverage_corrected_intensity,772,0.9312983251140476
coverage_corrected_intensity,773,0.931692161524621
coverage_corrected_intensity,774,0.9320859979351942
coverage_corrected_intensity,775,0.9324798343457675
coverage_corrected_intensity,776,0.9328736707563409
coverage_corrected_intensity,777,0.9332675071669141
coverage_corrected_intensity,778,0.9336613435774874
coverage_corrected_intensity,779,0.9340543811312441
coverage_corrected_intensity,780,0.9344450221145509
coverage_corrected_intensity,781,0.9348330002418026
coverage_corrected_intensity,782,0.9352209783690543
coverage_corrected_intensity,783,0.9356061272117472
coverage_corrected_intensity,784,0.9359903773405216
coverage_corrected_intensity,785,0.9363746274692959
coverage_corrected_intensity,786,0.9367586695624409
coverage_corrected_intensity,787,0.9371421208343986
coverage_corrected_intensity,788,0.937524933020903
coverage_corrected_intensity,789,0.9379033248663557
coverage_corrected_intensity,790,0.9382795864269643
coverage_corrected_intensity,791,0.9386555817019673
coverage_corrected_intensity,792,0.9390315237198492
coverage_corrected_intensity,793,0.9394069864236412
coverage_corrected_intensity,794,0.9397809845566027
coverage_corrected_intensity,795,0.9401548495467615
coverage_corrected_intensity,796,0.9405229228250002
coverage_corrected_intensity,797,0.9408899176465364
coverage_corrected_intensity,798,0.9412541963548963
coverage_corrected_intensity,799,0.9416174099208339
coverage_corrected_intensity,800,0.9419780937735192
coverage_corrected_intensity,801,0.9423382640753937
coverage_corrected_intensity,802,0.9426974833572485
coverage_corrected_intensity,803,0.9430537734974425
coverage_corrected_intensity,804,0.9434100636376366
coverage_corrected_intensity,805,0.9437663537778307
coverage_corrected_intensity,806,0.9441226439180247
coverage_corrected_intensity,807,0.9444789340582188
coverage_corrected_intensity,808,0.9448352241984129
coverage_corrected_intensity,809,0.9451899166249739
coverage_corrected_intensity,810,0.9455435439091127
coverage_corrected_intensity,811,0.9458971711932516
coverage_corrected_intensity,812,0.9462475579169706
coverage_corrected_intensity,813,0.9465973240598292
coverage_corrected_intensity,814,0.9469470902026877
coverage_corrected_intensity,815,0.9472947070403018
coverage_corrected_intensity,816,0.947641410898697
coverage_corrected_intensity,817,0.9479881147570921
coverage_corrected_intensity,818,0.9483332209018541
coverage_corrected_intensity,819,0.9486776413611819
coverage_corrected_intensity,820,0.9490210499352085
coverage_corrected_intensity,821,0.9493629606527041
coverage_corrected_intensity,822,0.9497042722275872
coverage_corrected_intensity,823,0.9500448515170552
coverage_corrected_intensity,824,0.9503841374192963
coverage_corrected_intensity,825,0.9507201365963494
coverage_corrected_intensity,826,0.9510556564593123
coverage_corrected_intensity,827,0.9513897383800056
coverage_corrected_intensity,828,0.9517220628157023
coverage_corrected_intensity,829,0.9520518741809967
coverage_corrected_intensity,830,0.9523788063331815
coverage_corrected_intensity,831,0.9527057384853663
coverage_corrected_intensity,832,0.953032470923347
coverage_corrected_intensity,833,0.9533592033613276
coverage_corrected_intensity,834,0.9536851369424918
coverage_corrected_intensity,835,0.9540094728100227
coverage_corrected_intensity,836,0.9543318183054852
coverage_corrected_intensity,837,0.9546513610321167
coverage_corrected_intensity,838,0.954970903758748
coverage_corrected_intensity,839,0.9552904464853794
coverage_corrected_intensity,840,0.9556099892120109
coverage_corrected_intensity,841,0.9559295319386423
coverage_corrected_intensity,842,0.9562490746652738
coverage_corrected_intensity,843,0.9565686173919051
coverage_corrected_intensity,844,0.9568849646912703
coverage_corrected_intensity,845,0.95720104570503
coverage_corrected_intensity,846,0.9575164693262009
coverage_corrected_intensity,847,0.9578285726987279
coverage_corrected_intensity,848,0.9581393280003769
coverage_corrected_intensity,849,0.9584492844452094
coverage_corrected_intensity,850,0.9587560454627756
coverage_corrected_intensity,851,0.9590624070519335
coverage_corrected_intensity,852,0.9593687686410914
coverage_corrected_intensity,853,0.9596751302302493
coverage_corrected_intensity,854,0.9599814918194073
coverage_corrected_intensity,855,0.9602846579812987
coverage_corrected_intensity,856,0.960585693858346
coverage_corrected_intensity,857,0.9608845994505492
coverage_corrected_intensity,858,0.9611833718999496
coverage_corrected_intensity,859,0.9614805466357168
coverage_corrected_intensity,860,0.9617750052583077
coverage_corrected_intensity,861,0.9620659888537465
coverage_corrected_intensity,862,0.9623537770219189
coverage_corrected_intensity,863,0.9626415651900914
coverage_corrected_intensity,864,0.9629291536440596
coverage_corrected_intensity,865,0.9632163426696196
coverage_corrected_intensity,866,0.9635035316951797
coverage_corrected_intensity,867,0.963790587577937
coverage_corrected_intensity,868,0.9640776046273768
coverage_corrected_intensity,869,0.9643614858864306
coverage_corrected_intensity,870,0.964643928371072
coverage_corrected_intensity,871,0.9649248551715868
coverage_corrected_intensity,872,0.9652044313624837
coverage_corrected_intensity,873,0.9654835519341962
coverage_corrected_intensity,874,0.9657615541063655
coverage_corrected_intensity,875,0.9660371597080852
coverage_corrected_intensity,876,0.9663127653098049
coverage_corrected_intensity,877,0.9665883709115246
coverage_corrected_intensity,878,0.9668639765132442
coverage_corrected_intensity,879,0.9671395821149639
coverage_corrected_intensity,880,0.9674151877166836
coverage_corrected_intensity,881,0.9676907933184031
coverage_corrected_intensity,882,0.9679663989201228
coverage_corrected_intensity,883,0.9682408632978188
coverage_corrected_intensity,884,0.9685140723290886
coverage_corrected_intensity,885,0.9687864825035418
coverage_corrected_intensity,886,0.969058892677995
coverage_corrected_intensity,887,0.9693297051388151
coverage_corrected_intensity,888,0.9695998270623871
coverage_corrected_intensity,889,0.9698698739520913
coverage_corrected_intensity,890,0.9701382898424618
coverage_corrected_intensity,891,0.9704020457347353
coverage_corrected_intensity,892,0.9706649644070119
coverage_corrected_intensity,893,0.9709250505507845
coverage_corrected_intensity,894,0.9711838801593559
coverage_corrected_intensity,895,0.9714421217205484
coverage_corrected_intensity,896,0.9716988876156771
coverage_corrected_intensity,897,0.9719550543681934
coverage_corrected_intensity,898,0.9722109881208048
coverage_corrected_intensity,899,0.9724667035417862
coverage_corrected_intensity,900,0.9727221380088873
coverage_corrected_intensity,901,0.9729752158483793
coverage_corrected_intensity,902,0.9732260568887849
coverage_corrected_intensity,903,0.9734768979291906
coverage_corrected_intensity,904,0.9737275614458591
coverage_corrected_intensity,905,0.9739768047726317
coverage_corrected_intensity,906,0.9742253823853904
coverage_corrected_intensity,907,0.9744727409093612
coverage_corrected_intensity,908,0.9747155933816011
coverage_corrected_intensity,909,0.9749581263111143
coverage_corrected_intensity,910,0.9751989816413127
coverage_corrected_intensity,911,0.9754386386862862
coverage_corrected_intensity,912,0.9756782957312599
coverage_corrected_intensity,913,0.9759179527762334
coverage_corrected_intensity,914,0.9761576098212069
coverage_corrected_intensity,915,0.9763972668661804
coverage_corrected_intensity,916,0.9766369239111541
coverage_corrected_intensity,917,0.976875582385107
coverage_corrected_intensity,918,0.9771132896778502
coverage_corrected_intensity,919,0.9773451034013517
coverage_corrected_intensity,920,0.9775756099046082
coverage_corrected_intensity,921,0.9778060800961911
coverage_corrected_intensity,922,0.9780361508593657
coverage_corrected_intensity,923,0.9782647237660093
coverage_corrected_intensity,924,0.9784929601172346
coverage_corrected_intensity,925,0.9787198625330351
coverage_corrected_intensity,926,0.9789460418952016
coverage_corrected_intensity,927,0.9791711434981781
coverage_corrected_intensity,928,0.9793916279795538
coverage_corrected_intensity,929,0.9796094496048743
coverage_corrected_intensity,930,0.9798255471437318
coverage_corrected_intensity,931,0.9800408099308116
coverage_corrected_intensity,932,0.980254104700838
coverage_corrected_intensity,933,0.9804673994708644
coverage_corrected_intensity,934,0.9806802948124825
coverage_corrected_intensity,935,0.9808931901541007
coverage_corrected_intensity,936,0.9811056860673105
coverage_corrected_intensity,937,0.9813176494093093
coverage_corrected_intensity,938,0.9815285476088861
coverage_corrected_intensity,939,0.981738092189968
coverage_corrected_intensity,940,0.9819460860711183
coverage_corrected_intensity,941,0.9821519414870405
coverage_corrected_intensity,942,0.982356848260493
coverage_corrected_intensity,943,0.9825610893199316
coverage_corrected_intensity,944,0.9827624012377094
coverage_corrected_intensity,945,0.9829617958991274
coverage_corrected_intensity,946,0.9831611905605454
coverage_corrected_intensity,947,0.9833605623974829
coverage_corrected_intensity,948,0.9835574806027695
coverage_corrected_intensity,949,0.9837543988080562
coverage_corrected_intensity,950,0.9839513170133428
coverage_corrected_intensity,951,0.9841478357902212
coverage_corrected_intensity,952,0.9843431547195731
coverage_corrected_intensity,953,0.9845368358904676
coverage_corrected_intensity,954,0.984730341413899
coverage_corrected_intensity,955,0.9849224664782862
coverage_corrected_intensity,956,0.9851145915426732
coverage_corrected_intensity,957,0.9853065834642576
coverage_corrected_intensity,958,0.9854983091002364
coverage_corrected_intensity,959,0.9856900347362152
coverage_corrected_intensity,960,0.9858814940865885
coverage_corrected_intensity,961,0.9860729001798407
coverage_corrected_intensity,962,0.9862634275305947
coverage_corrected_intensity,963,0.986453874995667
coverage_corrected_intensity,964,0.9866429710612913
coverage_corrected_intensity,965,0.9868307024131873
coverage_corrected_intensity,966,0.9870163567373602
coverage_corrected_intensity,967,0.9872008926619898
coverage_corrected_intensity,968,0.9873854285866196
coverage_corrected_intensity,969,0.9875699645112493
coverage_corrected_intensity,970,0.9877521038654292
coverage_corrected_intensity,971,0.9879339859606343
coverage_corrected_intensity,972,0.9881132494302746
coverage_corrected_intensity,973,0.9882913945003716
coverage_corrected_intensity,974,0.9884695395704686
coverage_corrected_intensity,975,0.9886476846405656
coverage_corrected_intensity,976,0.9888218354265798
coverage_corrected_intensity,977,0.9889951873557772
coverage_corrected_intensity,978,0.9891677404281581
coverage_corrected_intensity,979,0.9893383031284706
coverage_corrected_intensity,980,0.989504465346319
coverage_corrected_intensity,981,0.9896685030235427
coverage_corrected_intensity,982,0.9898314698141247
coverage_corrected_intensity,983,0.9899926613673365
coverage_corrected_intensity,984,0.9901524327306522
coverage_corrected_intensity,985,0.9903122040939679
coverage_corrected_intensity,986,0.9904719754572836
coverage_corrected_intensity,987,0.9906317468205994
coverage_corrected_intensity,988,0.9907883227566487
coverage_corrected_intensity,989,0.9909448986926982
coverage_corrected_intensity,990,0.9911014746287476
coverage_corrected_intensity,991,0.9912580505647971
coverage_corrected_intensity,992,0.9914146265008466
coverage_corrected_intensity,993,0.991571202436896
coverage_corrected_intensity,994,0.9917277783729455
coverage_corrected_intensity,995,0.991882723309661
coverage_corrected_intensity,996,0.992037593212509
coverage_corrected_intensity,997,0.9921912400068975
coverage_corrected_intensity,998,0.9923448868012861
coverage_corrected_intensity,999,0.9924982673100691
coverage_corrected_intensity,1000,0.9926506825335321
coverage_corrected_intensity,1001,0.9928017538468298
coverage_corrected_intensity,1002,0.9929517509620368
coverage_corrected_intensity,1003,0.993101137186737
coverage_corrected_intensity,1004,0.993244931413721
coverage_corrected_intensity,1005,0.993388525926501
coverage_corrected_intensity,1006,0.9935320538678796
coverage_corrected_intensity,1007,0.9936698566687394
coverage_corrected_intensity,1008,0.9938062329395696
coverage_corrected_intensity,1009,0.9939406405989588
coverage_corrected_intensity,1010,0.994074848544144
coverage_corrected_intensity,1011,0.9942058610620629
coverage_corrected_intensity,1012,0.9943368735799817
coverage_corrected_intensity,1013,0.9944678860979006
coverage_corrected_intensity,1014,0.9945988986158194
coverage_corrected_intensity,1015,0.9947299111337383
coverage_corrected_intensity,1016,0.9948609236516571
coverage_corrected_intensity,1017,0.9949905821749717
coverage_corrected_intensity,1018,0.9951186275104291
coverage_corrected_intensity,1019,0.9952443542590783
coverage_corrected_intensity,1020,0.9953689759224646
coverage_corrected_intensity,1021,0.9954888044449515
coverage_corrected_intensity,1022,0.9956086329674382
coverage_corrected_intensity,1023,0.995728461489925
coverage_corrected_intensity,1024,0.9958455510747549
coverage_corrected_intensity,1025,0.9959605864563422
coverage_corrected_intensity,1026,0.9960672338413555
coverage_corrected_intensity,1027,0.9961738812263689
coverage_corrected_intensity,1028,0.9962803954685794
coverage_corrected_intensity,1029,0.9963868431393885
coverage_corrected_intensity,1030,0.9964930910959935
coverage_corrected_intensity,1031,0.9965993390525985
coverage_corrected_intensity,1032,0.9967055870092035
coverage_corrected_intensity,1033,0.9968118349658085
coverage_corrected_intensity,1034,0.9969180829224135
coverage_corrected_intensity,1035,0.9970243308790184
coverage_corrected_intensity,1036,0.9971305788356235
coverage_corrected_intensity,1037,0.9972360279354119
coverage_corrected_intensity,1038,0.9973318907534013
coverage_corrected_intensity,1039,0.9974241587157162
coverage_corrected_intensity,1040,0.9975160272496226
coverage_corrected_intensity,1041,0.9976078957835292
coverage_corrected_intensity,1042,0.9976989654606191
coverage_corrected_intensity,1043,0.9977852419968096
coverage_corrected_intensity,1044,0.9978699208193671
coverage_corrected_intensity,1045,0.9979545996419245
coverage_corrected_intensity,1046,0.9980351450882259
coverage_corrected_intensity,1047,0.9981150307698837
coverage_corrected_intensity,1048,0.9981933187379084
coverage_corrected_intensity,1049,0.9982716067059332
coverage_corrected_intensity,1050,0.9983498946739578
coverage_corrected_intensity,1051,0.9984265849283495
coverage_corrected_intensity,1052,0.998497683185025
coverage_corrected_intensity,1053,0.9985685151560949
coverage_corrected_intensity,1054,0.9986374165565248
coverage_corrected_intensity,1055,0.9987045205291174
coverage_corrected_intensity,1056,0.9987700267880769
coverage_corrected_intensity,1057,0.9988355330470364
coverage_corrected_intensity,1058,0.9989010393059959
coverage_corrected_intensity,1059,0.9989665455649555
coverage_corrected_intensity,1060,0.999032051823915
coverage_corrected_intensity,1061,0.9990975580828745
coverage_corrected_intensity,1062,0.999163064341834
coverage_corrected_intensity,1063,0.9992229786030773
coverage_corrected_intensity,1064,0.9992804962938711
coverage_corrected_intensity,1065,0.9993338199863776
coverage_corrected_intensity,1066,0.9993848802512372
coverage_corrected_intensity,1067,0.999432811660232
coverage_corrected_intensity,1068,0.9994759499283271
coverage_corrected_intensity,1069,0.9995190881964223
coverage_corrected_intensity,1070,0.9995622264645175
coverage_corrected_intensity,1071,0.9996053647326127
coverage_corrected_intensity,1072,0.999648503000708
coverage_corrected_intensity,1073,0.9996868481279038
coverage_corrected_intensity,1074,0.9997196012573835
coverage_corrected_intensity,1075,0.9997491589595968
coverage_corrected_intensity,1076,0.9997787166618103
coverage_corrected_intensity,1077,0.9998082743640236
coverage_corrected_intensity,1078,0.9998370332094205
coverage_corrected_intensity,1079,0.9998609989139178
coverage_corrected_intensity,1080,0.999883366904782
coverage_corrected_intensity,1081,0.9999049360388296
coverage_corrected_intensity,1082,0.9999241086024274
coverage_corrected_intensity,1083,0.9999416834523922
coverage_corrected_intensity,1084,0.9999576605887238
coverage_corrected_intensity,1085,0.9999704422977891
coverage_corrected_intensity,1086,0.9999808274364046
coverage_corrected_intensity,1087,0.9999904137182035
coverage_corrected_intensity,1088,1.0000000000000024
persistence_score,0,
radiant_power_gw_layer,1,0.06785904081463816
radiant_power_gw_layer,2,0.11931393419986583
radiant_power_gw_layer,3,0.16045259253269756
radiant_power_gw_layer,4,0.19637549357544445
radiant_power_gw_layer,5,0.22885794920898903
radiant_power_gw_layer,6,0.2577852757776479
radiant_power_gw_layer,7,0.28426330418633194
radiant_power_gw_layer,8,0.30954443005945065
radiant_power_gw_layer,9,0.33170870486405946
radiant_power_gw_layer,10,0.3533344339615924
radiant_power_gw_layer,11,0.37426680685496455
radiant_power_gw_layer,12,0.39284008545309534
radiant_power_gw_layer,13,0.4100359890779452
radiant_power_gw_layer,14,0.426460859207278
radiant_power_gw_layer,15,0.4417249401220163
radiant_power_gw_layer,16,0.4556353437238856
radiant_power_gw_layer,17,0.4686361981911411
radiant_power_gw_layer,18,0.4816259407970393
radiant_power_gw_layer,19,0.49339760419662554
radiant_power_gw_layer,20,0.504853467078517
radiant_power_gw_layer,21,0.5156165328196244
radiant_power_gw_layer,22,0.5262514761291107
radiant_power_gw_layer,23,0.536752369731401
radiant_power_gw_layer,24,0.5471395090731971
radiant_power_gw_layer,25,0.5574104018986732
radiant_power_gw_layer,26,0.5669600679204677
radiant_power_gw_layer,27,0.5758269280073453
radiant_power_gw_layer,28,0.5845192713083623
radiant_power_gw_layer,29,0.5928143691335002
radiant_power_gw_layer,30,0.6010092249892071
radiant_power_gw_layer,31,0.609116578982108
radiant_power_gw_layer,32,0.6169214411403722
radiant_power_gw_layer,33,0.6246583074130955
radiant_power_gw_layer,34,0.6323898163404347
radiant_power_gw_layer,35,0.6399625907711154
radiant_power_gw_layer,36,0.6475122833742062
radiant_power_gw_layer,37,0.6544951942821414
radiant_power_gw_layer,38,0.6611875337957763
radiant_power_gw_layer,39,0.667806340953341
radiant_power_gw_layer,40,0.6742728697235709
radiant_power_gw_layer,41,0.680615961916709
radiant_power_gw_layer,42,0.6867701742162929
radiant_power_gw_layer,43,0.6927879069647802
radiant_power_gw_layer,44,0.6987409340807716
radiant_power_gw_layer,45,0.7046548126209217
radiant_power_gw_layer,46,0.7104686350925293
radiant_power_gw_layer,47,0.716243758941547
radiant_power_gw_layer,48,0.7219465661649254
radiant_power_gw_layer,49,0.7275122185333827
radiant_power_gw_layer,50,0.7330668621048808
radiant_power_gw_layer,51,0.7385606248754584
radiant_power_gw_layer,52,0.744009306049838
radiant_power_gw_layer,53,0.7493692265252556
radiant_power_gw_layer,54,0.754664060053344
radiant_power_gw_layer,55,0.759710425054566
radiant_power_gw_layer,56,0.7647500084744022
radiant_power_gw_layer,57,0.7696682476511656
radiant_power_gw_layer,58,0.7745586985881532
radiant_power_gw_layer,59,0.7794463413907601
radiant_power_gw_layer,60,0.7840817633598112
radiant_power_gw_layer,61,0.7886980325255433
radiant_power_gw_layer,62,0.7932995405518711
radiant_power_gw_layer,63,0.7978342963424886
radiant_power_gw_layer,64,0.8023304101717004
radiant_power_gw_layer,65,0.806718995448648
radiant_power_gw_layer,66,0.8109637358442598
radiant_power_gw_layer,67,0.815062284751393
radiant_power_gw_layer,68,0.8191575961176252
radiant_power_gw_layer,69,0.8232506000919989
radiant_power_gw_layer,70,0.8271760768430488
radiant_power_gw_layer,71,0.8309426824066035
radiant_power_gw_layer,72,0.8346887145411904
radiant_power_gw_layer,73,0.8383276125855926
radiant_power_gw_layer,74,0.8419467353422629
radiant_power_gw_layer,75,0.8454466433233755
radiant_power_gw_layer,76,0.8488304319748876
radiant_power_gw_layer,77,0.8521878895031563
radiant_power_gw_layer,78,0.8554136908182834
radiant_power_gw_layer,79,0.8586355045538857
radiant_power_gw_layer,80,0.8617724308683675
radiant_power_gw_layer,81,0.8649078144656969
radiant_power_gw_layer,82,0.8679015640683718
radiant_power_gw_layer,83,0.8707503921864841
radiant_power_gw_layer,84,0.8734898889209319
radiant_power_gw_layer,85,0.8762178571553384
radiant_power_gw_layer,86,0.8789164260168799
radiant_power_gw_layer,87,0.8815986656312019
radiant_power_gw_layer,88,0.8841629566619057
radiant_power_gw_layer,89,0.8865381170756977
radiant_power_gw_layer,90,0.8889038436764043
radiant_power_gw_layer,91,0.8912446943524929
radiant_power_gw_layer,92,0.8935744304229588
radiant_power_gw_layer,93,0.8957994931630832
radiant_power_gw_layer,94,0.8979829414444969
radiant_power_gw_layer,95,0.9001569286300792
radiant_power_gw_layer,96,0.9023215084659156
radiant_power_gw_layer,97,0.9044603640942064
radiant_power_gw_layer,98,0.9065923128087325
radiant_power_gw_layer,99,0.9087130784579975
radiant_power_gw_layer,100,0.9106795802175885
radiant_power_gw_layer,101,0.9126022812179423
radiant_power_gw_layer,102,0.9145053224896633
radiant_power_gw_layer,103,0.9163658279237586
radiant_power_gw_layer,104,0.9182174462147524
radiant_power_gw_layer,105,0.920067496632331
radiant_power_gw_layer,106,0.9219093920625152
radiant_power_gw_layer,107,0.9237250427537266
radiant_power_gw_layer,108,0.9254865966250212
radiant_power_gw_layer,109,0.9272309203950618
radiant_power_gw_layer,110,0.9289617703652668
radiant_power_gw_layer,111,0.9306419200331515
radiant_power_gw_layer,112,0.9323213969259485
radiant_power_gw_layer,113,0.9338859278210232
radiant_power_gw_layer,114,0.9354324213439346
radiant_power_gw_layer,115,0.9369548243126481
radiant_power_gw_layer,116,0.9384642154378345
radiant_power_gw_layer,117,0.9399718269381938
radiant_power_gw_layer,118,0.9414779158887221
radiant_power_gw_layer,119,0.9428779197695947
radiant_power_gw_layer,120,0.9441696840017285
radiant_power_gw_layer,121,0.945380588752733
radiant_power_gw_layer,122,0.9465614592868364
radiant_power_gw_layer,123,0.9476906683294819
radiant_power_gw_layer,124,0.9487896061313449
radiant_power_gw_layer,125,0.9498651113908834
radiant_power_gw_layer,126,0.9509289381315319
radiant_power_gw_layer,127,0.9519923246385745
radiant_power_gw_layer,128,0.9530226725520456
radiant_power_gw_layer,129,0.9540386975097132
radiant_power_gw_layer,130,0.9550284309259198
radiant_power_gw_layer,131,0.9560098469166669
radiant_power_gw_layer,132,0.9569900070578689
radiant_power_gw_layer,133,0.9579687440566038
radiant_power_gw_layer,134,0.9589313536054858
radiant_power_gw_layer,135,0.959879531876062
radiant_power_gw_layer,136,0.9608184828209015
radiant_power_gw_layer,137,0.9617260926070917
radiant_power_gw_layer,138,0.9625910027886636
radiant_power_gw_layer,139,0.9634534629818575
radiant_power_gw_layer,140,0.9643111446531454
radiant_power_gw_layer,141,0.9650887501557732
radiant_power_gw_layer,142,0.9658572839612166
radiant_power_gw_layer,143,0.9666143091518657
radiant_power_gw_layer,144,0.9673675380948029
radiant_power_gw_layer,145,0.9681175913326968
radiant_power_gw_layer,146,0.968848675249671
radiant_power_gw_layer,147,0.9695755477402819
radiant_power_gw_layer,148,0.970286715571725
radiant_power_gw_layer,149,0.9709871708547743
radiant_power_gw_layer,150,0.9716873782034263
radiant_power_gw_layer,151,0.972379157343912
radiant_power_gw_layer,152,0.9730539600027295
radiant_power_gw_layer,153,0.9737087358300582
radiant_power_gw_layer,154,0.9743526887682691
radiant_power_gw_layer,155,0.9749617236943546
radiant_power_gw_layer,156,0.9755430874713082
radiant_power_gw_layer,157,0.9761228437652538
radiant_power_gw_layer,158,0.9766996710788122
radiant_power_gw_layer,159,0.9772740425380384
radiant_power_gw_layer,160,0.9778291325779833
radiant_power_gw_layer,161,0.9783742779940543
radiant_power_gw_layer,162,0.9789160057399339
radiant_power_gw_layer,163,0.97943879027862
radiant_power_gw_layer,164,0.9799439482536286
radiant_power_gw_layer,165,0.9804458011210018
radiant_power_gw_layer,166,0.9809398005553244
radiant_power_gw_layer,167,0.9814261035836016
radiant_power_gw_layer,168,0.9818913935094811
radiant_power_gw_layer,169,0.9823183992822632
radiant_power_gw_layer,170,0.9827417097045266
radiant_power_gw_layer,171,0.9831548042099832
radiant_power_gw_layer,172,0.9835658710300766
radiant_power_gw_layer,173,0.9839667418146375
radiant_power_gw_layer,174,0.9843662643653439
radiant_power_gw_layer,175,0.9847572011197097
radiant_power_gw_layer,176,0.9851459455178898
radiant_power_gw_layer,177,0.9855232122490013
radiant_power_gw_layer,178,0.9858965905924234
radiant_power_gw_layer,179,0.9862629738758393
radiant_power_gw_layer,180,0.9866040281169884
radiant_power_gw_layer,181,0.9869429486019007
radiant_power_gw_layer,182,0.9872761126281026
radiant_power_gw_layer,183,0.9875914949358401
radiant_power_gw_layer,184,0.9879030022007852
radiant_power_gw_layer,185,0.9882136781479843
radiant_power_gw_layer,186,0.9885231843279702
radiant_power_gw_layer,187,0.9888284789872365
radiant_power_gw_layer,188,0.9891334595199871
radiant_power_gw_layer,189,0.9894292576125753
radiant_power_gw_layer,190,0.9897206471902872
radiant_power_gw_layer,191,0.9899936410392705
radiant_power_gw_layer,192,0.9902567839229898
radiant_power_gw_layer,193,0.990517349204527
radiant_power_gw_layer,194,0.9907762842493916
radiant_power_gw_layer,195,0.9910321944195222
radiant_power_gw_layer,196,0.9912880348994153
radiant_power_gw_layer,197,0.9915393119360996
radiant_power_gw_layer,198,0.9917776509065924
radiant_power_gw_layer,199,0.9920142482866046
radiant_power_gw_layer,200,0.9922460731586547
radiant_power_gw_layer,201,0.9924756103870291
radiant_power_gw_layer,202,0.9927032595031999
radiant_power_gw_layer,203,0.9929195905765763
radiant_power_gw_layer,204,0.9931336245508277
radiant_power_gw_layer,205,0.9933419473591629
radiant_power_gw_layer,206,0.9935493720378648
radiant_power_gw_layer,207,0.9937563128836058
radiant_power_gw_layer,208,0.9939627386348028
radiant_power_gw_layer,209,0.9941597019344239
radiant_power_gw_layer,210,0.9943489751895705
radiant_power_gw_layer,211,0.99453445642812
radiant_power_gw_layer,212,0.9947194006031042
radiant_power_gw_layer,213,0.9949020377507415
radiant_power_gw_layer,214,0.9950793582203661
radiant_power_gw_layer,215,0.995254209066657
radiant_power_gw_layer,216,0.9954256256400996
radiant_power_gw_layer,217,0.9955969573935928
radiant_power_gw_layer,218,0.9957637293410466
radiant_power_gw_layer,219,0.995930204573122
radiant_power_gw_layer,220,0.9960955792683608
radiant_power_gw_layer,221,0.9962532890048694
radiant_power_gw_layer,222,0.996407933409835
radiant_power_gw_layer,223,0.9965612433390224
radiant_power_gw_layer,224,0.9967143448997036
radiant_power_gw_layer,225,0.9968614371726913
radiant_power_gw_layer,226,0.9970047887695895
radiant_power_gw_layer,227,0.997146637394999
radiant_power_gw_layer,228,0.9972884692608232
radiant_power_gw_layer,229,0.9974295778970035
radiant_power_gw_layer,230,0.9975692427824061
radiant_power_gw_layer,231,0.9976971227691539
radiant_power_gw_layer,232,0.9978244481073855
radiant_power_gw_layer,233,0.9979507494115103
radiant_power_gw_layer,234,0.9980759510091302
radiant_power_gw_layer,235,0.9981959320694026
radiant_power_gw_layer,236,0.9982992197622377
radiant_power_gw_layer,237,0.9983985005822597
radiant_power_gw_layer,238,0.9984912591951951
radiant_power_gw_layer,239,0.9985819459463515
radiant_power_gw_layer,240,0.9986715643876636
radiant_power_gw_layer,241,0.9987589760065481
radiant_power_gw_layer,242,0.9988456179796635
radiant_power_gw_layer,243,0.9989289546157097
radiant_power_gw_layer,244,0.9990118244127801
radiant_power_gw_layer,245,0.9990911506411453
radiant_power_gw_layer,246,0.9991692111781535
radiant_power_gw_layer,247,0.9992428191370969
radiant_power_gw_layer,248,0.9993138730808342
radiant_power_gw_layer,249,0.9993729415065087
radiant_power_gw_layer,250,0.9994288572887028
radiant_power_gw_layer,251,0.9994828091919389
radiant_power_gw_layer,252,0.9995356590198415
radiant_power_gw_layer,253,0.999587791656875
radiant_power_gw_layer,254,0.9996315305494646
radiant_power_gw_layer,255,0.9996747215613356
radiant_power_gw_layer,256,0.9997145965967705
radiant_power_gw_layer,257,0.9997541272035569
radiant_power_gw_layer,258,0.9997915963088364
radiant_power_gw_layer,259,0.9998266474292558
radiant_power_gw_layer,260,0.9998598118617481
radiant_power_gw_layer,261,0.9998903126077404
radiant_power_gw_layer,262,0.9999193899421034
radiant_power_gw_layer,263,0.9999446075610368
radiant_power_gw_layer,264,0.9999690697263138
radiant_power_gw_layer,265,0.9999893244887597
radiant_power_gw_layer,266,0.9999999999999994
