P,urn:nasa:pds:go_nims_io_rad:data_derived:231_15i501tr_s6_s7_l80_n_converted_spectra_isum_patera_v01::1.0
P,urn:nasa:pds:go_nims_io_rad:data_derived:074_e6i005tr_s5_s6_l1_n_converted_spectra_reiden_patera-pillan_patera_region_v01::1.0
P,urn:nasa:pds:go_nims_io_rad:data_derived:129_10i007tr_s8_s9_l16_n_converted_spectra_kanehekili_v01::1.0
P,urn:nasa:pds:go_nims_io_rad:data_derived:032_e4i003tr_s15_s16_l18_n_converted_spectra_sigurd_patera_v01::1.0
P,urn:nasa:pds:go_nims_io_rad:data_derived:079_g8i010tr_s12_s13_l5_n_converted_spectra_isum_patera_v01::1.0
P,urn:nasa:pds:go_nims_io_rad:data_derived:054_e4i018tr_s9_s10_l1_n_converted_spectra_marduk_fluctus_region_v01::1.0
P,urn:nasa:pds:go_nims_io_rad:data_derived:130_10i007tr_s10_s11_l17_n_converted_spectra_janus_patera_v01::1.0
P,urn:nasa:pds:go_nims_io_rad:data_derived:062_e4i020tr_s8_s9_l17_n_converted_spectra_pele_v01::1.0
P,urn:nasa:pds:go_nims_io_rad:data_derived:125_c9i003tr_s11_s12_l6_n_converted_spectra_loki_patera_v01::1.0
P,urn:nasa:pds:go_nims_io_rad:data_derived:087_g8i017tr_s11_s12_l4_n_converted_spectra_pillan_v01::1.0
P,urn:nasa:pds:go_nims_io_rad:data_derived:126_c9i003tr_s10_s11_l15_n_converted_spectra_pele_and_pillan_v01::1.0
P,urn:nasa:pds:go_nims_io_rad:data_derived:073_e4i027tr_s9_s10_l21_n_converted_spectra_pele_v01::1.0
P,urn:nasa:pds:go_nims_io_rad:data_derived:192_11i005tr_s8_s9_l14_n_converted_spectra_malik_patera_v01::1.0
P,urn:nasa:pds:go_nims_io_rad:data_derived:108_c9i007tr_s9_s10_l10_n_converted_spectra_kanehekili_f._and-or_janus_patera_v01::1.0
P,urn:nasa:pds:go_nims_io_rad:data_derived:196_11i005tr_s13_s14_l17_n_converted_spectra_gish_bar_patera_v01::1.0
P,urn:nasa:pds:go_nims_io_rad:data_derived:008_g1i003tr_s12_s13_l10_n_converted_spectra_maui_patera_v01::1.0
P,urn:nasa:pds:go_nims_io_rad:data_derived:102_c9i008tr_s10_s11_l47_n_converted_spectra_acala_fluctus_region_3_v01::1.0
P,urn:nasa:pds:go_nims_io_rad:data_derived:253_30i001tr_s11_s12_l5_n_converted_spectra_aidne_patera_v01::1.0
P,urn:nasa:pds:go_nims_io_rad:data_derived:194_11i005tr_s9_s10_l17_n_converted_spectra_arusha_and-or_altjirra_v01::1.0
P,urn:nasa:pds:go_nims_io_rad:data_derived:163_11i002tr_s8_s9_l15_n_converted_spectra_laki-oi_patera_v01::1.0
P,urn:nasa:pds:go_nims_io_rad:data_derived:185_11i010tr_s8_s9_l9_n_converted_spectra_altjirra_patera_-_arusha_patera_region_v01::1.0
P,urn:nasa:pds:go_nims_io_rad:data_derived:091_c9i004tr_s11_s12_l63_n_converted_spectra_kanehekili_2_v01::1.0
P,urn:nasa:pds:go_nims_io_rad:data_derived:147_10i006tr_s18_s19_l33_n_converted_spectra_gish_bar_patera_v01::1.0
P,urn:nasa:pds:go_nims_io_rad:data_derived:050_e4i018tr_s8_s9_l17_n_converted_spectra_pele_v01::1.0
P,urn:nasa:pds:go_nims_io_rad:data_derived:076_g7i007tr_s9_s10_l1_n_converted_spectra_loki_patera_v01::1.0
P,urn:nasa:pds:go_nims_io_rad:data_derived:171_11i008tr_s10_s11_l19_n_converted_spectra_janus-kanehekili_region_v01::1.0
P,urn:nasa:pds:go_nims_io_rad:data_derived:120_c9i006tr_s12_s13_l10_n_converted_spectra_gish_bar_patera_v01::1.0
P,urn:nasa:pds:go_nims_io_rad:data_derived:139_10i006tr_s5_s16_l12_n_converted_spectra_sigurd_patera_v01::1.0
P,urn:nasa:pds:go_nims_io_rad:data_derived:229_15i501tr_s11_s12_l75_n_converted_spectra_pillan_v01::1.0
P,urn:nasa:pds:go_nims_io_rad:data_derived:181_11i009tr_s8_s9_l16_n_converted_spectra_laki-oi_patera_v01::1.0
P,urn:nasa:pds:go_nims_io_rad:data_derived:056_e4i019tr_s12_s13_l23_n_converted_spectra_loki_patera_v01::1.0
P,urn:nasa:pds:go_nims_io_rad:data_derived:118_c9i006tr_s9_s10_l9_n_converted_spectra_sigurd_patera_v01::1.0
P,urn:nasa:pds:go_nims_io_rad:data_derived:220_12i001tr_s7_s8_l29_n_converted_spectra_kanehekili_fluctus_v01::1.0
P,urn:nasa:pds:go_nims_io_rad:data_derived:156_10i008tr_s16_s17_l6_n_converted_spectra_arinna_fluctus_region_v01::1.0
P,urn:nasa:pds:go_nims_io_rad:data_derived:023_g2i010tr_s8_s9_l3_n_converted_spectra_reiden_patera_region_v01::1.0
P,urn:nasa:pds:go_nims_io_rad:data_derived:204_11i006tr_s12_s13_l19_n_converted_spectra_hi-iaka_patera-tawhaki_patera_region_v01::1.0
P,urn:nasa:pds:go_nims_io_rad:data_derived:197_11i005tr_s11_s12_l19_n_converted_spectra_hi-iaka_patera-tawhaki_patera_region_v01::1.0
P,urn:nasa:pds:go_nims_io_rad:data_derived:173_11i003tr_s13_s14_l12_n_converted_spectra_zal_patera_v01::1.0
P,urn:nasa:pds:go_nims_io_rad:data_derived:172_11i003tr_s12_s13_l8_n_converted_spectra_amirani_v01::1.0
P,urn:nasa:pds:go_nims_io_rad:data_derived:219_12i001tr_s10_s11_l25_n_converted_spectra_hi-iaka_patera-tawhaki_patera_region_v01::1.0
P,urn:nasa:pds:go_nims_io_rad:data_derived:248_22i001tr_s10_s11_l11_n_converted_spectra_loki_patera_v01::1.0
P,urn:nasa:pds:go_nims_io_rad:data_derived:246_20i001tr_s12_s13_l10_n_converted_spectra_marduk_fluctus_v01::1.0
P,urn:nasa:pds:go_nims_io_rad:data_derived:252_29i003tr_s11_s12_l200_n_converted_spectra_loki_patera_v01::1.0
P,urn:nasa:pds:go_nims_io_rad:data_derived:263_30i001tr_s5_s6_l84_n_converted_spectra_zal_patera_v01::1.0
P,urn:nasa:pds:go_nims_io_rad:data_derived:183_11i010tr_s12_s13_l6_n_converted_spectra_amirani_v01::1.0
P,urn:nasa:pds:go_nims_io_rad:data_derived:151_10i009tr_s14_s15_l8_n_converted_spectra_amirani-monan_patera_region_v01::1.0
P,urn:nasa:pds:go_nims_io_rad:data_derived:266_30i001tr_s10_s11_l148_n_converted_spectra_tawhaki_patera-hi-iaka_patera_region_v01::1.0
P,urn:nasa:pds:go_nims_io_rad:data_derived:180_11i009tr_s13_s14_l13_n_converted_spectra_gish_bar_patera_v01::1.0
P,urn:nasa:pds:go_nims_io_rad:data_derived:234_15i005tr_s7_s8_l52_n_converted_spectra_pele_v01::1.0
P,urn:nasa:pds:go_nims_io_rad:data_derived:084_g8i016tr_s9_s10_l6_n_converted_spectra_daedalus_p.-shakuru_p._region_v01::1.0
P,urn:nasa:pds:go_nims_io_rad:data_derived:112_c9i001tr_s9_s10_l19_n_converted_spectra_sigurd_patera_v01::1.0
P,urn:nasa:pds:go_nims_io_rad:data_derived:027_c3i002tr_s6_s7_l48_n_converted_spectra_amirani_-_maui_region_v01::1.0
P,urn:nasa:pds:go_nims_io_rad:data_derived:133_10i005tr_s19_s20_l68_n_converted_spectra_amirani_v01::1.0
P,urn:nasa:pds:go_nims_io_rad:data_derived:262_30i001tr_s8_s9_l62_n_converted_spectra_gish_bar_patera_v01::1.0
P,urn:nasa:pds:go_nims_io_rad:data_derived:075_e6i005tr_s5_s6_l4_n_converted_spectra_pele_v01::1.0
P,urn:nasa:pds:go_nims_io_rad:data_derived:064_e4i020tr_s13_s14_l22_n_converted_spectra_dazhbog_patera_v01::1.0
P,urn:nasa:pds:go_nims_io_rad:data_derived:045_e4i017tr_s8_s9_l17_n_converted_spectra_pele_v01::1.0
P,urn:nasa:pds:go_nims_io_rad:data_derived:250_29i001tr_s11_s12_l67_n_converted_spectra_shamshu_patera_v01::1.0
P,urn:nasa:pds:go_nims_io_rad:data_derived:077_g7i006tr_s7_s8_l10_n_converted_spectra_loki_patera_v01::1.0
P,urn:nasa:pds:go_nims_io_rad:data_derived:101_c9i008tr_s12_s13_l32_n_converted_spectra_janus_and-or_kanehekili_2_v01::1.0
P,urn:nasa:pds:go_nims_io_rad:data_derived:035_e4i011tr_s16_s17_l17_n_converted_spectra_hi-iaka_patera_v01::1.0
P,urn:nasa:pds:go_nims_io_rad:data_derived:117_c9i006tr_s7_s8_l6_n_converted_spectra_altjirra_patera_v01::1.0
P,urn:nasa:pds:go_nims_io_rad:data_derived:041_e4i006tr_s12_s13_l12_n_converted_spectra_mulungu_patera-susanoo_patera_region_v01::1.0
P,urn:nasa:pds:go_nims_io_rad:data_derived:198_11i006tr_s9_s10_l12_n_converted_spectra_tupan_patera_v01::1.0
P,urn:nasa:pds:go_nims_io_rad:data_derived:223_12i001tr_s15_s16_l54_n_converted_spectra_zal_patera_v01::1.0
P,urn:nasa:pds:go_nims_io_rad:data_derived:002_g1i003tr_s9_s10_l5_n_converted_spectra_sigurd_patera_v01::1.0
P,urn:nasa:pds:go_nims_io_rad:data_derived:228_15i501tr_s6_s7_l43_n_converted_spectra_isum_patera_v01::1.0
P,urn:nasa:pds:go_nims_io_rad:data_derived:114_c9i005tr_s7_s8_l17_n_converted_spectra_malik_patera_v01::1.0
P,urn:nasa:pds:go_nims_io_rad:data_derived:237_16i001tr_s9_s10_l1_n_converted_spectra_loki_patera_v01::1.0
P,urn:nasa:pds:go_nims_io_rad:data_derived:111_c9i001tr_s11_s12_l23_n_converted_spectra_hi-iaka_patera_and-or_tawhaki_patera_v01::1.0
P,urn:nasa:pds:go_nims_io_rad:data_derived:251_29i001tr_s13_s14_l74_n_converted_spectra_ekhi_patera_-_south_region_v01::1.0
P,urn:nasa:pds:go_nims_io_rad:data_derived:277_32i008tr_s4_s5_l1749_n_converted_spectra_i32a_-_p171_-_pfu_1336_v01::1.0
P,urn:nasa:pds:go_nims_io_rad:data_derived:123_c9i002tr_s10_s11_l26_n_converted_spectra_prometheus_v01::1.0
P,urn:nasa:pds:go_nims_io_rad:data_derived:165_11i008tr_s12_s13_l10_n_converted_spectra_amirani_v01::1.0
P,urn:nasa:pds:go_nims_io_rad:data_derived:179_11i009tr_s11_s12_l13_n_converted_spectra_sigurd_patera_-_itzamna_region_v01::1.0
P,urn:nasa:pds:go_nims_io_rad:data_derived:044_e4i006tr_s8_s9_l10_n_converted_spectra_marduk_fluctus-rata_patera_region_v01::1.0
P,urn:nasa:pds:go_nims_io_rad:data_derived:085_g8i016tr_s13_s14_l4_n_converted_spectra_babbar_p.-ulgen_p._region_v01::1.0
P,urn:nasa:pds:go_nims_io_rad:data_derived:047_e4i017tr_s13_s14_l22_n_converted_spectra_dazhbog_p.-kinich_ahau_p._region_v01::1.0
P,urn:nasa:pds:go_nims_io_rad:data_derived:097_c9i004tr_s11_s12_l148_n_converted_spectra_kanehekili_5_v01::1.0
P,urn:nasa:pds:go_nims_io_rad:data_derived:095_c9i004tr_s11_s12_l120_n_converted_spectra_kanehekili_4_v01::1.0
P,urn:nasa:pds:go_nims_io_rad:data_derived:200_11i006tr_s13_s14_l14_n_converted_spectra_amirani_v01::1.0
P,urn:nasa:pds:go_nims_io_rad:data_derived:238_16i001tr_s11_s12_l7_n_converted_spectra_pele_v01::1.0
P,urn:nasa:pds:go_nims_io_rad:data_derived:109_c9i002tr_s8_s9_l29_n_converted_spectra_tupan_patera_v01::1.0
P,urn:nasa:pds:go_nims_io_rad:data_derived:106_c9i007tr_s11_s12_l6_n_converted_spectra_hi-iaka_patera-tawhaki_p._v01::1.0
P,urn:nasa:pds:go_nims_io_rad:data_derived:211_11i004tr_s9_s10_l17_n_converted_spectra_malik_patera_v01::1.0
P,urn:nasa:pds:go_nims_io_rad:data_derived:187_11i010tr_s13_s14_l9_n_converted_spectra_gish_bar_patera_v01::1.0
P,urn:nasa:pds:go_nims_io_rad:data_derived:169_11i008tr_s11_s12_l15_n_converted_spectra_hiiaka_patera-tawhaki_patera_region_v01::1.0
P,urn:nasa:pds:go_nims_io_rad:data_derived:026_c3i002tr_s5_s6_l48_n_converted_spectra_maui_v01::1.0
P,urn:nasa:pds:go_nims_io_rad:data_derived:164_11i002tr_s10_s11_l18_n_converted_spectra_kanehekili-janus_patera_region_v01::1.0
P,urn:nasa:pds:go_nims_io_rad:data_derived:089_g8i012tr_s13_s14_l2_n_converted_spectra_acala_fluctus_v01::1.0
P,urn:nasa:pds:go_nims_io_rad:data_derived:070_e4i025tr_s9_s10_l2_n_converted_spectra_marduk_fluctus_region_v01::1.0
P,urn:nasa:pds:go_nims_io_rad:data_derived:013_g1i003tr_s11_s12_l16_n_converted_spectra_zamama_v01::1.0
P,urn:nasa:pds:go_nims_io_rad:data_derived:012_g1i003tr_s8_s9_l15_n_converted_spectra_culann_v01::1.0
P,urn:nasa:pds:go_nims_io_rad:data_derived:195_11i005tr_s11_s12_l17_n_converted_spectra_sigurd_patera_v01::1.0
P,urn:nasa:pds:go_nims_io_rad:data_derived:175_11i003tr_s9_s10_l11_n_converted_spectra_itzamna_patera_-_sigurd_patera_region_v01::1.0
P,urn:nasa:pds:go_nims_io_rad:data_derived:072_e4i026tr_s9_s10_l13_n_converted_spectra_pele_v01::1.0
P,urn:nasa:pds:go_nims_io_rad:data_derived:210_11i004tr_s10_s11_l17_n_converted_spectra_tupan_patera_v01::1.0
P,urn:nasa:pds:go_nims_io_rad:data_derived:017_g2i007tr_s10_s11_l3_n_converted_spectra_pele_and_reiden_patera_v01::1.0
P,urn:nasa:pds:go_nims_io_rad:data_derived:115_c9i006tr_s13_s14_l5_n_converted_spectra_amirani_v01::1.0
P,urn:nasa:pds:go_nims_io_rad:data_derived:150_10i009tr_s6_s7_l6_n_converted_spectra_malik_patera-altjirra_p._region_v01::1.0
P,urn:nasa:pds:go_nims_io_rad:data_derived:274_32i008tr_s17_s18_l121_n_converted_spectra_girru_patera_v01::1.0
P,urn:nasa:pds:go_nims_io_rad:data_derived:207_11i004tr_s13_s12_l12_n_converted_spectra_zamama_v01::1.0
P,urn:nasa:pds:go_nims_io_rad:data_derived:142_10i006tr_s6_s7_l16_n_converted_spectra_hi-iaka_patera_-_tawhaki_region_v01::1.0
P,urn:nasa:pds:go_nims_io_rad:data_derived:168_11i008tr_s13_s14_l13_n_converted_spectra_zal_patera-gish_bar_patera_region_v01::1.0
P,urn:nasa:pds:go_nims_io_rad:data_derived:034_e4i010tr_s15_s16_l13_n_converted_spectra_emakong_patera_v01::1.0
P,urn:nasa:pds:go_nims_io_rad:data_derived:254_30i001tr_s14_s15_l6_n_converted_spectra_culann_v01::1.0
P,urn:nasa:pds:go_nims_io_rad:data_derived:141_10i006tr_s14_s15_l32_n_converted_spectra_sigurd_patera_v01::1.0
P,urn:nasa:pds:go_nims_io_rad:data_derived:051_e4i018tr_s8_s9_l21_n_converted_spectra_ulgen_patera_v01::1.0
P,urn:nasa:pds:go_nims_io_rad:data_derived:127_c9i003tr_s9_s10_l9_n_converted_spectra_mithra_patera_v01::1.0
P,urn:nasa:pds:go_nims_io_rad:data_derived:069_e4i024tr_s9_s10_l17_n_converted_spectra_pele_v01::1.0
P,urn:nasa:pds:go_nims_io_rad:data_derived:003_g1i003tr_s12_s13_l5_n_converted_spectra_gish_bar_patera_v01::1.0
P,urn:nasa:pds:go_nims_io_rad:data_derived:199_11i006tr_s8_s9_l14_n_converted_spectra_malik_patera_v01::1.0
P,urn:nasa:pds:go_nims_io_rad:data_derived:257_30i001tr_s16_s17_l26_n_converted_spectra_malik_patera_v01::1.0
P,urn:nasa:pds:go_nims_io_rad:data_derived:242_16i002tr_s10_s11_l9_n_converted_spectra_pillan_v01::1.0
P,urn:nasa:pds:go_nims_io_rad:data_derived:022_g2i010tr_s8_s9_l2_n_converted_spectra_pele_and_reiden_patera_v01::1.0
P,urn:nasa:pds:go_nims_io_rad:data_derived:243_20i001tr_s11_s12_l2_n_converted_spectra_pele_v01::1.0
P,urn:nasa:pds:go_nims_io_rad:data_derived:024_g2i011tr_s7_s8_l1_n_converted_spectra_babbar_patera_region_v01::1.0
P,urn:nasa:pds:go_nims_io_rad:data_derived:153_10i008tr_s10_s11_l5_n_converted_spectra_prometheus_v01::1.0
P,urn:nasa:pds:go_nims_io_rad:data_derived:161_11i002tr_s13_s14_l12_n_converted_spectra_zal_patera_v01::1.0
P,urn:nasa:pds:go_nims_io_rad:data_derived:025_g2i011tr_s8_s9_l2_n_converted_spectra_pele_and_reiden_patera_v01::1.0
P,urn:nasa:pds:go_nims_io_rad:data_derived:007_g1i003tr_s7_s8_l10_n_converted_spectra_malik_patera_v01::1.0
P,urn:nasa:pds:go_nims_io_rad:data_derived:149_10i009tr_s15_s16_l3_n_converted_spectra_arinna_fluctus_v01::1.0
P,urn:nasa:pds:go_nims_io_rad:data_derived:218_11i007tr_s10_s11_l17_n_converted_spectra_malik_patera_v01::1.0
P,urn:nasa:pds:go_nims_io_rad:data_derived:236_15i005tr_s12_s13_l95_n_converted_spectra_pillan_v01::1.0
P,urn:nasa:pds:go_nims_io_rad:data_derived:048_e4i017tr_s7_s8_l22_n_converted_spectra_aten_p.-_rarog_p._region_v01::1.0
P,urn:nasa:pds:go_nims_io_rad:data_derived:055_e4i019tr_s9_s10_l17_n_converted_spectra_pele_v01::1.0
P,urn:nasa:pds:go_nims_io_rad:data_derived:240_16i002tr_s9_s10_l1_n_converted_spectra_loki_patera_v01::1.0
P,urn:nasa:pds:go_nims_io_rad:data_derived:282_32i008tr_s11_s12_l1826_n_converted_spectra_ot_patera_v01::1.0
P,urn:nasa:pds:go_nims_io_rad:data_derived:267_30i001tr_s12_s13_l226_n_converted_spectra_shamshu_patera_v01::1.0
P,urn:nasa:pds:go_nims_io_rad:data_derived:042_e4i006tr_s9_s10_l14_n_converted_spectra_pillan_v01::1.0
P,urn:nasa:pds:go_nims_io_rad:data_derived:110_c9i001tr_s14_s15_l22_n_converted_spectra_zal_patera_region_v01::1.0
P,urn:nasa:pds:go_nims_io_rad:data_derived:170_11i008tr_s8_s9_l16_n_converted_spectra_laki-oi_patera_v01::1.0
P,urn:nasa:pds:go_nims_io_rad:data_derived:225_15i501tr_s13_s14_l5_n_converted_spectra_marduk_fluctus_v01::1.0
P,urn:nasa:pds:go_nims_io_rad:data_derived:268_30i001tr_s15_s16_l243_n_converted_spectra_uta_patera_v01::1.0
P,urn:nasa:pds:go_nims_io_rad:data_derived:222_12i001tr_s10_s11_l55_n_converted_spectra_hi-iaka_patera-tawhaki_patera_region_v01::1.0
P,urn:nasa:pds:go_nims_io_rad:data_derived:103_c9i008tr_s12_s13_l53_n_converted_spectra_janus_and-or_kanehekili_3_v01::1.0
P,urn:nasa:pds:go_nims_io_rad:data_derived:113_c9i001tr_s13_s12_l22_n_converted_spectra_gish_bar_patera_v01::1.0
P,urn:nasa:pds:go_nims_io_rad:data_derived:119_c9i006tr_s14_s15_l8_n_converted_spectra_shango_patera_-_zal_region_v01::1.0
P,urn:nasa:pds:go_nims_io_rad:data_derived:235_15i005tr_s6_s7_l55_n_converted_spectra_pillan_v01::1.0
P,urn:nasa:pds:go_nims_io_rad:data_derived:031_e4i003tr_s16_s17_l15_n_converted_spectra_hi-iaka_patera_v01::1.0
P,urn:nasa:pds:go_nims_io_rad:data_derived:066_e4i021tr_s8_s9_l17_n_converted_spectra_pele_v01::1.0
P,urn:nasa:pds:go_nims_io_rad:data_derived:081_g8i014tr_s15_s16_l6_n_converted_spectra_pillan_v01::1.0
P,urn:nasa:pds:go_nims_io_rad:data_derived:040_e4i005tr_s9_s10_l15_n_converted_spectra_239_w_-24_v01::1.0
P,urn:nasa:pds:go_nims_io_rad:data_derived:018_g2i008tr_s10_s11_l2_n_converted_spectra_pele_and_reiden_patera_v01::1.0
P,urn:nasa:pds:go_nims_io_rad:data_derived:184_11i010tr_s8_s9_l6_n_converted_spectra_malik_patera_v01::1.0
P,urn:nasa:pds:go_nims_io_rad:data_derived:216_11i007tr_s11_s12_l15_n_converted_spectra_prometheus_v01::1.0
P,urn:nasa:pds:go_nims_io_rad:data_derived:138_10i006tr_s3_s4_l11_n_converted_spectra_itzamna_patera_v01::1.0
P,urn:nasa:pds:go_nims_io_rad:data_derived:086_g8i017tr_s12_s13_l5_n_converted_spectra_pele_v01::1.0
P,urn:nasa:pds:go_nims_io_rad:data_derived:037_e4i004tr_s11_s12_l7_n_converted_spectra_colchis_regio_v01::1.0
P,urn:nasa:pds:go_nims_io_rad:data_derived:214_11i007tr_s12_s13_l12_n_converted_spectra_zamama_v01::1.0
P,urn:nasa:pds:go_nims_io_rad:data_derived:071_e4i025tr_s9_s10_l6_n_converted_spectra_pele_v01::1.0
P,urn:nasa:pds:go_nims_io_rad:data_derived:227_15i501tr_s13_s14_l42_n_converted_spectra_marduk_fluctus_v01::1.0
P,urn:nasa:pds:go_nims_io_rad:data_derived:213_11i007tr_s10_s11_l11_n_converted_spectra_haokah_patera_v01::1.0
P,urn:nasa:pds:go_nims_io_rad:data_derived:261_30i001tr_s4_s5_l57_n_converted_spectra_aluna_patera_v01::1.0
P,urn:nasa:pds:go_nims_io_rad:data_derived:275_32i008tr_s3_s4_l1876_n_converted_spectra_susanoo_patera_v01::1.0
P,urn:nasa:pds:go_nims_io_rad:data_derived:176_11i003tr_s8_s9_l13_n_converted_spectra_laki-oi_patera_v01::1.0
P,urn:nasa:pds:go_nims_io_rad:data_derived:273_31i007tr_s18_s19_l51_n_converted_spectra_mulungu_patera_v01::1.0
P,urn:nasa:pds:go_nims_io_rad:data_derived:121_c9i006tr_s10_s11_l11_n_converted_spectra_hi-iaka_patera_-_tawhaki_patera_region_v01::1.0
P,urn:nasa:pds:go_nims_io_rad:data_derived:209_11i004tr_s11_s12_l15_n_converted_spectra_prometheus_v01::1.0
P,urn:nasa:pds:go_nims_io_rad:data_derived:029_e4i002tr_s15_s16_l17_n_converted_spectra_hi-iaka_patera_v01::1.0
P,urn:nasa:pds:go_nims_io_rad:data_derived:136_10i006tr_s10_s11_l5_n_converted_spectra_amirani_v01::1.0
P,urn:nasa:pds:go_nims_io_rad:data_derived:145_10i006tr_s19_s20_l29_n_converted_spectra_monan_patera_v01::1.0
P,urn:nasa:pds:go_nims_io_rad:data_derived:167_11i008tr_s11_s12_l13_n_converted_spectra_gish_bar_patera_and_itzamna_patera_v01::1.0
P,urn:nasa:pds:go_nims_io_rad:data_derived:279_32i008tr_s4_s5_l3217_n_converted_spectra_pele_v01::1.0
P,urn:nasa:pds:go_nims_io_rad:data_derived:088_g8i011tr_s12_s13_l6_n_converted_spectra_loki_patera_v01::1.0
P,urn:nasa:pds:go_nims_io_rad:data_derived:036_e4i011tr_s15_s16_l21_n_converted_spectra_emakong_region_-_no_backplanes_v01::1.0
P,urn:nasa:pds:go_nims_io_rad:data_derived:128_10i007tr_s12_s13_l10_n_converted_spectra_hi-iaka_patera_v01::1.0
P,urn:nasa:pds:go_nims_io_rad:data_derived:244_20i001tr_s11_s12_l5_n_converted_spectra_pillan_v01::1.0
P,urn:nasa:pds:go_nims_io_rad:data_derived:083_g8i016tr_s12_s13_l3_n_converted_spectra_pele_v01::1.0
P,urn:nasa:pds:go_nims_io_rad:data_derived:230_15i501tr_s13_s14_l78_n_converted_spectra_marduk_fluctus_v01::1.0
P,urn:nasa:pds:go_nims_io_rad:data_derived:006_g1i003tr_s12_s13_l9_n_converted_spectra_amirani_v01::1.0
P,urn:nasa:pds:go_nims_io_rad:data_derived:249_26i001tr_s7_s8_l142_n_converted_spectra_loki_patera_v01::1.0
P,urn:nasa:pds:go_nims_io_rad:data_derived:255_30i001tr_s11_s12_l10_n_converted_spectra_prometheus_v01::1.0
P,urn:nasa:pds:go_nims_io_rad:data_derived:174_11i003tr_s11_s12_l13_n_converted_spectra_tawhaki_patera_-_hi-iaka_patera_region_v01::1.0
P,urn:nasa:pds:go_nims_io_rad:data_derived:186_11i010tr_s11_s12_l9_n_converted_spectra_sigurd_patera_v01::1.0
P,urn:nasa:pds:go_nims_io_rad:data_derived:010_g1i003tr_s11_s12_l12_n_converted_spectra_arinna_fluctus_v01::1.0
P,urn:nasa:pds:go_nims_io_rad:data_derived:016_g2i007tr_s10_s11_l2_n_converted_spectra_pele_and_reiden_patera_v01::1.0
P,urn:nasa:pds:go_nims_io_rad:data_derived:201_11i006tr_s8_s9_l17_n_converted_spectra_arusha_and-or_altjirra_v01::1.0
P,urn:nasa:pds:go_nims_io_rad:data_derived:239_16i001tr_s10_s11_l9_n_converted_spectra_pillan_v01::1.0
P,urn:nasa:pds:go_nims_io_rad:data_derived:232_15i005tr_s17_s18_l4_n_converted_spectra_pele_v01::1.0
P,urn:nasa:pds:go_nims_io_rad:data_derived:122_c9i002tr_s8_s9_l25_n_converted_spectra_culann_-_tohil_region_v01::1.0
P,urn:nasa:pds:go_nims_io_rad:data_derived:265_30i001tr_s17_s18_l120_n_converted_spectra_c30a_-_tejeto_1_v01::1.0
P,urn:nasa:pds:go_nims_io_rad:data_derived:043_e4i006tr_s9_s10_l16_n_converted_spectra_pele_v01::1.0
P,urn:nasa:pds:go_nims_io_rad:data_derived:280_32i008tr_s9_s10_l3452_n_converted_spectra_wayland_patera_v01::1.0
P,urn:nasa:pds:go_nims_io_rad:data_derived:215_11i007tr_s10_s11_l14_n_converted_spectra_culann_v01::1.0
P,urn:nasa:pds:go_nims_io_rad:data_derived:224_12i001tr_s6_s7_l55_n_converted_spectra_laki-oi_patera_v01::1.0
P,urn:nasa:pds:go_nims_io_rad:data_derived:096_c9i004tr_s10_s11_l142_n_converted_spectra_loki_patera_6_v01::1.0
P,urn:nasa:pds:go_nims_io_rad:data_derived:132_10i005tr_s3_s4_l35_n_converted_spectra_itzamna_patera_v01::1.0
P,urn:nasa:pds:go_nims_io_rad:data_derived:049_e4i017tr_s12_s13_l24_n_converted_spectra_loki_patera_v01::1.0
P,urn:nasa:pds:go_nims_io_rad:data_derived:189_11i010tr_s11_s12_l12_n_converted_spectra_hi-iaka_patera-tawhaki_patera_region_v01::1.0
P,urn:nasa:pds:go_nims_io_rad:data_derived:014_g1i003tr_s7_s8_l7_n_converted_spectra_altjirra_v01::1.0
P,urn:nasa:pds:go_nims_io_rad:data_derived:190_11i005tr_s9_s10_l12_n_converted_spectra_tupan_patera_v01::1.0
P,urn:nasa:pds:go_nims_io_rad:data_derived:283_32i008tr_s7_s8_l1716_n_converted_spectra_p13_v01::1.0
P,urn:nasa:pds:go_nims_io_rad:data_derived:178_11i009tr_s8_s9_l13_n_converted_spectra_arusha_patera_-_altjirra_region_v01::1.0
P,urn:nasa:pds:go_nims_io_rad:data_derived:030_e4i002tr_s15_s16_l19_n_converted_spectra_sigurd_patera_v01::1.0
P,urn:nasa:pds:go_nims_io_rad:data_derived:140_10i006tr_s9_s10_l13_n_converted_spectra_gish_bar_patera_v01::1.0
P,urn:nasa:pds:go_nims_io_rad:data_derived:019_g2i008tr_s10_s11_l3_n_converted_spectra_reiden_patera_region_v01::1.0
P,urn:nasa:pds:go_nims_io_rad:data_derived:281_32i008tr_s13_s14_l93_n_converted_spectra_llew_patera_v01::1.0
P,urn:nasa:pds:go_nims_io_rad:data_derived:245_20i001tr_s8_s9_l7_n_converted_spectra_girru_patera_v01::1.0
P,urn:nasa:pds:go_nims_io_rad:data_derived:188_11i010tr_s8_s9_l12_n_converted_spectra_laki-oi_patera_v01::1.0
P,urn:nasa:pds:go_nims_io_rad:data_derived:038_e4i004tr_s8_s9_l11_n_converted_spectra_pele_v01::1.0
P,urn:nasa:pds:go_nims_io_rad:data_derived:098_c9i008tr_s10_s11_l6_n_converted_spectra_acala_fluctus_region_inc._tol-ava_p._v01::1.0
P,urn:nasa:pds:go_nims_io_rad:data_derived:205_11i006tr_s13_s14_l12_n_converted_spectra_maui_patera_v01::1.0
P,urn:nasa:pds:go_nims_io_rad:data_derived:124_c9i002tr_s8_s9_l29_n_converted_spectra_malik_patera_v01::1.0
P,urn:nasa:pds:go_nims_io_rad:data_derived:284_10i010tr_s10_s11_l1_n_converted_spectra_pele-isolated_v01::1.0
P,urn:nasa:pds:go_nims_io_rad:data_derived:258_30i001tr_s3_s4_l39_n_converted_spectra_tvashtar_paterae_v01::1.0
P,urn:nasa:pds:go_nims_io_rad:data_derived:060_e4i019tr_s9_s10_l26_n_converted_spectra_masaya_patera_region_v01::1.0
P,urn:nasa:pds:go_nims_io_rad:data_derived:221_12i001tr_s9_s10_l31_n_converted_spectra_unknown_v01::1.0
P,urn:nasa:pds:go_nims_io_rad:data_derived:269_30i001tr_s11_s12_l246_n_converted_spectra_janus_patera_v01::1.0
P,urn:nasa:pds:go_nims_io_rad:data_derived:005_g1i003tr_s12_s13_l7_n_converted_spectra_monan_patera_v01::1.0
P,urn:nasa:pds:go_nims_io_rad:data_derived:233_15i005tr_s16_s17_l7_n_converted_spectra_pillan_v01::1.0
P,urn:nasa:pds:go_nims_io_rad:data_derived:033_e4i010tr_s16_s17_l11_n_converted_spectra_hi-iaka_region_v01::1.0
P,urn:nasa:pds:go_nims_io_rad:data_derived:247_20i001tr_s8_s9_l12_n_converted_spectra_lei-kung_fluctus_or_isum_v01::1.0
P,urn:nasa:pds:go_nims_io_rad:data_derived:104_c9i008tr_s10_s11_l68_n_converted_spectra_acala_fluctus_region_4_v01::1.0
P,urn:nasa:pds:go_nims_io_rad:data_derived:094_c9i004tr_s10_s11_l114_n_converted_spectra_loki_patera_5_v01::1.0
P,urn:nasa:pds:go_nims_io_rad:data_derived:134_10i005tr_s8_s9_l69_n_converted_spectra_altjirra_patera-arusha_patera_region_v01::1.0
P,urn:nasa:pds:go_nims_io_rad:data_derived:011_g1i003tr_s10_s11_l14_n_converted_spectra_prometheus_v01::1.0
P,urn:nasa:pds:go_nims_io_rad:data_derived:206_11i004tr_s10_s11_l11_n_converted_spectra_haokah_patera_-_close_to_sethlaus_v01::1.0
P,urn:nasa:pds:go_nims_io_rad:data_derived:092_c9i004tr_s10_s11_l86_n_converted_spectra_loki_patera_4_v01::1.0
P,urn:nasa:pds:go_nims_io_rad:data_derived:039_e4i005tr_s8_s9_l18_n_converted_spectra_pele_v01::1.0
P,urn:nasa:pds:go_nims_io_rad:data_derived:046_e4i017tr_s9_s10_l1_n_converted_spectra_marduk_fluctus_region_v01::1.0
P,urn:nasa:pds:go_nims_io_rad:data_derived:241_16i002tr_s11_s12_l6_n_converted_spectra_pele_v01::1.0
P,urn:nasa:pds:go_nims_io_rad:data_derived:144_10i006tr_s8_s9_l27_n_converted_spectra_arusha_patera_v01::1.0
P,urn:nasa:pds:go_nims_io_rad:data_derived:146_10i006tr_s12_s13_l30_n_converted_spectra_itzamna_patera_v01::1.0
P,urn:nasa:pds:go_nims_io_rad:data_derived:105_c9i008tr_s10_s11_l88_n_converted_spectra_acala_fluctus_region_5_v01::1.0
P,urn:nasa:pds:go_nims_io_rad:data_derived:158_10i008tr_s14_s15_l10_n_converted_spectra_amirani_v01::1.0
P,urn:nasa:pds:go_nims_io_rad:data_derived:078_g8i009tr_s14_s15_l1_n_converted_spectra_culann_region_v01::1.0
P,urn:nasa:pds:go_nims_io_rad:data_derived:009_g1i003tr_s8_s9_l11_n_converted_spectra_tupan_patera_v01::1.0
P,urn:nasa:pds:go_nims_io_rad:data_derived:020_g2i009tr_s10_s11_l3_n_converted_spectra_pele_and_reiden_patera_v01::1.0
P,urn:nasa:pds:go_nims_io_rad:data_derived:260_30i001tr_s13_s14_l46_n_converted_spectra_sigurd_patera-itzamna_region_v01::1.0
P,urn:nasa:pds:go_nims_io_rad:data_derived:068_e4i023tr_s8_s9_l18_n_converted_spectra_pele_v01::1.0
P,urn:nasa:pds:go_nims_io_rad:data_derived:021_g2i010tr_s7_s8_l1_n_converted_spectra_babbar_patera_region_v01::1.0
P,urn:nasa:pds:go_nims_io_rad:data_derived:203_11i006tr_s13_s14_l17_n_converted_spectra_gish_bar_patera_v01::1.0
P,urn:nasa:pds:go_nims_io_rad:data_derived:116_c9i006tr_s7_s8_l2_n_converted_spectra_malik_patera_v01::1.0
P,urn:nasa:pds:go_nims_io_rad:data_derived:135_10i005tr_s18_s19_l71_n_converted_spectra_monan_patera_v01::1.0
P,urn:nasa:pds:go_nims_io_rad:data_derived:059_e4i019tr_s8_s9_l22_n_converted_spectra_aten_patera_region_v01::1.0
P,urn:nasa:pds:go_nims_io_rad:data_derived:015_g2i006tr_s9_s10_l3_n_converted_spectra_reiden_patera_region_v01::1.0
P,urn:nasa:pds:go_nims_io_rad:data_derived:202_11i006tr_s11_s12_l18_n_converted_spectra_sigurd_patera_v01::1.0
P,urn:nasa:pds:go_nims_io_rad:data_derived:155_10i008tr_s7_s8_l7_n_converted_spectra_malik_patera_v01::1.0
P,urn:nasa:pds:go_nims_io_rad:data_derived:100_c9i008tr_s10_s11_l27_n_converted_spectra_acala_fluctus_region_2_v01::1.0
P,urn:nasa:pds:go_nims_io_rad:data_derived:177_11i009tr_s12_s13_l10_n_converted_spectra_amirani_v01::1.0
P,urn:nasa:pds:go_nims_io_rad:data_derived:159_10i003tr_s11_s12_l9_n_converted_spectra_loki_patera_v01::1.0
P,urn:nasa:pds:go_nims_io_rad:data_derived:285_16i001tr_s13_s14_l4_n_converted_spectra_patera_nw_of_ulgen_patera_v01::1.0
P,urn:nasa:pds:go_nims_io_rad:data_derived:160_10i010tr_s10_s11_l1_n_converted_spectra_pele-pillan_region_v01::1.0
P,urn:nasa:pds:go_nims_io_rad:data_derived:193_11i005tr_s12_s13_l12_n_converted_spectra_maui_patera_v01::1.0
P,urn:nasa:pds:go_nims_io_rad:data_derived:080_g8i010tr_s16_s17_l6_n_converted_spectra_marduk_fluctus_v01::1.0
P,urn:nasa:pds:go_nims_io_rad:data_derived:162_11i002tr_s11_s12_l13_n_converted_spectra_hiiaka_patera-tawhaki_patera_region_v01::1.0
P,urn:nasa:pds:go_nims_io_rad:data_derived:058_e4i019tr_s9_s10_l1_n_converted_spectra_marduk_fluctus_region_v01::1.0
P,urn:nasa:pds:go_nims_io_rad:data_derived:107_c9i007tr_s13_s14_l4_n_converted_spectra_zal_-_gish_bar_p._region_v01::1.0
P,urn:nasa:pds:go_nims_io_rad:data_derived:053_e4i018tr_s14_s15_l21_n_converted_spectra_dazhbog_patera_v01::1.0
P,urn:nasa:pds:go_nims_io_rad:data_derived:004_g1i003tr_s13_s14_l5_n_converted_spectra_zal_patera_v01::1.0
P,urn:nasa:pds:go_nims_io_rad:data_derived:065_e4i020tr_s12_s13_l24_n_converted_spectra_loki_patera_v01::1.0
P,urn:nasa:pds:go_nims_io_rad:data_derived:264_30i001tr_s17_s18_l118_n_converted_spectra_c30a_-_tejeto_2_v01::1.0
P,urn:nasa:pds:go_nims_io_rad:data_derived:182_11i009tr_s11_s12_l16_n_converted_spectra_hi-iaka_patera-tawhaki_patera_region_v01::1.0
P,urn:nasa:pds:go_nims_io_rad:data_derived:137_10i006tr_s10_s11_l9_n_converted_spectra_monan_patera_v01::1.0
P,urn:nasa:pds:go_nims_io_rad:data_derived:278_32i008tr_s2_s3_l3246_n_converted_spectra_pillan_patera_-_reiden_region_v01::1.0
P,urn:nasa:pds:go_nims_io_rad:data_derived:063_e4i020tr_s7_s8_l22_n_converted_spectra_aten_p.-_ulgen_p._region_v01::1.0
P,urn:nasa:pds:go_nims_io_rad:data_derived:099_c9i008tr_s12_s13_l11_n_converted_spectra_janus_and-or_kanehekili_v01::1.0
P,urn:nasa:pds:go_nims_io_rad:data_derived:057_e4i019tr_s13_s14_l22_n_converted_spectra_dazhbog-amaterasu_p._region_v01::1.0
P,urn:nasa:pds:go_nims_io_rad:data_derived:271_30i002tr_s15_s16_l11_n_converted_spectra_prometheus_v01::1.0
P,urn:nasa:pds:go_nims_io_rad:data_derived:093_c9i004tr_s11_s12_l92_n_converted_spectra_kanehekili_3_v01::1.0
P,urn:nasa:pds:go_nims_io_rad:data_derived:166_11i008tr_s9_s10_l13_n_converted_spectra_itzamna_patera_and_gish_bar_patera_v01::1.0
P,urn:nasa:pds:go_nims_io_rad:data_derived:052_e4i018tr_s12_s13_l24_n_converted_spectra_loki_patera_v01::1.0
P,urn:nasa:pds:go_nims_io_rad:data_derived:067_e4i022tr_s9_s10_l17_n_converted_spectra_pele_v01::1.0
P,urn:nasa:pds:go_nims_io_rad:data_derived:191_11i005tr_s13_s14_l14_n_converted_spectra_amirani_v01::1.0
P,urn:nasa:pds:go_nims_io_rad:data_derived:208_11i004tr_s9_s10_l14_n_converted_spectra_culann_v01::1.0
P,urn:nasa:pds:go_nims_io_rad:data_derived:226_15i501tr_s7_s8_l6_n_converted_spectra_isum_p.-susanoo_p._region_v01::1.0
P,urn:nasa:pds:go_nims_io_rad:data_derived:217_11i007tr_s10_s11_l16_n_converted_spectra_tupan_patera_v01::1.0
P,urn:nasa:pds:go_nims_io_rad:data_derived:090_c9i004tr_s10_s11_l57_n_converted_spectra_loki_patera_3_v01::1.0
P,urn:nasa:pds:go_nims_io_rad:data_derived:148_10i006tr_s15_s16_l36_n_converted_spectra_hi-iaka_patera_-_tawhaki_region_v01::1.0
P,urn:nasa:pds:go_nims_io_rad:data_derived:212_11i004tr_s13_s14_l17_n_converted_spectra_amirani_region_v01::1.0
P,urn:nasa:pds:go_nims_io_rad:data_derived:028_c3i002tr_s7_s8_l96_n_converted_spectra_malik_patera_v01::1.0
P,urn:nasa:pds:go_nims_io_rad:data_derived:154_10i008tr_s8_s9_l6_n_converted_spectra_tupan_patera_v01::1.0
P,urn:nasa:pds:go_nims_io_rad:data_derived:152_10i008tr_s8_s9_l2_n_converted_spectra_culann-wabasso_region_v01::1.0
P,urn:nasa:pds:go_nims_io_rad:data_derived:157_10i008tr_s6_s7_l3_n_converted_spectra_shamash_p._region_-_close_to_culann_v01::1.0
P,urn:nasa:pds:go_nims_io_rad:data_derived:131_10i005tr_s10_s11_l30_n_converted_spectra_amirani_v01::1.0
P,urn:nasa:pds:go_nims_io_rad:data_derived:259_30i001tr_s7_s8_l42_n_converted_spectra_amirani_v01::1.0
P,urn:nasa:pds:go_nims_io_rad:data_derived:143_10i006tr_s19_s20_l25_n_converted_spectra_amirani_v01::1.0
P,urn:nasa:pds:go_nims_io_rad:data_derived:061_e4i020tr_s12_s13_l14_n_converted_spectra_girru-susanoo_region_v01::1.0
P,urn:nasa:pds:go_nims_io_rad:data_derived:272_30i002tr_s19_s20_l20_n_converted_spectra_tupan_patera_v01::1.0
P,urn:nasa:pds:go_nims_io_rad:data_derived:256_30i001tr_s14_s15_l10_n_converted_spectra_tupan_patera_v01::1.0
P,urn:nasa:pds:go_nims_io_rad:data_derived:082_g8i015tr_s11_s12_l5_n_converted_spectra_pillan_v01::1.0
P,urn:nasa:pds:go_nims_io_rad:data_derived:270_30i001tr_s14_s15_l248_n_converted_spectra_kanehekili_fluctus_v01::1.0
P,urn:nasa:pds:go_nims_io_rad:data_derived:276_32i008tr_s5_s6_l1898_n_converted_spectra_mulungu_patera_v01::1.0
P,urn:nasa:pds:go_nims_io_rad:data_derived:001_g1i003tr_s10_s11_l3_n_converted_spectra_hi-iaka_patera_v01::1.0
P,urn:nasa:pds:go_nims_io_rad:data_derived:035_e4i011tr_s16_s17_l17_n_resultant_spectra_hi-iaka_patera_v01::1.0
P,urn:nasa:pds:go_nims_io_rad:data_derived:139_10i006tr_s5_s16_l12_n_resultant_spectra_sigurd_patera_gp15_v01::1.0
P,urn:nasa:pds:go_nims_io_rad:data_derived:243_20i001tr_s11_s12_l2_n_resultant_spectra_pele_v01::1.0
P,urn:nasa:pds:go_nims_io_rad:data_derived:240_16i002tr_s9_s10_l1_n_resultant_spectra_loki_patera_v01::1.0
P,urn:nasa:pds:go_nims_io_rad:data_derived:100_c9i008tr_s10_s11_l27_n_resultant_spectra_acala_fluctus_region_2_gp2_v01::1.0
P,urn:nasa:pds:go_nims_io_rad:data_derived:135_10i005tr_s18_s19_l71_n_resultant_spectra_monan_patera_gp14_v01::1.0
P,urn:nasa:pds:go_nims_io_rad:data_derived:212_11i004tr_s13_s14_l17_n_resultant_spectra_amirani_region_gp6_v01::1.0
P,urn:nasa:pds:go_nims_io_rad:data_derived:204_11i006tr_s12_s13_l19_n_resultant_spectra_hi-iaka_patera-tawhaki_patera_region_gp21_v01::1.0
P,urn:nasa:pds:go_nims_io_rad:data_derived:176_11i003tr_s8_s9_l13_n_resultant_spectra_laki-oi_patera_gp20_v01::1.0
P,urn:nasa:pds:go_nims_io_rad:data_derived:242_16i002tr_s10_s11_l9_n_resultant_spectra_pillan_gp24_v01::1.0
P,urn:nasa:pds:go_nims_io_rad:data_derived:074_e6i005tr_s5_s6_l1_n_resultant_spectra_reiden_patera-pillan_patera_region_gp24_v01::1.0
P,urn:nasa:pds:go_nims_io_rad:data_derived:202_11i006tr_s11_s12_l18_n_resultant_spectra_sigurd_patera_gp10_v01::1.0
P,urn:nasa:pds:go_nims_io_rad:data_derived:019_g2i008tr_s10_s11_l3_n_resultant_spectra_reiden_patera_region_v01::1.0
P,urn:nasa:pds:go_nims_io_rad:data_derived:010_g1i003tr_s11_s12_l12_n_resultant_spectra_arinna_fluctus_gp4_v01::1.0
P,urn:nasa:pds:go_nims_io_rad:data_derived:055_e4i019tr_s9_s10_l17_n_resultant_spectra_pele_v01::1.0
P,urn:nasa:pds:go_nims_io_rad:data_derived:036_e4i011tr_s15_s16_l21_n_resultant_spectra_emakong_region_-_no_backplanes_v01::1.0
P,urn:nasa:pds:go_nims_io_rad:data_derived:260_30i001tr_s13_s14_l46_n_resultant_spectra_sigurd_patera-itzamna_region_v01::1.0
P,urn:nasa:pds:go_nims_io_rad:data_derived:209_11i004tr_s11_s12_l15_n_resultant_spectra_prometheus_gp10_v01::1.0
P,urn:nasa:pds:go_nims_io_rad:data_derived:147_10i006tr_s18_s19_l33_n_resultant_spectra_gish_bar_patera_gp22_v01::1.0
P,urn:nasa:pds:go_nims_io_rad:data_derived:004_g1i003tr_s13_s14_l5_n_resultant_spectra_zal_patera_gp15_v01::1.0
P,urn:nasa:pds:go_nims_io_rad:data_derived:263_30i001tr_s5_s6_l84_n_resultant_spectra_zal_patera_v01::1.0
P,urn:nasa:pds:go_nims_io_rad:data_derived:116_c9i006tr_s7_s8_l2_n_resultant_spectra_malik_patera_gp17_v01::1.0
P,urn:nasa:pds:go_nims_io_rad:data_derived:250_29i001tr_s11_s12_l67_n_resultant_spectra_shamshu_patera_v01::1.0
P,urn:nasa:pds:go_nims_io_rad:data_derived:060_e4i019tr_s9_s10_l26_n_resultant_spectra_masaya_patera_region_v01::1.0
P,urn:nasa:pds:go_nims_io_rad:data_derived:179_11i009tr_s11_s12_l13_n_resultant_spectra_sigurd_patera_-_itzamna_region_gp12_v01::1.0
P,urn:nasa:pds:go_nims_io_rad:data_derived:064_e4i020tr_s13_s14_l22_n_resultant_spectra_dazhbog_patera_v01::1.0
P,urn:nasa:pds:go_nims_io_rad:data_derived:066_e4i021tr_s8_s9_l17_n_resultant_spectra_pele_v01::1.0
P,urn:nasa:pds:go_nims_io_rad:data_derived:164_11i002tr_s10_s11_l18_n_resultant_spectra_kanehekili-janus_patera_region_gp14_v01::1.0
P,urn:nasa:pds:go_nims_io_rad:data_derived:001_g1i003tr_s10_s11_l3_n_resultant_spectra_hi-iaka_patera_gp16_v01::1.0
P,urn:nasa:pds:go_nims_io_rad:data_derived:154_10i008tr_s8_s9_l6_n_resultant_spectra_tupan_patera_gp22_v01::1.0
P,urn:nasa:pds:go_nims_io_rad:data_derived:078_g8i009tr_s14_s15_l1_n_resultant_spectra_culann_region_v01::1.0
P,urn:nasa:pds:go_nims_io_rad:data_derived:178_11i009tr_s8_s9_l13_n_resultant_spectra_arusha_patera_-_altjirra_region_gp14_v01::1.0
P,urn:nasa:pds:go_nims_io_rad:data_derived:182_11i009tr_s11_s12_l16_n_resultant_spectra_hi-iaka_patera-tawhaki_patera_region_gp6_v01::1.0
P,urn:nasa:pds:go_nims_io_rad:data_derived:187_11i010tr_s13_s14_l9_n_resultant_spectra_gish_bar_patera_v01::1.0
P,urn:nasa:pds:go_nims_io_rad:data_derived:092_c9i004tr_s10_s11_l86_n_resultant_spectra_loki_patera_4_v01::1.0
P,urn:nasa:pds:go_nims_io_rad:data_derived:161_11i002tr_s13_s14_l12_n_resultant_spectra_zal_patera_gp14_v01::1.0
P,urn:nasa:pds:go_nims_io_rad:data_derived:014_g1i003tr_s7_s8_l7_n_resultant_spectra_altjirra_gp24_v01::1.0
P,urn:nasa:pds:go_nims_io_rad:data_derived:205_11i006tr_s13_s14_l12_n_resultant_spectra_maui_patera_gp20_v01::1.0
P,urn:nasa:pds:go_nims_io_rad:data_derived:020_g2i009tr_s10_s11_l3_n_resultant_spectra_pele_and_reiden_patera_v01::1.0
P,urn:nasa:pds:go_nims_io_rad:data_derived:163_11i002tr_s8_s9_l15_n_resultant_spectra_laki-oi_patera_gp8_v01::1.0
P,urn:nasa:pds:go_nims_io_rad:data_derived:090_c9i004tr_s10_s11_l57_n_resultant_spectra_loki_patera_3_gp6_v01::1.0
P,urn:nasa:pds:go_nims_io_rad:data_derived:072_e4i026tr_s9_s10_l13_n_resultant_spectra_pele_v01::1.0
P,urn:nasa:pds:go_nims_io_rad:data_derived:207_11i004tr_s13_s12_l12_n_resultant_spectra_zamama_gp8_v01::1.0
P,urn:nasa:pds:go_nims_io_rad:data_derived:285_16i001tr_s13_s14_l4_n_resultant_spectra_patera_nw_of_ulgen_patera_gp24_v01::1.0
P,urn:nasa:pds:go_nims_io_rad:data_derived:253_30i001tr_s11_s12_l5_n_resultant_spectra_aidne_patera_v01::1.0
P,urn:nasa:pds:go_nims_io_rad:data_derived:220_12i001tr_s7_s8_l29_n_resultant_spectra_kanehekili_fluctus_v01::1.0
P,urn:nasa:pds:go_nims_io_rad:data_derived:070_e4i025tr_s9_s10_l2_n_resultant_spectra_marduk_fluctus_region_v01::1.0
P,urn:nasa:pds:go_nims_io_rad:data_derived:193_11i005tr_s12_s13_l12_n_resultant_spectra_maui_patera_gp18_v01::1.0
P,urn:nasa:pds:go_nims_io_rad:data_derived:094_c9i004tr_s10_s11_l114_n_resultant_spectra_loki_patera_5_gp6_v01::1.0
P,urn:nasa:pds:go_nims_io_rad:data_derived:069_e4i024tr_s9_s10_l17_n_resultant_spectra_pele_v01::1.0
P,urn:nasa:pds:go_nims_io_rad:data_derived:084_g8i016tr_s9_s10_l6_n_resultant_spectra_daedalus_p.-shakuru_p._region_gp14_v01::1.0
P,urn:nasa:pds:go_nims_io_rad:data_derived:239_16i001tr_s10_s11_l9_n_resultant_spectra_pillan_gp24_v01::1.0
P,urn:nasa:pds:go_nims_io_rad:data_derived:216_11i007tr_s11_s12_l15_n_resultant_spectra_prometheus_gp2_v01::1.0
P,urn:nasa:pds:go_nims_io_rad:data_derived:108_c9i007tr_s9_s10_l10_n_resultant_spectra_kanehekili_f._and-or_janus_patera_gp22_v01::1.0
P,urn:nasa:pds:go_nims_io_rad:data_derived:191_11i005tr_s13_s14_l14_n_resultant_spectra_amirani_gp21_v01::1.0
P,urn:nasa:pds:go_nims_io_rad:data_derived:267_30i001tr_s12_s13_l226_n_resultant_spectra_shamshu_patera_v01::1.0
P,urn:nasa:pds:go_nims_io_rad:data_derived:152_10i008tr_s8_s9_l2_n_resultant_spectra_culann-wabasso_region_gp22_v01::1.0
P,urn:nasa:pds:go_nims_io_rad:data_derived:128_10i007tr_s12_s13_l10_n_resultant_spectra_hi-iaka_patera_gp14_v01::1.0
P,urn:nasa:pds:go_nims_io_rad:data_derived:237_16i001tr_s9_s10_l1_n_resultant_spectra_loki_patera_v01::1.0
P,urn:nasa:pds:go_nims_io_rad:data_derived:234_15i005tr_s7_s8_l52_n_resultant_spectra_pele_v01::1.0
P,urn:nasa:pds:go_nims_io_rad:data_derived:030_e4i002tr_s15_s16_l19_n_resultant_spectra_sigurd_patera_v01::1.0
P,urn:nasa:pds:go_nims_io_rad:data_derived:177_11i009tr_s12_s13_l10_n_resultant_spectra_amirani_v01::1.0
P,urn:nasa:pds:go_nims_io_rad:data_derived:268_30i001tr_s15_s16_l243_n_resultant_spectra_uta_patera_v01::1.0
P,urn:nasa:pds:go_nims_io_rad:data_derived:189_11i010tr_s11_s12_l12_n_resultant_spectra_hi-iaka_patera-tawhaki_patera_region_v01::1.0
P,urn:nasa:pds:go_nims_io_rad:data_derived:262_30i001tr_s8_s9_l62_n_resultant_spectra_gish_bar_patera_v01::1.0
P,urn:nasa:pds:go_nims_io_rad:data_derived:031_e4i003tr_s16_s17_l15_n_resultant_spectra_hi-iaka_patera_v01::1.0
P,urn:nasa:pds:go_nims_io_rad:data_derived:045_e4i017tr_s8_s9_l17_n_resultant_spectra_pele_v01::1.0
P,urn:nasa:pds:go_nims_io_rad:data_derived:119_c9i006tr_s14_s15_l8_n_resultant_spectra_shango_patera_-_zal_region_gp18_v01::1.0
P,urn:nasa:pds:go_nims_io_rad:data_derived:009_g1i003tr_s8_s9_l11_n_resultant_spectra_tupan_patera_gp22_v01::1.0
P,urn:nasa:pds:go_nims_io_rad:data_derived:247_20i001tr_s8_s9_l12_n_resultant_spectra_lei-kung_fluctus_or_isum_gp4_v01::1.0
P,urn:nasa:pds:go_nims_io_rad:data_derived:248_22i001tr_s10_s11_l11_n_resultant_spectra_loki_patera_v01::1.0
P,urn:nasa:pds:go_nims_io_rad:data_derived:123_c9i002tr_s10_s11_l26_n_resultant_spectra_prometheus_gp20_v01::1.0
P,urn:nasa:pds:go_nims_io_rad:data_derived:218_11i007tr_s10_s11_l17_n_resultant_spectra_malik_patera_v01::1.0
P,urn:nasa:pds:go_nims_io_rad:data_derived:002_g1i003tr_s9_s10_l5_n_resultant_spectra_sigurd_patera_gp20_v01::1.0
P,urn:nasa:pds:go_nims_io_rad:data_derived:184_11i010tr_s8_s9_l6_n_resultant_spectra_malik_patera_gp8_v01::1.0
P,urn:nasa:pds:go_nims_io_rad:data_derived:107_c9i007tr_s13_s14_l4_n_resultant_spectra_zal_-_gish_bar_p._region_gp12_v01::1.0
P,urn:nasa:pds:go_nims_io_rad:data_derived:173_11i003tr_s13_s14_l12_n_resultant_spectra_zal_patera_gp3_v01::1.0
P,urn:nasa:pds:go_nims_io_rad:data_derived:252_29i003tr_s11_s12_l200_n_resultant_spectra_loki_patera_v01::1.0
P,urn:nasa:pds:go_nims_io_rad:data_derived:048_e4i017tr_s7_s8_l22_n_resultant_spectra_aten_p.-_rarog_p._region_v01::1.0
P,urn:nasa:pds:go_nims_io_rad:data_derived:257_30i001tr_s16_s17_l26_n_resultant_spectra_malik_patera_v01::1.0
P,urn:nasa:pds:go_nims_io_rad:data_derived:077_g7i006tr_s7_s8_l10_n_resultant_spectra_loki_patera_v01::1.0
P,urn:nasa:pds:go_nims_io_rad:data_derived:238_16i001tr_s11_s12_l7_n_resultant_spectra_pele_v01::1.0
P,urn:nasa:pds:go_nims_io_rad:data_derived:258_30i001tr_s3_s4_l39_n_resultant_spectra_tvashtar_paterae_v01::1.0
P,urn:nasa:pds:go_nims_io_rad:data_derived:254_30i001tr_s14_s15_l6_n_resultant_spectra_culann_v01::1.0
P,urn:nasa:pds:go_nims_io_rad:data_derived:206_11i004tr_s10_s11_l11_n_resultant_spectra_haokah_patera_-_close_to_sethlaus_v01::1.0
P,urn:nasa:pds:go_nims_io_rad:data_derived:166_11i008tr_s9_s10_l13_n_resultant_spectra_itzamna_patera_and_gish_bar_patera_gp14_v01::1.0
P,urn:nasa:pds:go_nims_io_rad:data_derived:061_e4i020tr_s12_s13_l14_n_resultant_spectra_girru-susanoo_region_v01::1.0
P,urn:nasa:pds:go_nims_io_rad:data_derived:158_10i008tr_s14_s15_l10_n_resultant_spectra_amirani_gp16_v01::1.0
P,urn:nasa:pds:go_nims_io_rad:data_derived:076_g7i007tr_s9_s10_l1_n_resultant_spectra_loki_patera_v01::1.0
P,urn:nasa:pds:go_nims_io_rad:data_derived:062_e4i020tr_s8_s9_l17_n_resultant_spectra_pele_v01::1.0
P,urn:nasa:pds:go_nims_io_rad:data_derived:051_e4i018tr_s8_s9_l21_n_resultant_spectra_ulgen_patera_v01::1.0
P,urn:nasa:pds:go_nims_io_rad:data_derived:259_30i001tr_s7_s8_l42_n_resultant_spectra_amirani_v01::1.0
P,urn:nasa:pds:go_nims_io_rad:data_derived:143_10i006tr_s19_s20_l25_n_resultant_spectra_amirani_v01::1.0
P,urn:nasa:pds:go_nims_io_rad:data_derived:013_g1i003tr_s11_s12_l16_n_resultant_spectra_zamama_gp20_v01::1.0
P,urn:nasa:pds:go_nims_io_rad:data_derived:126_c9i003tr_s10_s11_l15_n_resultant_spectra_pele_and_pillan_v01::1.0
P,urn:nasa:pds:go_nims_io_rad:data_derived:210_11i004tr_s10_s11_l17_n_resultant_spectra_tupan_patera_v01::1.0
P,urn:nasa:pds:go_nims_io_rad:data_derived:073_e4i027tr_s9_s10_l21_n_resultant_spectra_pele_v01::1.0
P,urn:nasa:pds:go_nims_io_rad:data_derived:034_e4i010tr_s15_s16_l13_n_resultant_spectra_emakong_patera_v01::1.0
P,urn:nasa:pds:go_nims_io_rad:data_derived:056_e4i019tr_s12_s13_l23_n_resultant_spectra_loki_patera_v01::1.0
P,urn:nasa:pds:go_nims_io_rad:data_derived:274_32i008tr_s17_s18_l121_n_resultant_spectra_girru_patera_v01::1.0
P,urn:nasa:pds:go_nims_io_rad:data_derived:021_g2i010tr_s7_s8_l1_n_resultant_spectra_babbar_patera_region_v01::1.0
P,urn:nasa:pds:go_nims_io_rad:data_derived:111_c9i001tr_s11_s12_l23_n_resultant_spectra_hi-iaka_patera_and-or_tawhaki_patera_gp6_v01::1.0
P,urn:nasa:pds:go_nims_io_rad:data_derived:222_12i001tr_s10_s11_l55_n_resultant_spectra_hi-iaka_patera-tawhaki_patera_region_gp24_v01::1.0
P,urn:nasa:pds:go_nims_io_rad:data_derived:156_10i008tr_s16_s17_l6_n_resultant_spectra_arinna_fluctus_region_v01::1.0
P,urn:nasa:pds:go_nims_io_rad:data_derived:174_11i003tr_s11_s12_l13_n_resultant_spectra_tawhaki_patera_-_hi-iaka_patera_region_gp23_v01::1.0
P,urn:nasa:pds:go_nims_io_rad:data_derived:037_e4i004tr_s11_s12_l7_n_resultant_spectra_colchis_regio_v01::1.0
P,urn:nasa:pds:go_nims_io_rad:data_derived:196_11i005tr_s13_s14_l17_n_resultant_spectra_gish_bar_patera_v01::1.0
P,urn:nasa:pds:go_nims_io_rad:data_derived:089_g8i012tr_s13_s14_l2_n_resultant_spectra_acala_fluctus_gp16_v01::1.0
P,urn:nasa:pds:go_nims_io_rad:data_derived:186_11i010tr_s11_s12_l9_n_resultant_spectra_sigurd_patera_v01::1.0
P,urn:nasa:pds:go_nims_io_rad:data_derived:226_15i501tr_s7_s8_l6_n_resultant_spectra_isum_p.-susanoo_p._region_gp14_v01::1.0
P,urn:nasa:pds:go_nims_io_rad:data_derived:054_e4i018tr_s9_s10_l1_n_resultant_spectra_marduk_fluctus_region_v01::1.0
P,urn:nasa:pds:go_nims_io_rad:data_derived:282_32i008tr_s11_s12_l1826_n_resultant_spectra_ot_patera_v01::1.0
P,urn:nasa:pds:go_nims_io_rad:data_derived:162_11i002tr_s11_s12_l13_n_resultant_spectra_hi-iaka_patera-tawhaki_patera_region_gp16_v01::1.0
P,urn:nasa:pds:go_nims_io_rad:data_derived:133_10i005tr_s19_s20_l68_n_resultant_spectra_amirani_gp5_v01::1.0
P,urn:nasa:pds:go_nims_io_rad:data_derived:042_e4i006tr_s9_s10_l14_n_resultant_spectra_pillan_v01::1.0
P,urn:nasa:pds:go_nims_io_rad:data_derived:050_e4i018tr_s8_s9_l17_n_resultant_spectra_pele_v01::1.0
P,urn:nasa:pds:go_nims_io_rad:data_derived:015_g2i006tr_s9_s10_l3_n_resultant_spectra_reiden_patera_region_v01::1.0
P,urn:nasa:pds:go_nims_io_rad:data_derived:125_c9i003tr_s11_s12_l6_n_resultant_spectra_loki_patera_v01::1.0
P,urn:nasa:pds:go_nims_io_rad:data_derived:079_g8i010tr_s12_s13_l5_n_resultant_spectra_isum_patera_v01::1.0
P,urn:nasa:pds:go_nims_io_rad:data_derived:105_c9i008tr_s10_s11_l88_n_resultant_spectra_acala_fluctus_region_5_gp5_v01::1.0
P,urn:nasa:pds:go_nims_io_rad:data_derived:241_16i002tr_s11_s12_l6_n_resultant_spectra_pele_gp16_v01::1.0
P,urn:nasa:pds:go_nims_io_rad:data_derived:235_15i005tr_s6_s7_l55_n_resultant_spectra_pillan_v01::1.0
P,urn:nasa:pds:go_nims_io_rad:data_derived:211_11i004tr_s9_s10_l17_n_resultant_spectra_malik_patera_v01::1.0
P,urn:nasa:pds:go_nims_io_rad:data_derived:081_g8i014tr_s15_s16_l6_n_resultant_spectra_pillan_v01::1.0
P,urn:nasa:pds:go_nims_io_rad:data_derived:040_e4i005tr_s9_s10_l15_n_resultant_spectra_239_w_-24_v01::1.0
P,urn:nasa:pds:go_nims_io_rad:data_derived:278_32i008tr_s2_s3_l3246_n_resultant_spectra_pillan_patera_-_reiden_region_v01::1.0
P,urn:nasa:pds:go_nims_io_rad:data_derived:016_g2i007tr_s10_s11_l2_n_resultant_spectra_pele_and_reiden_patera_v01::1.0
P,urn:nasa:pds:go_nims_io_rad:data_derived:236_15i005tr_s12_s13_l95_n_resultant_spectra_pillan_gp10_v01::1.0
P,urn:nasa:pds:go_nims_io_rad:data_derived:142_10i006tr_s6_s7_l16_n_resultant_spectra_hi-iaka_patera_-_tawhaki_region_gp2_v01::1.0
P,urn:nasa:pds:go_nims_io_rad:data_derived:203_11i006tr_s13_s14_l17_n_resultant_spectra_gish_bar_patera_gp5_v01::1.0
P,urn:nasa:pds:go_nims_io_rad:data_derived:027_c3i002tr_s6_s7_l48_n_resultant_spectra_amirani_-_maui_region_gp24_v01::1.0
P,urn:nasa:pds:go_nims_io_rad:data_derived:219_12i001tr_s10_s11_l25_n_resultant_spectra_hi-iaka_patera-tawhaki_patera_region_gp9_v01::1.0
P,urn:nasa:pds:go_nims_io_rad:data_derived:221_12i001tr_s9_s10_l31_n_resultant_spectra_unknown_gp6_v01::1.0
P,urn:nasa:pds:go_nims_io_rad:data_derived:122_c9i002tr_s8_s9_l25_n_resultant_spectra_culann_-_tohil_region_gp2_v01::1.0
P,urn:nasa:pds:go_nims_io_rad:data_derived:022_g2i010tr_s8_s9_l2_n_resultant_spectra_pele_and_reiden_patera_v01::1.0
P,urn:nasa:pds:go_nims_io_rad:data_derived:115_c9i006tr_s13_s14_l5_n_resultant_spectra_amirani_gp24_v01::1.0
P,urn:nasa:pds:go_nims_io_rad:data_derived:137_10i006tr_s10_s11_l9_n_resultant_spectra_monan_patera_gp7_v01::1.0
P,urn:nasa:pds:go_nims_io_rad:data_derived:269_30i001tr_s11_s12_l246_n_resultant_spectra_janus_patera_v01::1.0
P,urn:nasa:pds:go_nims_io_rad:data_derived:188_11i010tr_s8_s9_l12_n_resultant_spectra_laki-oi_patera_v01::1.0
P,urn:nasa:pds:go_nims_io_rad:data_derived:264_30i001tr_s17_s18_l118_n_resultant_spectra_c30a_-_tejeto_2_v01::1.0
P,urn:nasa:pds:go_nims_io_rad:data_derived:214_11i007tr_s12_s13_l12_n_resultant_spectra_zamama_v01::1.0
P,urn:nasa:pds:go_nims_io_rad:data_derived:057_e4i019tr_s13_s14_l22_n_resultant_spectra_dazhbog-amaterasu_p._region_v01::1.0
P,urn:nasa:pds:go_nims_io_rad:data_derived:113_c9i001tr_s13_s12_l22_n_resultant_spectra_gish_bar_patera_gp24_v01::1.0
P,urn:nasa:pds:go_nims_io_rad:data_derived:106_c9i007tr_s11_s12_l6_n_resultant_spectra_hi-iaka_patera-tawhaki_p._gp24_v01::1.0
P,urn:nasa:pds:go_nims_io_rad:data_derived:025_g2i011tr_s8_s9_l2_n_resultant_spectra_pele_and_reiden_patera_v01::1.0
P,urn:nasa:pds:go_nims_io_rad:data_derived:229_15i501tr_s11_s12_l75_n_resultant_spectra_pillan_gp17_v01::1.0
P,urn:nasa:pds:go_nims_io_rad:data_derived:067_e4i022tr_s9_s10_l17_n_resultant_spectra_pele_v01::1.0
P,urn:nasa:pds:go_nims_io_rad:data_derived:138_10i006tr_s3_s4_l11_n_resultant_spectra_itzamna_patera_gp18_v01::1.0
P,urn:nasa:pds:go_nims_io_rad:data_derived:168_11i008tr_s13_s14_l13_n_resultant_spectra_zal_patera-gish_bar_patera_region_gp16_v01::1.0
P,urn:nasa:pds:go_nims_io_rad:data_derived:033_e4i010tr_s16_s17_l11_n_resultant_spectra_hi-iaka_region_v01::1.0
P,urn:nasa:pds:go_nims_io_rad:data_derived:246_20i001tr_s12_s13_l10_n_resultant_spectra_marduk_fluctus_gp8_v01::1.0
P,urn:nasa:pds:go_nims_io_rad:data_derived:075_e6i005tr_s5_s6_l4_n_resultant_spectra_pele_gp24_v01::1.0
P,urn:nasa:pds:go_nims_io_rad:data_derived:065_e4i020tr_s12_s13_l24_n_resultant_spectra_loki_patera_v01::1.0
P,urn:nasa:pds:go_nims_io_rad:data_derived:008_g1i003tr_s12_s13_l10_n_resultant_spectra_maui_patera_gp4_v01::1.0
P,urn:nasa:pds:go_nims_io_rad:data_derived:006_g1i003tr_s12_s13_l9_n_resultant_spectra_amirani_gp9_v01::1.0
P,urn:nasa:pds:go_nims_io_rad:data_derived:109_c9i002tr_s8_s9_l29_n_resultant_spectra_tupan_patera_gp14_v01::1.0
P,urn:nasa:pds:go_nims_io_rad:data_derived:171_11i008tr_s10_s11_l19_n_resultant_spectra_janus-kanehekili_region_gp18_v01::1.0
P,urn:nasa:pds:go_nims_io_rad:data_derived:190_11i005tr_s9_s10_l12_n_resultant_spectra_tupan_patera_v01::1.0
P,urn:nasa:pds:go_nims_io_rad:data_derived:245_20i001tr_s8_s9_l7_n_resultant_spectra_girru_patera_gp24_v01::1.0
P,urn:nasa:pds:go_nims_io_rad:data_derived:280_32i008tr_s9_s10_l3452_n_resultant_spectra_wayland_patera_v01::1.0
P,urn:nasa:pds:go_nims_io_rad:data_derived:144_10i006tr_s8_s9_l27_n_resultant_spectra_arusha_patera_gp23_v01::1.0
P,urn:nasa:pds:go_nims_io_rad:data_derived:244_20i001tr_s11_s12_l5_n_resultant_spectra_pillan_v01::1.0
P,urn:nasa:pds:go_nims_io_rad:data_derived:083_g8i016tr_s12_s13_l3_n_resultant_spectra_pele_gp2_v01::1.0
P,urn:nasa:pds:go_nims_io_rad:data_derived:284_10i010tr_s10_s11_l1_n_resultant_spectra_pele-isolated_gp2_v01::1.0
P,urn:nasa:pds:go_nims_io_rad:data_derived:058_e4i019tr_s9_s10_l1_n_resultant_spectra_marduk_fluctus_region_v01::1.0
P,urn:nasa:pds:go_nims_io_rad:data_derived:052_e4i018tr_s12_s13_l24_n_resultant_spectra_loki_patera_v01::1.0
P,urn:nasa:pds:go_nims_io_rad:data_derived:151_10i009tr_s14_s15_l8_n_resultant_spectra_amirani-monan_patera_region_gp22_v01::1.0
P,urn:nasa:pds:go_nims_io_rad:data_derived:149_10i009tr_s15_s16_l3_n_resultant_spectra_arinna_fluctus_gp6_v01::1.0
P,urn:nasa:pds:go_nims_io_rad:data_derived:018_g2i008tr_s10_s11_l2_n_resultant_spectra_pele_and_reiden_patera_v01::1.0
P,urn:nasa:pds:go_nims_io_rad:data_derived:213_11i007tr_s10_s11_l11_n_resultant_spectra_haokah_patera_gp22_v01::1.0
P,urn:nasa:pds:go_nims_io_rad:data_derived:129_10i007tr_s8_s9_l16_n_resultant_spectra_kanehekili_gp8_v01::1.0
P,urn:nasa:pds:go_nims_io_rad:data_derived:114_c9i005tr_s7_s8_l17_n_resultant_spectra_malik_patera_gp24_v01::1.0
P,urn:nasa:pds:go_nims_io_rad:data_derived:044_e4i006tr_s8_s9_l10_n_resultant_spectra_marduk_fluctus-rata_patera_region_v01::1.0
P,urn:nasa:pds:go_nims_io_rad:data_derived:199_11i006tr_s8_s9_l14_n_resultant_spectra_malik_patera_gp23_v01::1.0
P,urn:nasa:pds:go_nims_io_rad:data_derived:159_10i003tr_s11_s12_l9_n_resultant_spectra_loki_patera_v01::1.0
P,urn:nasa:pds:go_nims_io_rad:data_derived:039_e4i005tr_s8_s9_l18_n_resultant_spectra_pele_v01::1.0
P,urn:nasa:pds:go_nims_io_rad:data_derived:215_11i007tr_s10_s11_l14_n_resultant_spectra_culann_v01::1.0
P,urn:nasa:pds:go_nims_io_rad:data_derived:255_30i001tr_s11_s12_l10_n_resultant_spectra_prometheus_v01::1.0
P,urn:nasa:pds:go_nims_io_rad:data_derived:101_c9i008tr_s12_s13_l32_n_resultant_spectra_janus_and-or_kanehekili_2_gp5_v01::1.0
P,urn:nasa:pds:go_nims_io_rad:data_derived:145_10i006tr_s19_s20_l29_n_resultant_spectra_monan_patera_v01::1.0
P,urn:nasa:pds:go_nims_io_rad:data_derived:131_10i005tr_s10_s11_l30_n_resultant_spectra_amirani_gp4_v01::1.0
P,urn:nasa:pds:go_nims_io_rad:data_derived:230_15i501tr_s13_s14_l78_n_resultant_spectra_marduk_fluctus_gp22_v01::1.0
P,urn:nasa:pds:go_nims_io_rad:data_derived:110_c9i001tr_s14_s15_l22_n_resultant_spectra_zal_patera_region_gp14_v01::1.0
P,urn:nasa:pds:go_nims_io_rad:data_derived:200_11i006tr_s13_s14_l14_n_resultant_spectra_amirani_v01::1.0
P,urn:nasa:pds:go_nims_io_rad:data_derived:011_g1i003tr_s10_s11_l14_n_resultant_spectra_prometheus_gp21_v01::1.0
P,urn:nasa:pds:go_nims_io_rad:data_derived:068_e4i023tr_s8_s9_l18_n_resultant_spectra_pele_v01::1.0
P,urn:nasa:pds:go_nims_io_rad:data_derived:195_11i005tr_s11_s12_l17_n_resultant_spectra_sigurd_patera_gp14_v01::1.0
P,urn:nasa:pds:go_nims_io_rad:data_derived:096_c9i004tr_s10_s11_l142_n_resultant_spectra_loki_patera_6_gp6_v01::1.0
P,urn:nasa:pds:go_nims_io_rad:data_derived:017_g2i007tr_s10_s11_l3_n_resultant_spectra_pele_and_reiden_patera_v01::1.0
P,urn:nasa:pds:go_nims_io_rad:data_derived:223_12i001tr_s15_s16_l54_n_resultant_spectra_zal_patera_gp6_v01::1.0
P,urn:nasa:pds:go_nims_io_rad:data_derived:172_11i003tr_s12_s13_l8_n_resultant_spectra_amirani_v01::1.0
P,urn:nasa:pds:go_nims_io_rad:data_derived:141_10i006tr_s14_s15_l32_n_resultant_spectra_sigurd_patera_v01::1.0
P,urn:nasa:pds:go_nims_io_rad:data_derived:088_g8i011tr_s12_s13_l6_n_resultant_spectra_loki_patera_gp24_v01::1.0
P,urn:nasa:pds:go_nims_io_rad:data_derived:085_g8i016tr_s13_s14_l4_n_resultant_spectra_babbar_p.-ulgen_p._region_v01::1.0
P,urn:nasa:pds:go_nims_io_rad:data_derived:148_10i006tr_s15_s16_l36_n_resultant_spectra_hi-iaka_patera_-_tawhaki_region_gp18_v01::1.0
P,urn:nasa:pds:go_nims_io_rad:data_derived:183_11i010tr_s12_s13_l6_n_resultant_spectra_amirani_v01::1.0
P,urn:nasa:pds:go_nims_io_rad:data_derived:201_11i006tr_s8_s9_l17_n_resultant_spectra_arusha_and-or_altjirra_gp6_v01::1.0
P,urn:nasa:pds:go_nims_io_rad:data_derived:275_32i008tr_s3_s4_l1876_n_resultant_spectra_susanoo_patera_v01::1.0
P,urn:nasa:pds:go_nims_io_rad:data_derived:023_g2i010tr_s8_s9_l3_n_resultant_spectra_reiden_patera_region_v01::1.0
P,urn:nasa:pds:go_nims_io_rad:data_derived:233_15i005tr_s16_s17_l7_n_resultant_spectra_pillan_v01::1.0
P,urn:nasa:pds:go_nims_io_rad:data_derived:251_29i001tr_s13_s14_l74_n_resultant_spectra_ekhi_patera_-_south_region_v01::1.0
P,urn:nasa:pds:go_nims_io_rad:data_derived:003_g1i003tr_s12_s13_l5_n_resultant_spectra_gish_bar_patera_gp22_v01::1.0
P,urn:nasa:pds:go_nims_io_rad:data_derived:273_31i007tr_s18_s19_l51_n_resultant_spectra_mulungu_patera_v01::1.0
P,urn:nasa:pds:go_nims_io_rad:data_derived:261_30i001tr_s4_s5_l57_n_resultant_spectra_aluna_patera_v01::1.0
P,urn:nasa:pds:go_nims_io_rad:data_derived:165_11i008tr_s12_s13_l10_n_resultant_spectra_amirani_gp12_v01::1.0
P,urn:nasa:pds:go_nims_io_rad:data_derived:046_e4i017tr_s9_s10_l1_n_resultant_spectra_marduk_fluctus_region_v01::1.0
P,urn:nasa:pds:go_nims_io_rad:data_derived:029_e4i002tr_s15_s16_l17_n_resultant_spectra_hi-iaka_patera_v01::1.0
P,urn:nasa:pds:go_nims_io_rad:data_derived:043_e4i006tr_s9_s10_l16_n_resultant_spectra_pele_v01::1.0
P,urn:nasa:pds:go_nims_io_rad:data_derived:281_32i008tr_s13_s14_l93_n_resultant_spectra_llew_patera_v01::1.0
P,urn:nasa:pds:go_nims_io_rad:data_derived:024_g2i011tr_s7_s8_l1_n_resultant_spectra_babbar_patera_region_v01::1.0
P,urn:nasa:pds:go_nims_io_rad:data_derived:197_11i005tr_s11_s12_l19_n_resultant_spectra_hi-iaka_patera-tawhaki_patera_region_gp9_v01::1.0
P,urn:nasa:pds:go_nims_io_rad:data_derived:160_10i010tr_s10_s11_l1_n_resultant_spectra_pele-pillan_region_gp22_v01::1.0
P,urn:nasa:pds:go_nims_io_rad:data_derived:272_30i002tr_s19_s20_l20_n_resultant_spectra_tupan_patera_v01::1.0
P,urn:nasa:pds:go_nims_io_rad:data_derived:150_10i009tr_s6_s7_l6_n_resultant_spectra_malik_patera-altjirra_p._region_gp6_v01::1.0
P,urn:nasa:pds:go_nims_io_rad:data_derived:231_15i501tr_s6_s7_l80_n_resultant_spectra_isum_patera_gp23_v01::1.0
P,urn:nasa:pds:go_nims_io_rad:data_derived:256_30i001tr_s14_s15_l10_n_resultant_spectra_tupan_patera_v01::1.0
P,urn:nasa:pds:go_nims_io_rad:data_derived:266_30i001tr_s10_s11_l148_n_resultant_spectra_tawhaki_patera-hi-iaka_patera_region_v01::1.0
P,urn:nasa:pds:go_nims_io_rad:data_derived:124_c9i002tr_s8_s9_l29_n_resultant_spectra_malik_patera_gp18_v01::1.0
P,urn:nasa:pds:go_nims_io_rad:data_derived:180_11i009tr_s13_s14_l13_n_resultant_spectra_gish_bar_patera_gp10_v01::1.0
P,urn:nasa:pds:go_nims_io_rad:data_derived:028_c3i002tr_s7_s8_l96_n_resultant_spectra_malik_patera_v01::1.0
P,urn:nasa:pds:go_nims_io_rad:data_derived:098_c9i008tr_s10_s11_l6_n_resultant_spectra_acala_fluctus_region_inc._tol-ava_p._gp6_v01::1.0
P,urn:nasa:pds:go_nims_io_rad:data_derived:140_10i006tr_s9_s10_l13_n_resultant_spectra_gish_bar_patera_v01::1.0
P,urn:nasa:pds:go_nims_io_rad:data_derived:276_32i008tr_s5_s6_l1898_n_resultant_spectra_mulungu_patera_v01::1.0
P,urn:nasa:pds:go_nims_io_rad:data_derived:227_15i501tr_s13_s14_l42_n_resultant_spectra_marduk_fluctus_gp3_v01::1.0
P,urn:nasa:pds:go_nims_io_rad:data_derived:155_10i008tr_s7_s8_l7_n_resultant_spectra_malik_patera_gp18_v01::1.0
P,urn:nasa:pds:go_nims_io_rad:data_derived:167_11i008tr_s11_s12_l13_n_resultant_spectra_gish_bar_patera_and_itzamna_patera_gp12_v01::1.0
P,urn:nasa:pds:go_nims_io_rad:data_derived:041_e4i006tr_s12_s13_l12_n_resultant_spectra_mulungu_patera-susanoo_patera_region_v01::1.0
P,urn:nasa:pds:go_nims_io_rad:data_derived:112_c9i001tr_s9_s10_l19_n_resultant_spectra_sigurd_patera_gp22_v01::1.0
P,urn:nasa:pds:go_nims_io_rad:data_derived:063_e4i020tr_s7_s8_l22_n_resultant_spectra_aten_p.-_ulgen_p._region_v01::1.0
P,urn:nasa:pds:go_nims_io_rad:data_derived:194_11i005tr_s9_s10_l17_n_resultant_spectra_arusha_and-or_altjirra_gp12_v01::1.0
P,urn:nasa:pds:go_nims_io_rad:data_derived:053_e4i018tr_s14_s15_l21_n_resultant_spectra_dazhbog_patera_v01::1.0
P,urn:nasa:pds:go_nims_io_rad:data_derived:217_11i007tr_s10_s11_l16_n_resultant_spectra_tupan_patera_v01::1.0
P,urn:nasa:pds:go_nims_io_rad:data_derived:049_e4i017tr_s12_s13_l24_n_resultant_spectra_loki_patera_v01::1.0
P,urn:nasa:pds:go_nims_io_rad:data_derived:228_15i501tr_s6_s7_l43_n_resultant_spectra_isum_patera_gp21_v01::1.0
P,urn:nasa:pds:go_nims_io_rad:data_derived:170_11i008tr_s8_s9_l16_n_resultant_spectra_laki-oi_patera_gp16_v01::1.0
P,urn:nasa:pds:go_nims_io_rad:data_derived:271_30i002tr_s15_s16_l11_n_resultant_spectra_prometheus_v01::1.0
P,urn:nasa:pds:go_nims_io_rad:data_derived:038_e4i004tr_s8_s9_l11_n_resultant_spectra_pele_v01::1.0
P,urn:nasa:pds:go_nims_io_rad:data_derived:093_c9i004tr_s11_s12_l92_n_resultant_spectra_kanehekili_3_gp3_v01::1.0
P,urn:nasa:pds:go_nims_io_rad:data_derived:277_32i008tr_s4_s5_l1749_n_resultant_spectra_i32a_-_p171_-_pfu_1336_v01::1.0
P,urn:nasa:pds:go_nims_io_rad:data_derived:270_30i001tr_s14_s15_l248_n_resultant_spectra_kanehekili_fluctus_v01::1.0
P,urn:nasa:pds:go_nims_io_rad:data_derived:007_g1i003tr_s7_s8_l10_n_resultant_spectra_malik_patera_gp20_v01::1.0
P,urn:nasa:pds:go_nims_io_rad:data_derived:104_c9i008tr_s10_s11_l68_n_resultant_spectra_acala_fluctus_region_4_gp2_v01::1.0
P,urn:nasa:pds:go_nims_io_rad:data_derived:086_g8i017tr_s12_s13_l5_n_resultant_spectra_pele_v01::1.0
P,urn:nasa:pds:go_nims_io_rad:data_derived:132_10i005tr_s3_s4_l35_n_resultant_spectra_itzamna_patera_gp15_v01::1.0
P,urn:nasa:pds:go_nims_io_rad:data_derived:087_g8i017tr_s11_s12_l4_n_resultant_spectra_pillan_gp22_v01::1.0
P,urn:nasa:pds:go_nims_io_rad:data_derived:099_c9i008tr_s12_s13_l11_n_resultant_spectra_janus_and-or_kanehekili_v01::1.0
P,urn:nasa:pds:go_nims_io_rad:data_derived:127_c9i003tr_s9_s10_l9_n_resultant_spectra_mithra_patera_gp14_v01::1.0
P,urn:nasa:pds:go_nims_io_rad:data_derived:026_c3i002tr_s5_s6_l48_n_resultant_spectra_maui_gp24_v01::1.0
P,urn:nasa:pds:go_nims_io_rad:data_derived:249_26i001tr_s7_s8_l142_n_resultant_spectra_loki_patera_v01::1.0
P,urn:nasa:pds:go_nims_io_rad:data_derived:071_e4i025tr_s9_s10_l6_n_resultant_spectra_pele_v01::1.0
P,urn:nasa:pds:go_nims_io_rad:data_derived:192_11i005tr_s8_s9_l14_n_resultant_spectra_malik_patera_gp14_v01::1.0
P,urn:nasa:pds:go_nims_io_rad:data_derived:097_c9i004tr_s11_s12_l148_n_resultant_spectra_kanehekili_5_gp5_v01::1.0
P,urn:nasa:pds:go_nims_io_rad:data_derived:012_g1i003tr_s8_s9_l15_n_resultant_spectra_culann_gp6_v01::1.0
P,urn:nasa:pds:go_nims_io_rad:data_derived:120_c9i006tr_s12_s13_l10_n_resultant_spectra_gish_bar_patera_gp9_v01::1.0
P,urn:nasa:pds:go_nims_io_rad:data_derived:091_c9i004tr_s11_s12_l63_n_resultant_spectra_kanehekili_2_gp4_v01::1.0
P,urn:nasa:pds:go_nims_io_rad:data_derived:047_e4i017tr_s13_s14_l22_n_resultant_spectra_dazhbog_p.-kinich_ahau_p._region_v01::1.0
P,urn:nasa:pds:go_nims_io_rad:data_derived:198_11i006tr_s9_s10_l12_n_resultant_spectra_tupan_patera_gp4_v01::1.0
P,urn:nasa:pds:go_nims_io_rad:data_derived:136_10i006tr_s10_s11_l5_n_resultant_spectra_amirani_gp23_v01::1.0
P,urn:nasa:pds:go_nims_io_rad:data_derived:032_e4i003tr_s15_s16_l18_n_resultant_spectra_sigurd_patera_v01::1.0
P,urn:nasa:pds:go_nims_io_rad:data_derived:208_11i004tr_s9_s10_l14_n_resultant_spectra_culann_v01::1.0
P,urn:nasa:pds:go_nims_io_rad:data_derived:102_c9i008tr_s10_s11_l47_n_resultant_spectra_acala_fluctus_region_3_v01::1.0
P,urn:nasa:pds:go_nims_io_rad:data_derived:080_g8i010tr_s16_s17_l6_n_resultant_spectra_marduk_fluctus_v01::1.0
P,urn:nasa:pds:go_nims_io_rad:data_derived:224_12i001tr_s6_s7_l55_n_resultant_spectra_laki-oi_patera_gp18_v01::1.0
P,urn:nasa:pds:go_nims_io_rad:data_derived:225_15i501tr_s13_s14_l5_n_resultant_spectra_marduk_fluctus_gp13_v01::1.0
P,urn:nasa:pds:go_nims_io_rad:data_derived:059_e4i019tr_s8_s9_l22_n_resultant_spectra_aten_patera_region_v01::1.0
P,urn:nasa:pds:go_nims_io_rad:data_derived:169_11i008tr_s11_s12_l15_n_resultant_spectra_hiiaka_patera-tawhaki_patera_region_gp20_v01::1.0
P,urn:nasa:pds:go_nims_io_rad:data_derived:157_10i008tr_s6_s7_l3_n_resultant_spectra_shamash_p._region_-_close_to_culann_gp10_v01::1.0
P,urn:nasa:pds:go_nims_io_rad:data_derived:103_c9i008tr_s12_s13_l53_n_resultant_spectra_janus_and-or_kanehekili_3_v01::1.0
P,urn:nasa:pds:go_nims_io_rad:data_derived:134_10i005tr_s8_s9_l69_n_resultant_spectra_altjirra_patera-arusha_patera_region_gp17_v01::1.0
P,urn:nasa:pds:go_nims_io_rad:data_derived:279_32i008tr_s4_s5_l3217_n_resultant_spectra_pele_v01::1.0
P,urn:nasa:pds:go_nims_io_rad:data_derived:175_11i003tr_s9_s10_l11_n_resultant_spectra_itzamna_patera_-_sigurd_patera_region_gp3_v01::1.0
P,urn:nasa:pds:go_nims_io_rad:data_derived:283_32i008tr_s7_s8_l1716_n_resultant_spectra_p13_v01::1.0
P,urn:nasa:pds:go_nims_io_rad:data_derived:130_10i007tr_s10_s11_l17_n_resultant_spectra_janus_patera_gp2_v01::1.0
P,urn:nasa:pds:go_nims_io_rad:data_derived:146_10i006tr_s12_s13_l30_n_resultant_spectra_itzamna_patera_gp13_v01::1.0
P,urn:nasa:pds:go_nims_io_rad:data_derived:118_c9i006tr_s9_s10_l9_n_resultant_spectra_sigurd_patera_gp20_v01::1.0
P,urn:nasa:pds:go_nims_io_rad:data_derived:005_g1i003tr_s12_s13_l7_n_resultant_spectra_monan_patera_gp23_v01::1.0
P,urn:nasa:pds:go_nims_io_rad:data_derived:095_c9i004tr_s11_s12_l120_n_resultant_spectra_kanehekili_4_gp5_v01::1.0
P,urn:nasa:pds:go_nims_io_rad:data_derived:181_11i009tr_s8_s9_l16_n_resultant_spectra_laki-oi_patera_gp8_v01::1.0
P,urn:nasa:pds:go_nims_io_rad:data_derived:117_c9i006tr_s7_s8_l6_n_resultant_spectra_altjirra_patera_gp20_v01::1.0
P,urn:nasa:pds:go_nims_io_rad:data_derived:082_g8i015tr_s11_s12_l5_n_resultant_spectra_pillan_v01::1.0
P,urn:nasa:pds:go_nims_io_rad:data_derived:121_c9i006tr_s10_s11_l11_n_resultant_spectra_hi-iaka_patera_-_tawhaki_patera_region_gp14_v01::1.0
P,urn:nasa:pds:go_nims_io_rad:data_derived:153_10i008tr_s10_s11_l5_n_resultant_spectra_prometheus_gp16_v01::1.0
P,urn:nasa:pds:go_nims_io_rad:data_derived:232_15i005tr_s17_s18_l4_n_resultant_spectra_pele_v01::1.0
P,urn:nasa:pds:go_nims_io_rad:data_derived:185_11i010tr_s8_s9_l9_n_resultant_spectra_altjirra_patera_-_arusha_patera_region_v01::1.0
P,urn:nasa:pds:go_nims_io_rad:data_derived:265_30i001tr_s17_s18_l120_n_resultant_spectra_c30a_-_tejeto_1_v01::1.0
P,urn:nasa:pds:go_nims_io_rad:data_derived:223_12i001tr_s15_s16_l54_n_raw_spectra_zal_patera_v01::1.0
P,urn:nasa:pds:go_nims_io_rad:data_derived:008_g1i003tr_s12_s13_l10_n_raw_spectra_maui_patera_v01::1.0
P,urn:nasa:pds:go_nims_io_rad:data_derived:137_10i006tr_s10_s11_l9_n_raw_spectra_monan_patera_v01::1.0
P,urn:nasa:pds:go_nims_io_rad:data_derived:058_e4i019tr_s9_s10_l1_n_raw_spectra_marduk_fluctus_region_v01::1.0
P,urn:nasa:pds:go_nims_io_rad:data_derived:027_c3i002tr_s6_s7_l48_n_raw_spectra_amirani_-_maui_region_v01::1.0
P,urn:nasa:pds:go_nims_io_rad:data_derived:276_32i008tr_s5_s6_l1898_n_raw_spectra_mulungu_patera_v01::1.0
P,urn:nasa:pds:go_nims_io_rad:data_derived:096_c9i004tr_s10_s11_l142_n_raw_spectra_loki_patera_6_v01::1.0
P,urn:nasa:pds:go_nims_io_rad:data_derived:197_11i005tr_s11_s12_l19_n_raw_spectra_hi-iaka_patera-tawhaki_patera_region_v01::1.0
P,urn:nasa:pds:go_nims_io_rad:data_derived:087_g8i017tr_s11_s12_l4_n_raw_spectra_pillan_v01::1.0
P,urn:nasa:pds:go_nims_io_rad:data_derived:228_15i501tr_s6_s7_l43_n_raw_spectra_isum_patera_v01::1.0
P,urn:nasa:pds:go_nims_io_rad:data_derived:029_e4i002tr_s15_s16_l17_n_raw_spectra_hi-iaka_patera_v01::1.0
P,urn:nasa:pds:go_nims_io_rad:data_derived:226_15i501tr_s7_s8_l6_n_raw_spectra_isum_p.-susanoo_p._region_v01::1.0
P,urn:nasa:pds:go_nims_io_rad:data_derived:143_10i006tr_s19_s20_l25_n_raw_spectra_amirani_v01::1.0
P,urn:nasa:pds:go_nims_io_rad:data_derived:095_c9i004tr_s11_s12_l120_n_raw_spectra_kanehekili_4_v01::1.0
P,urn:nasa:pds:go_nims_io_rad:data_derived:264_30i001tr_s17_s18_l118_n_raw_spectra_c30a_-_tejeto_2_v01::1.0
P,urn:nasa:pds:go_nims_io_rad:data_derived:250_29i001tr_s11_s12_l67_n_raw_spectra_shamshu_patera_v01::1.0
P,urn:nasa:pds:go_nims_io_rad:data_derived:010_g1i003tr_s11_s12_l12_n_raw_spectra_arinna_fluctus_v01::1.0
P,urn:nasa:pds:go_nims_io_rad:data_derived:015_g2i006tr_s9_s10_l3_n_raw_spectra_reiden_patera_region_v01::1.0
P,urn:nasa:pds:go_nims_io_rad:data_derived:033_e4i010tr_s16_s17_l11_n_raw_spectra_hi-iaka_region_v01::1.0
P,urn:nasa:pds:go_nims_io_rad:data_derived:035_e4i011tr_s16_s17_l17_n_raw_spectra_hi-iaka_patera_v01::1.0
P,urn:nasa:pds:go_nims_io_rad:data_derived:215_11i007tr_s10_s11_l14_n_raw_spectra_culann_v01::1.0
P,urn:nasa:pds:go_nims_io_rad:data_derived:217_11i007tr_s10_s11_l16_n_raw_spectra_tupan_patera_v01::1.0
P,urn:nasa:pds:go_nims_io_rad:data_derived:005_g1i003tr_s12_s13_l7_n_raw_spectra_monan_patera_v01::1.0
P,urn:nasa:pds:go_nims_io_rad:data_derived:062_e4i020tr_s8_s9_l17_n_raw_spectra_pele_v01::1.0
P,urn:nasa:pds:go_nims_io_rad:data_derived:255_30i001tr_s11_s12_l10_n_raw_spectra_prometheus_v01::1.0
P,urn:nasa:pds:go_nims_io_rad:data_derived:080_g8i010tr_s16_s17_l6_n_raw_spectra_marduk_fluctus_v01::1.0
P,urn:nasa:pds:go_nims_io_rad:data_derived:065_e4i020tr_s12_s13_l24_n_raw_spectra_loki_patera_v01::1.0
P,urn:nasa:pds:go_nims_io_rad:data_derived:131_10i005tr_s10_s11_l30_n_raw_spectra_amirani_v01::1.0
P,urn:nasa:pds:go_nims_io_rad:data_derived:281_32i008tr_s13_s14_l93_n_raw_spectra_llew_patera_v01::1.0
P,urn:nasa:pds:go_nims_io_rad:data_derived:211_11i004tr_s9_s10_l17_n_raw_spectra_malik_patera_v01::1.0
P,urn:nasa:pds:go_nims_io_rad:data_derived:022_g2i010tr_s8_s9_l2_n_raw_spectra_pele_and_reiden_patera_v01::1.0
P,urn:nasa:pds:go_nims_io_rad:data_derived:014_g1i003tr_s7_s8_l7_n_raw_spectra_altjirra_v01::1.0
P,urn:nasa:pds:go_nims_io_rad:data_derived:084_g8i016tr_s9_s10_l6_n_raw_spectra_daedalus_p.-shakuru_p._region_v01::1.0
P,urn:nasa:pds:go_nims_io_rad:data_derived:002_g1i003tr_s9_s10_l5_n_raw_spectra_sigurd_patera_v01::1.0
P,urn:nasa:pds:go_nims_io_rad:data_derived:107_c9i007tr_s13_s14_l4_n_raw_spectra_zal_-_gish_bar_p._region_v01::1.0
P,urn:nasa:pds:go_nims_io_rad:data_derived:023_g2i010tr_s8_s9_l3_n_raw_spectra_reiden_patera_region_v01::1.0
P,urn:nasa:pds:go_nims_io_rad:data_derived:063_e4i020tr_s7_s8_l22_n_raw_spectra_aten_p.-_ulgen_p._region_v01::1.0
P,urn:nasa:pds:go_nims_io_rad:data_derived:214_11i007tr_s12_s13_l12_n_raw_spectra_zamama_v01::1.0
P,urn:nasa:pds:go_nims_io_rad:data_derived:047_e4i017tr_s13_s14_l22_n_raw_spectra_dazhbog_p.-kinich_ahau_p._region_v01::1.0
P,urn:nasa:pds:go_nims_io_rad:data_derived:209_11i004tr_s11_s12_l15_n_raw_spectra_prometheus_v01::1.0
P,urn:nasa:pds:go_nims_io_rad:data_derived:173_11i003tr_s13_s14_l12_n_raw_spectra_zal_patera_v01::1.0
P,urn:nasa:pds:go_nims_io_rad:data_derived:076_g7i007tr_s9_s10_l1_n_raw_spectra_loki_patera_v01::1.0
P,urn:nasa:pds:go_nims_io_rad:data_derived:092_c9i004tr_s10_s11_l86_n_raw_spectra_loki_patera_4_v01::1.0
P,urn:nasa:pds:go_nims_io_rad:data_derived:169_11i008tr_s11_s12_l15_n_raw_spectra_hiiaka_patera-tawhaki_patera_region_v01::1.0
P,urn:nasa:pds:go_nims_io_rad:data_derived:272_30i002tr_s19_s20_l20_n_raw_spectra_tupan_patera_v01::1.0
P,urn:nasa:pds:go_nims_io_rad:data_derived:032_e4i003tr_s15_s16_l18_n_raw_spectra_sigurd_patera_v01::1.0
P,urn:nasa:pds:go_nims_io_rad:data_derived:126_c9i003tr_s10_s11_l15_n_raw_spectra_pele_and_pillan_v01::1.0
P,urn:nasa:pds:go_nims_io_rad:data_derived:149_10i009tr_s15_s16_l3_n_raw_spectra_arinna_fluctus_v01::1.0
P,urn:nasa:pds:go_nims_io_rad:data_derived:118_c9i006tr_s9_s10_l9_n_raw_spectra_sigurd_patera_v01::1.0
P,urn:nasa:pds:go_nims_io_rad:data_derived:202_11i006tr_s11_s12_l18_n_raw_spectra_sigurd_patera_v01::1.0
P,urn:nasa:pds:go_nims_io_rad:data_derived:006_g1i003tr_s12_s13_l9_n_raw_spectra_amirani_v01::1.0
P,urn:nasa:pds:go_nims_io_rad:data_derived:213_11i007tr_s10_s11_l11_n_raw_spectra_haokah_patera_v01::1.0
P,urn:nasa:pds:go_nims_io_rad:data_derived:183_11i010tr_s12_s13_l6_n_raw_spectra_amirani_v01::1.0
P,urn:nasa:pds:go_nims_io_rad:data_derived:136_10i006tr_s10_s11_l5_n_raw_spectra_amirani_v01::1.0
P,urn:nasa:pds:go_nims_io_rad:data_derived:146_10i006tr_s12_s13_l30_n_raw_spectra_itzamna_patera_v01::1.0
P,urn:nasa:pds:go_nims_io_rad:data_derived:129_10i007tr_s8_s9_l16_n_raw_spectra_kanehekili_v01::1.0
P,urn:nasa:pds:go_nims_io_rad:data_derived:020_g2i009tr_s10_s11_l3_n_raw_spectra_pele_and_reiden_patera_v01::1.0
P,urn:nasa:pds:go_nims_io_rad:data_derived:100_c9i008tr_s10_s11_l27_n_raw_spectra_acala_fluctus_region_2_v01::1.0
P,urn:nasa:pds:go_nims_io_rad:data_derived:271_30i002tr_s15_s16_l11_n_raw_spectra_prometheus_v01::1.0
P,urn:nasa:pds:go_nims_io_rad:data_derived:048_e4i017tr_s7_s8_l22_n_raw_spectra_aten_p.-_rarog_p._region_v01::1.0
P,urn:nasa:pds:go_nims_io_rad:data_derived:043_e4i006tr_s9_s10_l16_n_raw_spectra_pele_v01::1.0
P,urn:nasa:pds:go_nims_io_rad:data_derived:099_c9i008tr_s12_s13_l11_n_raw_spectra_janus_and-or_kanehekili_v01::1.0
P,urn:nasa:pds:go_nims_io_rad:data_derived:103_c9i008tr_s12_s13_l53_n_raw_spectra_janus_and-or_kanehekili_3_v01::1.0
P,urn:nasa:pds:go_nims_io_rad:data_derived:232_15i005tr_s17_s18_l4_n_raw_spectra_pele_v01::1.0
P,urn:nasa:pds:go_nims_io_rad:data_derived:114_c9i005tr_s7_s8_l17_n_raw_spectra_malik_patera_v01::1.0
P,urn:nasa:pds:go_nims_io_rad:data_derived:258_30i001tr_s3_s4_l39_n_raw_spectra_tvashtar_paterae_v01::1.0
P,urn:nasa:pds:go_nims_io_rad:data_derived:157_10i008tr_s6_s7_l3_n_raw_spectra_shamash_p._region_-_close_to_culann_v01::1.0
P,urn:nasa:pds:go_nims_io_rad:data_derived:227_15i501tr_s13_s14_l42_n_raw_spectra_marduk_fluctus_v01::1.0
P,urn:nasa:pds:go_nims_io_rad:data_derived:078_g8i009tr_s14_s15_l1_n_raw_spectra_culann_region_v01::1.0
P,urn:nasa:pds:go_nims_io_rad:data_derived:244_20i001tr_s11_s12_l5_n_raw_spectra_pillan_v01::1.0
P,urn:nasa:pds:go_nims_io_rad:data_derived:225_15i501tr_s13_s14_l5_n_raw_spectra_marduk_fluctus_v01::1.0
P,urn:nasa:pds:go_nims_io_rad:data_derived:009_g1i003tr_s8_s9_l11_n_raw_spectra_tupan_patera_v01::1.0
P,urn:nasa:pds:go_nims_io_rad:data_derived:216_11i007tr_s11_s12_l15_n_raw_spectra_prometheus_v01::1.0
P,urn:nasa:pds:go_nims_io_rad:data_derived:101_c9i008tr_s12_s13_l32_n_raw_spectra_janus_and-or_kanehekili_2_v01::1.0
P,urn:nasa:pds:go_nims_io_rad:data_derived:147_10i006tr_s18_s19_l33_n_raw_spectra_gish_bar_patera_v01::1.0
P,urn:nasa:pds:go_nims_io_rad:data_derived:237_16i001tr_s9_s10_l1_n_raw_spectra_loki_patera_v01::1.0
P,urn:nasa:pds:go_nims_io_rad:data_derived:241_16i002tr_s11_s12_l6_n_raw_spectra_pele_v01::1.0
P,urn:nasa:pds:go_nims_io_rad:data_derived:172_11i003tr_s12_s13_l8_n_raw_spectra_amirani_v01::1.0
P,urn:nasa:pds:go_nims_io_rad:data_derived:231_15i501tr_s6_s7_l80_n_raw_spectra_isum_patera_v01::1.0
P,urn:nasa:pds:go_nims_io_rad:data_derived:061_e4i020tr_s12_s13_l14_n_raw_spectra_girru-susanoo_region_v01::1.0
P,urn:nasa:pds:go_nims_io_rad:data_derived:277_32i008tr_s4_s5_l1749_n_raw_spectra_i32a_-_p171_-_pfu_1336_v01::1.0
P,urn:nasa:pds:go_nims_io_rad:data_derived:200_11i006tr_s13_s14_l14_n_raw_spectra_amirani_v01::1.0
P,urn:nasa:pds:go_nims_io_rad:data_derived:252_29i003tr_s11_s12_l200_n_raw_spectra_loki_patera_v01::1.0
P,urn:nasa:pds:go_nims_io_rad:data_derived:110_c9i001tr_s14_s15_l22_n_raw_spectra_zal_patera_region_v01::1.0
P,urn:nasa:pds:go_nims_io_rad:data_derived:050_e4i018tr_s8_s9_l17_n_raw_spectra_pele_v01::1.0
P,urn:nasa:pds:go_nims_io_rad:data_derived:206_11i004tr_s10_s11_l11_n_raw_spectra_haokah_patera_-_close_to_sethlaus_v01::1.0
P,urn:nasa:pds:go_nims_io_rad:data_derived:074_e6i005tr_s5_s6_l1_n_raw_spectra_reiden_patera-pillan_patera_region_v01::1.0
P,urn:nasa:pds:go_nims_io_rad:data_derived:127_c9i003tr_s9_s10_l9_n_raw_spectra_mithra_patera_v01::1.0
P,urn:nasa:pds:go_nims_io_rad:data_derived:102_c9i008tr_s10_s11_l47_n_raw_spectra_acala_fluctus_region_3_v01::1.0
P,urn:nasa:pds:go_nims_io_rad:data_derived:059_e4i019tr_s8_s9_l22_n_raw_spectra_aten_patera_region_v01::1.0
P,urn:nasa:pds:go_nims_io_rad:data_derived:162_11i002tr_s11_s12_l13_n_raw_spectra_hiiaka_patera-tawhaki_patera_region_v01::1.0
P,urn:nasa:pds:go_nims_io_rad:data_derived:040_e4i005tr_s9_s10_l15_n_raw_spectra_239_w_-24_v01::1.0
P,urn:nasa:pds:go_nims_io_rad:data_derived:280_32i008tr_s9_s10_l3452_n_raw_spectra_wayland_patera_v01::1.0
P,urn:nasa:pds:go_nims_io_rad:data_derived:073_e4i027tr_s9_s10_l21_n_raw_spectra_pele_v01::1.0
P,urn:nasa:pds:go_nims_io_rad:data_derived:133_10i005tr_s19_s20_l68_n_raw_spectra_amirani_v01::1.0
P,urn:nasa:pds:go_nims_io_rad:data_derived:178_11i009tr_s8_s9_l13_n_raw_spectra_arusha_patera_-_altjirra_region_v01::1.0
P,urn:nasa:pds:go_nims_io_rad:data_derived:018_g2i008tr_s10_s11_l2_n_raw_spectra_pele_and_reiden_patera_v01::1.0
P,urn:nasa:pds:go_nims_io_rad:data_derived:111_c9i001tr_s11_s12_l23_n_raw_spectra_hi-iaka_patera_and-or_tawhaki_patera_v01::1.0
P,urn:nasa:pds:go_nims_io_rad:data_derived:141_10i006tr_s14_s15_l32_n_raw_spectra_sigurd_patera_v01::1.0
P,urn:nasa:pds:go_nims_io_rad:data_derived:208_11i004tr_s9_s10_l14_n_raw_spectra_culann_v01::1.0
P,urn:nasa:pds:go_nims_io_rad:data_derived:085_g8i016tr_s13_s14_l4_n_raw_spectra_babbar_p.-ulgen_p._region_v01::1.0
P,urn:nasa:pds:go_nims_io_rad:data_derived:260_30i001tr_s13_s14_l46_n_raw_spectra_sigurd_patera-itzamna_region_v01::1.0
P,urn:nasa:pds:go_nims_io_rad:data_derived:064_e4i020tr_s13_s14_l22_n_raw_spectra_dazhbog_patera_v01::1.0
P,urn:nasa:pds:go_nims_io_rad:data_derived:207_11i004tr_s13_s12_l12_n_raw_spectra_zamama_v01::1.0
P,urn:nasa:pds:go_nims_io_rad:data_derived:282_32i008tr_s11_s12_l1826_n_raw_spectra_ot_patera_v01::1.0
P,urn:nasa:pds:go_nims_io_rad:data_derived:269_30i001tr_s11_s12_l246_n_raw_spectra_janus_patera_v01::1.0
P,urn:nasa:pds:go_nims_io_rad:data_derived:190_11i005tr_s9_s10_l12_n_raw_spectra_tupan_patera_v01::1.0
P,urn:nasa:pds:go_nims_io_rad:data_derived:170_11i008tr_s8_s9_l16_n_raw_spectra_laki-oi_patera_v01::1.0
P,urn:nasa:pds:go_nims_io_rad:data_derived:274_32i008tr_s17_s18_l121_n_raw_spectra_girru_patera_v01::1.0
P,urn:nasa:pds:go_nims_io_rad:data_derived:038_e4i004tr_s8_s9_l11_n_raw_spectra_pele_v01::1.0
P,urn:nasa:pds:go_nims_io_rad:data_derived:081_g8i014tr_s15_s16_l6_n_raw_spectra_pillan_v01::1.0
P,urn:nasa:pds:go_nims_io_rad:data_derived:154_10i008tr_s8_s9_l6_n_raw_spectra_tupan_patera_v01::1.0
P,urn:nasa:pds:go_nims_io_rad:data_derived:130_10i007tr_s10_s11_l17_n_raw_spectra_janus_patera_v01::1.0
P,urn:nasa:pds:go_nims_io_rad:data_derived:037_e4i004tr_s11_s12_l7_n_raw_spectra_colchis_regio_v01::1.0
P,urn:nasa:pds:go_nims_io_rad:data_derived:243_20i001tr_s11_s12_l2_n_raw_spectra_pele_v01::1.0
P,urn:nasa:pds:go_nims_io_rad:data_derived:128_10i007tr_s12_s13_l10_n_raw_spectra_hi-iaka_patera_v01::1.0
P,urn:nasa:pds:go_nims_io_rad:data_derived:077_g7i006tr_s7_s8_l10_n_raw_spectra_loki_patera_v01::1.0
P,urn:nasa:pds:go_nims_io_rad:data_derived:067_e4i022tr_s9_s10_l17_n_raw_spectra_pele_v01::1.0
P,urn:nasa:pds:go_nims_io_rad:data_derived:139_10i006tr_s5_s16_l12_n_raw_spectra_sigurd_patera_v01::1.0
P,urn:nasa:pds:go_nims_io_rad:data_derived:284_10i010tr_s10_s11_l1_n_raw_spectra_pele-isolated_v01::1.0
P,urn:nasa:pds:go_nims_io_rad:data_derived:186_11i010tr_s11_s12_l9_n_raw_spectra_sigurd_patera_v01::1.0
P,urn:nasa:pds:go_nims_io_rad:data_derived:240_16i002tr_s9_s10_l1_n_raw_spectra_loki_patera_v01::1.0
P,urn:nasa:pds:go_nims_io_rad:data_derived:236_15i005tr_s12_s13_l95_n_raw_spectra_pillan_v01::1.0
P,urn:nasa:pds:go_nims_io_rad:data_derived:159_10i003tr_s11_s12_l9_n_raw_spectra_loki_patera_v01::1.0
P,urn:nasa:pds:go_nims_io_rad:data_derived:201_11i006tr_s8_s9_l17_n_raw_spectra_arusha_and-or_altjirra_v01::1.0
P,urn:nasa:pds:go_nims_io_rad:data_derived:221_12i001tr_s9_s10_l31_n_raw_spectra_unknown_v01::1.0
P,urn:nasa:pds:go_nims_io_rad:data_derived:045_e4i017tr_s8_s9_l17_n_raw_spectra_pele_v01::1.0
P,urn:nasa:pds:go_nims_io_rad:data_derived:030_e4i002tr_s15_s16_l19_n_raw_spectra_sigurd_patera_v01::1.0
P,urn:nasa:pds:go_nims_io_rad:data_derived:079_g8i010tr_s12_s13_l5_n_raw_spectra_isum_patera_v01::1.0
P,urn:nasa:pds:go_nims_io_rad:data_derived:055_e4i019tr_s9_s10_l17_n_raw_spectra_pele_v01::1.0
P,urn:nasa:pds:go_nims_io_rad:data_derived:066_e4i021tr_s8_s9_l17_n_raw_spectra_pele_v01::1.0
P,urn:nasa:pds:go_nims_io_rad:data_derived:075_e6i005tr_s5_s6_l4_n_raw_spectra_pele_v01::1.0
P,urn:nasa:pds:go_nims_io_rad:data_derived:229_15i501tr_s11_s12_l75_n_raw_spectra_pillan_v01::1.0
P,urn:nasa:pds:go_nims_io_rad:data_derived:041_e4i006tr_s12_s13_l12_n_raw_spectra_mulungu_patera-susanoo_patera_region_v01::1.0
P,urn:nasa:pds:go_nims_io_rad:data_derived:068_e4i023tr_s8_s9_l18_n_raw_spectra_pele_v01::1.0
P,urn:nasa:pds:go_nims_io_rad:data_derived:219_12i001tr_s10_s11_l25_n_raw_spectra_hi-iaka_patera-tawhaki_patera_region_v01::1.0
P,urn:nasa:pds:go_nims_io_rad:data_derived:039_e4i005tr_s8_s9_l18_n_raw_spectra_pele_v01::1.0
P,urn:nasa:pds:go_nims_io_rad:data_derived:142_10i006tr_s6_s7_l16_n_raw_spectra_hi-iaka_patera_-_tawhaki_region_v01::1.0
P,urn:nasa:pds:go_nims_io_rad:data_derived:285_16i001tr_s13_s14_l4_n_raw_spectra_patera_nw_of_ulgen_patera_v01::1.0
P,urn:nasa:pds:go_nims_io_rad:data_derived:097_c9i004tr_s11_s12_l148_n_raw_spectra_kanehekili_5_v01::1.0
P,urn:nasa:pds:go_nims_io_rad:data_derived:283_32i008tr_s7_s8_l1716_n_raw_spectra_p13_v01::1.0
P,urn:nasa:pds:go_nims_io_rad:data_derived:210_11i004tr_s10_s11_l17_n_raw_spectra_tupan_patera_v01::1.0
P,urn:nasa:pds:go_nims_io_rad:data_derived:267_30i001tr_s12_s13_l226_n_raw_spectra_shamshu_patera_v01::1.0
P,urn:nasa:pds:go_nims_io_rad:data_derived:242_16i002tr_s10_s11_l9_n_raw_spectra_pillan_v01::1.0
P,urn:nasa:pds:go_nims_io_rad:data_derived:031_e4i003tr_s16_s17_l15_n_raw_spectra_hi-iaka_patera_v01::1.0
P,urn:nasa:pds:go_nims_io_rad:data_derived:072_e4i026tr_s9_s10_l13_n_raw_spectra_pele_v01::1.0
P,urn:nasa:pds:go_nims_io_rad:data_derived:233_15i005tr_s16_s17_l7_n_raw_spectra_pillan_v01::1.0
P,urn:nasa:pds:go_nims_io_rad:data_derived:090_c9i004tr_s10_s11_l57_n_raw_spectra_loki_patera_3_v01::1.0
P,urn:nasa:pds:go_nims_io_rad:data_derived:044_e4i006tr_s8_s9_l10_n_raw_spectra_marduk_fluctus-rata_patera_region_v01::1.0
P,urn:nasa:pds:go_nims_io_rad:data_derived:257_30i001tr_s16_s17_l26_n_raw_spectra_malik_patera_v01::1.0
P,urn:nasa:pds:go_nims_io_rad:data_derived:046_e4i017tr_s9_s10_l1_n_raw_spectra_marduk_fluctus_region_v01::1.0
P,urn:nasa:pds:go_nims_io_rad:data_derived:135_10i005tr_s18_s19_l71_n_raw_spectra_monan_patera_v01::1.0
P,urn:nasa:pds:go_nims_io_rad:data_derived:017_g2i007tr_s10_s11_l3_n_raw_spectra_pele_and_reiden_patera_v01::1.0
P,urn:nasa:pds:go_nims_io_rad:data_derived:153_10i008tr_s10_s11_l5_n_raw_spectra_prometheus_v01::1.0
P,urn:nasa:pds:go_nims_io_rad:data_derived:167_11i008tr_s11_s12_l13_n_raw_spectra_gish_bar_patera_and_itzamna_patera_v01::1.0
P,urn:nasa:pds:go_nims_io_rad:data_derived:196_11i005tr_s13_s14_l17_n_raw_spectra_gish_bar_patera_v01::1.0
P,urn:nasa:pds:go_nims_io_rad:data_derived:203_11i006tr_s13_s14_l17_n_raw_spectra_gish_bar_patera_v01::1.0
P,urn:nasa:pds:go_nims_io_rad:data_derived:071_e4i025tr_s9_s10_l6_n_raw_spectra_pele_v01::1.0
P,urn:nasa:pds:go_nims_io_rad:data_derived:019_g2i008tr_s10_s11_l3_n_raw_spectra_reiden_patera_region_v01::1.0
P,urn:nasa:pds:go_nims_io_rad:data_derived:268_30i001tr_s15_s16_l243_n_raw_spectra_uta_patera_v01::1.0
P,urn:nasa:pds:go_nims_io_rad:data_derived:259_30i001tr_s7_s8_l42_n_raw_spectra_amirani_v01::1.0
P,urn:nasa:pds:go_nims_io_rad:data_derived:247_20i001tr_s8_s9_l12_n_raw_spectra_lei-kung_fluctus_or_isum_v01::1.0
P,urn:nasa:pds:go_nims_io_rad:data_derived:262_30i001tr_s8_s9_l62_n_raw_spectra_gish_bar_patera_v01::1.0
P,urn:nasa:pds:go_nims_io_rad:data_derived:115_c9i006tr_s13_s14_l5_n_raw_spectra_amirani_v01::1.0
P,urn:nasa:pds:go_nims_io_rad:data_derived:189_11i010tr_s11_s12_l12_n_raw_spectra_hi-iaka_patera-tawhaki_patera_region_v01::1.0
P,urn:nasa:pds:go_nims_io_rad:data_derived:134_10i005tr_s8_s9_l69_n_raw_spectra_altjirra_patera-arusha_patera_region_v01::1.0
P,urn:nasa:pds:go_nims_io_rad:data_derived:155_10i008tr_s7_s8_l7_n_raw_spectra_malik_patera_v01::1.0
P,urn:nasa:pds:go_nims_io_rad:data_derived:171_11i008tr_s10_s11_l19_n_raw_spectra_janus-kanehekili_region_v01::1.0
P,urn:nasa:pds:go_nims_io_rad:data_derived:265_30i001tr_s17_s18_l120_n_raw_spectra_c30a_-_tejeto_1_v01::1.0
P,urn:nasa:pds:go_nims_io_rad:data_derived:249_26i001tr_s7_s8_l142_n_raw_spectra_loki_patera_v01::1.0
P,urn:nasa:pds:go_nims_io_rad:data_derived:161_11i002tr_s13_s14_l12_n_raw_spectra_zal_patera_v01::1.0
P,urn:nasa:pds:go_nims_io_rad:data_derived:036_e4i011tr_s15_s16_l21_n_raw_spectra_emakong_region_-_no_backplanes_v01::1.0
P,urn:nasa:pds:go_nims_io_rad:data_derived:163_11i002tr_s8_s9_l15_n_raw_spectra_laki-oi_patera_v01::1.0
P,urn:nasa:pds:go_nims_io_rad:data_derived:261_30i001tr_s4_s5_l57_n_raw_spectra_aluna_patera_v01::1.0
P,urn:nasa:pds:go_nims_io_rad:data_derived:194_11i005tr_s9_s10_l17_n_raw_spectra_arusha_and-or_altjirra_v01::1.0
P,urn:nasa:pds:go_nims_io_rad:data_derived:275_32i008tr_s3_s4_l1876_n_raw_spectra_susanoo_patera_v01::1.0
P,urn:nasa:pds:go_nims_io_rad:data_derived:239_16i001tr_s10_s11_l9_n_raw_spectra_pillan_v01::1.0
P,urn:nasa:pds:go_nims_io_rad:data_derived:051_e4i018tr_s8_s9_l21_n_raw_spectra_ulgen_patera_v01::1.0
P,urn:nasa:pds:go_nims_io_rad:data_derived:175_11i003tr_s9_s10_l11_n_raw_spectra_itzamna_patera_-_sigurd_patera_region_v01::1.0
P,urn:nasa:pds:go_nims_io_rad:data_derived:094_c9i004tr_s10_s11_l114_n_raw_spectra_loki_patera_5_v01::1.0
P,urn:nasa:pds:go_nims_io_rad:data_derived:184_11i010tr_s8_s9_l6_n_raw_spectra_malik_patera_v01::1.0
P,urn:nasa:pds:go_nims_io_rad:data_derived:151_10i009tr_s14_s15_l8_n_raw_spectra_amirani-monan_patera_region_v01::1.0
P,urn:nasa:pds:go_nims_io_rad:data_derived:113_c9i001tr_s13_s12_l22_n_raw_spectra_gish_bar_patera_v01::1.0
P,urn:nasa:pds:go_nims_io_rad:data_derived:218_11i007tr_s10_s11_l17_n_raw_spectra_malik_patera_v01::1.0
P,urn:nasa:pds:go_nims_io_rad:data_derived:117_c9i006tr_s7_s8_l6_n_raw_spectra_altjirra_patera_v01::1.0
P,urn:nasa:pds:go_nims_io_rad:data_derived:270_30i001tr_s14_s15_l248_n_raw_spectra_kanehekili_fluctus_v01::1.0
P,urn:nasa:pds:go_nims_io_rad:data_derived:195_11i005tr_s11_s12_l17_n_raw_spectra_sigurd_patera_v01::1.0
P,urn:nasa:pds:go_nims_io_rad:data_derived:016_g2i007tr_s10_s11_l2_n_raw_spectra_pele_and_reiden_patera_v01::1.0
P,urn:nasa:pds:go_nims_io_rad:data_derived:212_11i004tr_s13_s14_l17_n_raw_spectra_amirani_region_v01::1.0
P,urn:nasa:pds:go_nims_io_rad:data_derived:273_31i007tr_s18_s19_l51_n_raw_spectra_mulungu_patera_v01::1.0
P,urn:nasa:pds:go_nims_io_rad:data_derived:164_11i002tr_s10_s11_l18_n_raw_spectra_kanehekili-janus_patera_region_v01::1.0
P,urn:nasa:pds:go_nims_io_rad:data_derived:070_e4i025tr_s9_s10_l2_n_raw_spectra_marduk_fluctus_region_v01::1.0
P,urn:nasa:pds:go_nims_io_rad:data_derived:165_11i008tr_s12_s13_l10_n_raw_spectra_amirani_v01::1.0
P,urn:nasa:pds:go_nims_io_rad:data_derived:004_g1i003tr_s13_s14_l5_n_raw_spectra_zal_patera_v01::1.0
P,urn:nasa:pds:go_nims_io_rad:data_derived:177_11i009tr_s12_s13_l10_n_raw_spectra_amirani_v01::1.0
P,urn:nasa:pds:go_nims_io_rad:data_derived:086_g8i017tr_s12_s13_l5_n_raw_spectra_pele_v01::1.0
P,urn:nasa:pds:go_nims_io_rad:data_derived:230_15i501tr_s13_s14_l78_n_raw_spectra_marduk_fluctus_v01::1.0
P,urn:nasa:pds:go_nims_io_rad:data_derived:025_g2i011tr_s8_s9_l2_n_raw_spectra_pele_and_reiden_patera_v01::1.0
P,urn:nasa:pds:go_nims_io_rad:data_derived:188_11i010tr_s8_s9_l12_n_raw_spectra_laki-oi_patera_v01::1.0
P,urn:nasa:pds:go_nims_io_rad:data_derived:253_30i001tr_s11_s12_l5_n_raw_spectra_aidne_patera_v01::1.0
P,urn:nasa:pds:go_nims_io_rad:data_derived:150_10i009tr_s6_s7_l6_n_raw_spectra_malik_patera-altjirra_p._region_v01::1.0
P,urn:nasa:pds:go_nims_io_rad:data_derived:012_g1i003tr_s8_s9_l15_n_raw_spectra_culann_v01::1.0
P,urn:nasa:pds:go_nims_io_rad:data_derived:266_30i001tr_s10_s11_l148_n_raw_spectra_tawhaki_patera-hi-iaka_patera_region_v01::1.0
P,urn:nasa:pds:go_nims_io_rad:data_derived:179_11i009tr_s11_s12_l13_n_raw_spectra_sigurd_patera_-_itzamna_region_v01::1.0
P,urn:nasa:pds:go_nims_io_rad:data_derived:254_30i001tr_s14_s15_l6_n_raw_spectra_culann_v01::1.0
P,urn:nasa:pds:go_nims_io_rad:data_derived:121_c9i006tr_s10_s11_l11_n_raw_spectra_hi-iaka_patera_-_tawhaki_patera_region_v01::1.0
P,urn:nasa:pds:go_nims_io_rad:data_derived:245_20i001tr_s8_s9_l7_n_raw_spectra_girru_patera_v01::1.0
P,urn:nasa:pds:go_nims_io_rad:data_derived:220_12i001tr_s7_s8_l29_n_raw_spectra_kanehekili_fluctus_v01::1.0
P,urn:nasa:pds:go_nims_io_rad:data_derived:069_e4i024tr_s9_s10_l17_n_raw_spectra_pele_v01::1.0
P,urn:nasa:pds:go_nims_io_rad:data_derived:238_16i001tr_s11_s12_l7_n_raw_spectra_pele_v01::1.0
P,urn:nasa:pds:go_nims_io_rad:data_derived:140_10i006tr_s9_s10_l13_n_raw_spectra_gish_bar_patera_v01::1.0
P,urn:nasa:pds:go_nims_io_rad:data_derived:222_12i001tr_s10_s11_l55_n_raw_spectra_hi-iaka_patera-tawhaki_patera_region_v01::1.0
P,urn:nasa:pds:go_nims_io_rad:data_derived:049_e4i017tr_s12_s13_l24_n_raw_spectra_loki_patera_v01::1.0
P,urn:nasa:pds:go_nims_io_rad:data_derived:106_c9i007tr_s11_s12_l6_n_raw_spectra_hi-iaka_patera-tawhaki_p._v01::1.0
P,urn:nasa:pds:go_nims_io_rad:data_derived:088_g8i011tr_s12_s13_l6_n_raw_spectra_loki_patera_v01::1.0
P,urn:nasa:pds:go_nims_io_rad:data_derived:158_10i008tr_s14_s15_l10_n_raw_spectra_amirani_v01::1.0
P,urn:nasa:pds:go_nims_io_rad:data_derived:251_29i001tr_s13_s14_l74_n_raw_spectra_ekhi_patera_-_south_region_v01::1.0
P,urn:nasa:pds:go_nims_io_rad:data_derived:199_11i006tr_s8_s9_l14_n_raw_spectra_malik_patera_v01::1.0
P,urn:nasa:pds:go_nims_io_rad:data_derived:093_c9i004tr_s11_s12_l92_n_raw_spectra_kanehekili_3_v01::1.0
P,urn:nasa:pds:go_nims_io_rad:data_derived:145_10i006tr_s19_s20_l29_n_raw_spectra_monan_patera_v01::1.0
P,urn:nasa:pds:go_nims_io_rad:data_derived:034_e4i010tr_s15_s16_l13_n_raw_spectra_emakong_patera_v01::1.0
P,urn:nasa:pds:go_nims_io_rad:data_derived:091_c9i004tr_s11_s12_l63_n_raw_spectra_kanehekili_2_v01::1.0
P,urn:nasa:pds:go_nims_io_rad:data_derived:007_g1i003tr_s7_s8_l10_n_raw_spectra_malik_patera_v01::1.0
P,urn:nasa:pds:go_nims_io_rad:data_derived:011_g1i003tr_s10_s11_l14_n_raw_spectra_prometheus_v01::1.0
P,urn:nasa:pds:go_nims_io_rad:data_derived:083_g8i016tr_s12_s13_l3_n_raw_spectra_pele_v01::1.0
P,urn:nasa:pds:go_nims_io_rad:data_derived:054_e4i018tr_s9_s10_l1_n_raw_spectra_marduk_fluctus_region_v01::1.0
P,urn:nasa:pds:go_nims_io_rad:data_derived:185_11i010tr_s8_s9_l9_n_raw_spectra_altjirra_patera_-_arusha_patera_region_v01::1.0
P,urn:nasa:pds:go_nims_io_rad:data_derived:181_11i009tr_s8_s9_l16_n_raw_spectra_laki-oi_patera_v01::1.0
P,urn:nasa:pds:go_nims_io_rad:data_derived:193_11i005tr_s12_s13_l12_n_raw_spectra_maui_patera_v01::1.0
P,urn:nasa:pds:go_nims_io_rad:data_derived:152_10i008tr_s8_s9_l2_n_raw_spectra_culann-wabasso_region_v01::1.0
P,urn:nasa:pds:go_nims_io_rad:data_derived:174_11i003tr_s11_s12_l13_n_raw_spectra_tawhaki_patera_-_hi-iaka_patera_region_v01::1.0
P,urn:nasa:pds:go_nims_io_rad:data_derived:105_c9i008tr_s10_s11_l88_n_raw_spectra_acala_fluctus_region_5_v01::1.0
P,urn:nasa:pds:go_nims_io_rad:data_derived:246_20i001tr_s12_s13_l10_n_raw_spectra_marduk_fluctus_v01::1.0
P,urn:nasa:pds:go_nims_io_rad:data_derived:060_e4i019tr_s9_s10_l26_n_raw_spectra_masaya_patera_region_v01::1.0
P,urn:nasa:pds:go_nims_io_rad:data_derived:082_g8i015tr_s11_s12_l5_n_raw_spectra_pillan_v01::1.0
P,urn:nasa:pds:go_nims_io_rad:data_derived:109_c9i002tr_s8_s9_l29_n_raw_spectra_tupan_patera_v01::1.0
P,urn:nasa:pds:go_nims_io_rad:data_derived:001_g1i003tr_s10_s11_l3_n_raw_spectra_hi-iaka_patera_v01::1.0
P,urn:nasa:pds:go_nims_io_rad:data_derived:024_g2i011tr_s7_s8_l1_n_raw_spectra_babbar_patera_region_v01::1.0
P,urn:nasa:pds:go_nims_io_rad:data_derived:026_c3i002tr_s5_s6_l48_n_raw_spectra_maui_v01::1.0
P,urn:nasa:pds:go_nims_io_rad:data_derived:224_12i001tr_s6_s7_l55_n_raw_spectra_laki-oi_patera_v01::1.0
P,urn:nasa:pds:go_nims_io_rad:data_derived:120_c9i006tr_s12_s13_l10_n_raw_spectra_gish_bar_patera_v01::1.0
P,urn:nasa:pds:go_nims_io_rad:data_derived:124_c9i002tr_s8_s9_l29_n_raw_spectra_malik_patera_v01::1.0
P,urn:nasa:pds:go_nims_io_rad:data_derived:182_11i009tr_s11_s12_l16_n_raw_spectra_hi-iaka_patera-tawhaki_patera_region_v01::1.0
P,urn:nasa:pds:go_nims_io_rad:data_derived:003_g1i003tr_s12_s13_l5_n_raw_spectra_gish_bar_patera_v01::1.0
P,urn:nasa:pds:go_nims_io_rad:data_derived:198_11i006tr_s9_s10_l12_n_raw_spectra_tupan_patera_v01::1.0
P,urn:nasa:pds:go_nims_io_rad:data_derived:116_c9i006tr_s7_s8_l2_n_raw_spectra_malik_patera_v01::1.0
P,urn:nasa:pds:go_nims_io_rad:data_derived:204_11i006tr_s12_s13_l19_n_raw_spectra_hi-iaka_patera-tawhaki_patera_region_v01::1.0
P,urn:nasa:pds:go_nims_io_rad:data_derived:263_30i001tr_s5_s6_l84_n_raw_spectra_zal_patera_v01::1.0
P,urn:nasa:pds:go_nims_io_rad:data_derived:052_e4i018tr_s12_s13_l24_n_raw_spectra_loki_patera_v01::1.0
P,urn:nasa:pds:go_nims_io_rad:data_derived:248_22i001tr_s10_s11_l11_n_raw_spectra_loki_patera_v01::1.0
P,urn:nasa:pds:go_nims_io_rad:data_derived:278_32i008tr_s2_s3_l3246_n_raw_spectra_pillan_patera_-_reiden_region_v01::1.0
P,urn:nasa:pds:go_nims_io_rad:data_derived:234_15i005tr_s7_s8_l52_n_raw_spectra_pele_v01::1.0
P,urn:nasa:pds:go_nims_io_rad:data_derived:108_c9i007tr_s9_s10_l10_n_raw_spectra_kanehekili_f._and-or_janus_patera_v01::1.0
P,urn:nasa:pds:go_nims_io_rad:data_derived:192_11i005tr_s8_s9_l14_n_raw_spectra_malik_patera_v01::1.0
P,urn:nasa:pds:go_nims_io_rad:data_derived:089_g8i012tr_s13_s14_l2_n_raw_spectra_acala_fluctus_v01::1.0
P,urn:nasa:pds:go_nims_io_rad:data_derived:144_10i006tr_s8_s9_l27_n_raw_spectra_arusha_patera_v01::1.0
P,urn:nasa:pds:go_nims_io_rad:data_derived:056_e4i019tr_s12_s13_l23_n_raw_spectra_loki_patera_v01::1.0
P,urn:nasa:pds:go_nims_io_rad:data_derived:053_e4i018tr_s14_s15_l21_n_raw_spectra_dazhbog_patera_v01::1.0
P,urn:nasa:pds:go_nims_io_rad:data_derived:235_15i005tr_s6_s7_l55_n_raw_spectra_pillan_v01::1.0
P,urn:nasa:pds:go_nims_io_rad:data_derived:168_11i008tr_s13_s14_l13_n_raw_spectra_zal_patera-gish_bar_patera_region_v01::1.0
P,urn:nasa:pds:go_nims_io_rad:data_derived:112_c9i001tr_s9_s10_l19_n_raw_spectra_sigurd_patera_v01::1.0
P,urn:nasa:pds:go_nims_io_rad:data_derived:138_10i006tr_s3_s4_l11_n_raw_spectra_itzamna_patera_v01::1.0
P,urn:nasa:pds:go_nims_io_rad:data_derived:125_c9i003tr_s11_s12_l6_n_raw_spectra_loki_patera_v01::1.0
P,urn:nasa:pds:go_nims_io_rad:data_derived:057_e4i019tr_s13_s14_l22_n_raw_spectra_dazhbog-amaterasu_p._region_v01::1.0
P,urn:nasa:pds:go_nims_io_rad:data_derived:279_32i008tr_s4_s5_l3217_n_raw_spectra_pele_v01::1.0
P,urn:nasa:pds:go_nims_io_rad:data_derived:191_11i005tr_s13_s14_l14_n_raw_spectra_amirani_v01::1.0
P,urn:nasa:pds:go_nims_io_rad:data_derived:256_30i001tr_s14_s15_l10_n_raw_spectra_tupan_patera_v01::1.0
P,urn:nasa:pds:go_nims_io_rad:data_derived:123_c9i002tr_s10_s11_l26_n_raw_spectra_prometheus_v01::1.0
P,urn:nasa:pds:go_nims_io_rad:data_derived:028_c3i002tr_s7_s8_l96_n_raw_spectra_malik_patera_v01::1.0
P,urn:nasa:pds:go_nims_io_rad:data_derived:205_11i006tr_s13_s14_l12_n_raw_spectra_maui_patera_v01::1.0
P,urn:nasa:pds:go_nims_io_rad:data_derived:122_c9i002tr_s8_s9_l25_n_raw_spectra_culann_-_tohil_region_v01::1.0
P,urn:nasa:pds:go_nims_io_rad:data_derived:160_10i010tr_s10_s11_l1_n_raw_spectra_pele-pillan_region_v01::1.0
P,urn:nasa:pds:go_nims_io_rad:data_derived:042_e4i006tr_s9_s10_l14_n_raw_spectra_pillan_v01::1.0
P,urn:nasa:pds:go_nims_io_rad:data_derived:119_c9i006tr_s14_s15_l8_n_raw_spectra_shango_patera_-_zal_region_v01::1.0
P,urn:nasa:pds:go_nims_io_rad:data_derived:180_11i009tr_s13_s14_l13_n_raw_spectra_gish_bar_patera_v01::1.0
P,urn:nasa:pds:go_nims_io_rad:data_derived:013_g1i003tr_s11_s12_l16_n_raw_spectra_zamama_v01::1.0
P,urn:nasa:pds:go_nims_io_rad:data_derived:166_11i008tr_s9_s10_l13_n_raw_spectra_itzamna_patera_and_gish_bar_patera_v01::1.0
P,urn:nasa:pds:go_nims_io_rad:data_derived:104_c9i008tr_s10_s11_l68_n_raw_spectra_acala_fluctus_region_4_v01::1.0
P,urn:nasa:pds:go_nims_io_rad:data_derived:132_10i005tr_s3_s4_l35_n_raw_spectra_itzamna_patera_v01::1.0
P,urn:nasa:pds:go_nims_io_rad:data_derived:176_11i003tr_s8_s9_l13_n_raw_spectra_laki-oi_patera_v01::1.0
P,urn:nasa:pds:go_nims_io_rad:data_derived:098_c9i008tr_s10_s11_l6_n_raw_spectra_acala_fluctus_region_inc._tol-ava_p._v01::1.0
P,urn:nasa:pds:go_nims_io_rad:data_derived:021_g2i010tr_s7_s8_l1_n_raw_spectra_babbar_patera_region_v01::1.0
P,urn:nasa:pds:go_nims_io_rad:data_derived:187_11i010tr_s13_s14_l9_n_raw_spectra_gish_bar_patera_v01::1.0
P,urn:nasa:pds:go_nims_io_rad:data_derived:148_10i006tr_s15_s16_l36_n_raw_spectra_hi-iaka_patera_-_tawhaki_region_v01::1.0
P,urn:nasa:pds:go_nims_io_rad:data_derived:156_10i008tr_s16_s17_l6_n_raw_spectra_arinna_fluctus_region_v01::1.0
P,urn:nasa:pds:go_nims_io_rad:data_derived:209_g8i008tr_s13_s14_l2_d_converted_spectra_amirani_region_v01::1.0
P,urn:nasa:pds:go_nims_io_rad:data_derived:430_15i501tr_s15_s16_l95_d_converted_spectra_malik_patera_v01::1.0
P,urn:nasa:pds:go_nims_io_rad:data_derived:346_11i003tr_s9_s10_l4_d_converted_spectra_culann_and_prometheus_v01::1.0
P,urn:nasa:pds:go_nims_io_rad:data_derived:574_31i005tr_s10_s11_l5115_d_converted_spectra_catha_patera_v01::1.0
P,urn:nasa:pds:go_nims_io_rad:data_derived:146_e4i027tr_s13_s14_l25_d_converted_spectra_dazhbog_patera_v01::1.0
P,urn:nasa:pds:go_nims_io_rad:data_derived:325_10i009tr_s8_s9_l1_d_converted_spectra_culann_v01::1.0
P,urn:nasa:pds:go_nims_io_rad:data_derived:007_g2i001tr_s10_s9_l7_d_converted_spectra_zamama_v01::1.0
P,urn:nasa:pds:go_nims_io_rad:data_derived:316_10i005tr_s6_s7_l50_d_converted_spectra_p137_v01::1.0
P,urn:nasa:pds:go_nims_io_rad:data_derived:304_10i007tr_s9_s10_l2_d_converted_spectra_itzamna_patera-sigurd_patera_region_v01::1.0
P,urn:nasa:pds:go_nims_io_rad:data_derived:529_30i002tr_s13_s14_l65_d_converted_spectra_gish_bar_patera_v01::1.0
P,urn:nasa:pds:go_nims_io_rad:data_derived:256_c9i008tr_s12_s13_l74_d_converted_spectra_janus_patera_and-or_kanehekili_4_v01::1.0
P,urn:nasa:pds:go_nims_io_rad:data_derived:337_11i001tr_s10_s11_l13_d_converted_spectra_kanehekili_fluctus-janus_patera_region_v01::1.0
P,urn:nasa:pds:go_nims_io_rad:data_derived:070_c3i002tr_s19_s20_l68_d_converted_spectra_mulungu_patera-susanoo_patera_region_v01::1.0
P,urn:nasa:pds:go_nims_io_rad:data_derived:442_15i005tr_s15_s16_l36_d_converted_spectra_prometheus_v01::1.0
P,urn:nasa:pds:go_nims_io_rad:data_derived:164_e6i003tr_s13_s14_l7_d_converted_spectra_pele_v01::1.0
P,urn:nasa:pds:go_nims_io_rad:data_derived:031_g2i004tr_s7_s8_l4_d_converted_spectra_culann_v01::1.0
P,urn:nasa:pds:go_nims_io_rad:data_derived:018_g2i002tr_s8_s9_l6_d_converted_spectra_tupan_patera_v01::1.0
P,urn:nasa:pds:go_nims_io_rad:data_derived:518_27i004tr_s1_s2_l109_d_converted_spectra_marduk_fluctus_v01::1.0
P,urn:nasa:pds:go_nims_io_rad:data_derived:411_15i501tr_s9_s10_l21_d_converted_spectra_camaxtli_patera_region_v01::1.0
P,urn:nasa:pds:go_nims_io_rad:data_derived:199_g7i003tr_s12_s13_l24_d_converted_spectra_pele_v01::1.0
P,urn:nasa:pds:go_nims_io_rad:data_derived:225_g8i007tr_s14_s15_l5_d_converted_spectra_prometheus-tupan_patera_region_v01::1.0
P,urn:nasa:pds:go_nims_io_rad:data_derived:172_e6i003tr_s13_s14_l29_d_converted_spectra_zamama_v01::1.0
P,urn:nasa:pds:go_nims_io_rad:data_derived:340_11i002tr_s9_s10_l10_d_converted_spectra_itzamna_patera-sigurd_patera_region_v01::1.0
P,urn:nasa:pds:go_nims_io_rad:data_derived:321_10i005tr_s8_s9_l64_d_converted_spectra_malik_patera_v01::1.0
P,urn:nasa:pds:go_nims_io_rad:data_derived:017_g2i002tr_s6_s7_l5_d_converted_spectra_malik_patera_v01::1.0
P,urn:nasa:pds:go_nims_io_rad:data_derived:140_e4i025tr_s10_s11_l17_d_converted_spectra_ruwa_patera_v01::1.0
P,urn:nasa:pds:go_nims_io_rad:data_derived:302_10i007tr_s5_s6_l1_d_converted_spectra_altjirra_patera_v01::1.0
P,urn:nasa:pds:go_nims_io_rad:data_derived:557_31i005tr_s1_s2_l2334_d_converted_spectra_p62_2_v01::1.0
P,urn:nasa:pds:go_nims_io_rad:data_derived:222_g8i003tr_s13_s14_l4_d_converted_spectra_amirani_v01::1.0
P,urn:nasa:pds:go_nims_io_rad:data_derived:019_g2i002tr_s10_s11_l8_d_converted_spectra_prometheus_v01::1.0
P,urn:nasa:pds:go_nims_io_rad:data_derived:167_e6i003tr_s11_s12_l18_d_converted_spectra_ot_patera_v01::1.0
P,urn:nasa:pds:go_nims_io_rad:data_derived:550_31i005tr_s8_s9_l1889_d_converted_spectra_amirani_4_v01::1.0
P,urn:nasa:pds:go_nims_io_rad:data_derived:583_32i008tr_s18_s19_l885_d_converted_spectra_zamama_v01::1.0
P,urn:nasa:pds:go_nims_io_rad:data_derived:562_31i005tr_s11_s12_l3239_d_converted_spectra_prometheus_v01::1.0
P,urn:nasa:pds:go_nims_io_rad:data_derived:261_c9i008tr_s12_s13_l173_d_converted_spectra_janus_patera_and-or_kanehekili_9_v01::1.0
P,urn:nasa:pds:go_nims_io_rad:data_derived:349_11i009tr_s12_s13_l4_d_converted_spectra_zamama_v01::1.0
P,urn:nasa:pds:go_nims_io_rad:data_derived:236_g8i004tr_s12_s13_l3_d_converted_spectra_susanoo_patera-mulungo_patera_v01::1.0
P,urn:nasa:pds:go_nims_io_rad:data_derived:026_g2i002tr_s12_s13_l20_d_converted_spectra_mulungu_patera-susanoo_patera_region_v01::1.0
P,urn:nasa:pds:go_nims_io_rad:data_derived:482_21i004tr_s12_s13_l71_d_converted_spectra_malik_patera-tube_only_v01::1.0
P,urn:nasa:pds:go_nims_io_rad:data_derived:139_e4i025tr_s8_s9_l15_d_converted_spectra_masaya_patera_region_v01::1.0
P,urn:nasa:pds:go_nims_io_rad:data_derived:252_g8i013tr_s14_s15_l6_d_converted_spectra_loki_patera_v01::1.0
P,urn:nasa:pds:go_nims_io_rad:data_derived:289_c9i005tr_s9_s10_l10_d_converted_spectra_culann_v01::1.0
P,urn:nasa:pds:go_nims_io_rad:data_derived:034_g2i004tr_s14_s15_l13_d_converted_spectra_isum_patera_v01::1.0
P,urn:nasa:pds:go_nims_io_rad:data_derived:048_c3i001tr_s12_s13_l7_d_converted_spectra_zamama_v01::1.0
P,urn:nasa:pds:go_nims_io_rad:data_derived:277_c9i001tr_s12_s13_l4_d_converted_spectra_zamama_v01::1.0
P,urn:nasa:pds:go_nims_io_rad:data_derived:274_c9i009tr_s11_s12_l110_d_converted_spectra_acala_fluctus_6_v01::1.0
P,urn:nasa:pds:go_nims_io_rad:data_derived:394_14i001tr_s7_s8_l73_d_converted_spectra_pillan_v01::1.0
P,urn:nasa:pds:go_nims_io_rad:data_derived:179_e6i002tr_s8_s9_l11_d_converted_spectra_loki_patera_v01::1.0
P,urn:nasa:pds:go_nims_io_rad:data_derived:030_g2i004tr_s9_s10_l2_d_converted_spectra_prometheus_v01::1.0
P,urn:nasa:pds:go_nims_io_rad:data_derived:208_g8i008tr_s13_s14_l1_d_converted_spectra_emakong_patera_north_region_v01::1.0
P,urn:nasa:pds:go_nims_io_rad:data_derived:315_10i005tr_s18_s19_l49_d_converted_spectra_zamama_v01::1.0
P,urn:nasa:pds:go_nims_io_rad:data_derived:300_10i004tr_s12_s13_l4_d_converted_spectra_kanehekili_and_janus_patera_v01::1.0
P,urn:nasa:pds:go_nims_io_rad:data_derived:071_c3i002tr_s9_s10_l71_d_converted_spectra_marduk_fluctus_v01::1.0
P,urn:nasa:pds:go_nims_io_rad:data_derived:530_30i002tr_s14_s15_l76_d_converted_spectra_tawhaki_patera-hi-iaka_patera_region_v01::1.0
P,urn:nasa:pds:go_nims_io_rad:data_derived:320_10i005tr_s11_s12_l60_d_converted_spectra_tupan_patera_v01::1.0
P,urn:nasa:pds:go_nims_io_rad:data_derived:004_g1i003tr_s9_s10_l18_d_converted_spectra_aidne_patera_v01::1.0
P,urn:nasa:pds:go_nims_io_rad:data_derived:173_e6i003tr_s11_s12_l31_d_converted_spectra_prometheus_v01::1.0
P,urn:nasa:pds:go_nims_io_rad:data_derived:288_c9i005tr_s13_s14_l8_d_converted_spectra_zamama_v01::1.0
P,urn:nasa:pds:go_nims_io_rad:data_derived:559_31i005tr_s11_s12_l2805_d_converted_spectra_ah_peku_patera_v01::1.0
P,urn:nasa:pds:go_nims_io_rad:data_derived:306_10i007tr_s13_s14_l5_d_converted_spectra_gish_bar_patera_v01::1.0
P,urn:nasa:pds:go_nims_io_rad:data_derived:021_g2i002tr_s8_s9_l12_d_converted_spectra_wabasso_patera_v01::1.0
P,urn:nasa:pds:go_nims_io_rad:data_derived:452_15i005tr_s3_s4_l88_d_converted_spectra_camaxtli_patera_region_v01::1.0
P,urn:nasa:pds:go_nims_io_rad:data_derived:282_c9i001tr_s7_s8_l11_d_converted_spectra_malik_patera_v01::1.0
P,urn:nasa:pds:go_nims_io_rad:data_derived:102_e4i004tr_s7_s8_l15_d_converted_spectra_ulgen_patera_v01::1.0
P,urn:nasa:pds:go_nims_io_rad:data_derived:150_e6i001tr_s14_s15_l5_d_converted_spectra_marduk_fluctus_v01::1.0
P,urn:nasa:pds:go_nims_io_rad:data_derived:367_11i004tr_s7_s8_l11_d_converted_spectra_sethlaus_patera_v01::1.0
P,urn:nasa:pds:go_nims_io_rad:data_derived:263_c9i009tr_s10_s11_l7_d_converted_spectra_acala_fluctus_v01::1.0
P,urn:nasa:pds:go_nims_io_rad:data_derived:142_e4i026tr_s13_s14_l18_d_converted_spectra_dazhbog_patera_v01::1.0
P,urn:nasa:pds:go_nims_io_rad:data_derived:286_c9i005tr_s13_s14_l4_d_converted_spectra_isum_patera_v01::1.0
P,urn:nasa:pds:go_nims_io_rad:data_derived:553_31i005tr_s19_s20_l2208_d_converted_spectra_gish_bar_mons_v01::1.0
P,urn:nasa:pds:go_nims_io_rad:data_derived:422_15i501tr_s6_s7_l63_d_converted_spectra_zal_patera_v01::1.0
P,urn:nasa:pds:go_nims_io_rad:data_derived:470_20i001tr_s12_s11_l18_d_converted_spectra_zamama_v01::1.0
P,urn:nasa:pds:go_nims_io_rad:data_derived:214_g8i009tr_s14_s15_l3_d_converted_spectra_tupan_patera-prometheus_region_v01::1.0
P,urn:nasa:pds:go_nims_io_rad:data_derived:186_g7i005tr_s12_s13_l7_d_converted_spectra_culann_v01::1.0
P,urn:nasa:pds:go_nims_io_rad:data_derived:194_g7i007tr_s9_s10_l7_d_converted_spectra_daedalus_patera_v01::1.0
P,urn:nasa:pds:go_nims_io_rad:data_derived:570_31i005tr_s5_s6_l4085_d_converted_spectra_hi-iaka_patera_v01::1.0
P,urn:nasa:pds:go_nims_io_rad:data_derived:488_24i019tr_s9_s10_l251_d_converted_spectra_susanoo_patera-mulungu_patera_region_v01::1.0
P,urn:nasa:pds:go_nims_io_rad:data_derived:377_12i001tr_s13_s12_l38_d_converted_spectra_zamama_v01::1.0
P,urn:nasa:pds:go_nims_io_rad:data_derived:113_e4i021tr_s13_s14_l22_d_converted_spectra_dazhbog_patera-kinich_ahau_region_v01::1.0
P,urn:nasa:pds:go_nims_io_rad:data_derived:551_31i005tr_s11_s12_l1894_d_converted_spectra_amirani_3_v01::1.0
P,urn:nasa:pds:go_nims_io_rad:data_derived:520_27i004tr_s15_s16_l205_d_converted_spectra_marduk_fluctus_v01::1.0
P,urn:nasa:pds:go_nims_io_rad:data_derived:456_15i005tr_s7_s8_l118_d_converted_spectra_zamama_v01::1.0
P,urn:nasa:pds:go_nims_io_rad:data_derived:426_15i501tr_s8_s9_l87_d_converted_spectra_zamama_v01::1.0
P,urn:nasa:pds:go_nims_io_rad:data_derived:441_15i005tr_s18_s19_l32_d_converted_spectra_culann_v01::1.0
P,urn:nasa:pds:go_nims_io_rad:data_derived:412_15i501tr_s8_s9_l26_d_converted_spectra_amirani_v01::1.0
P,urn:nasa:pds:go_nims_io_rad:data_derived:538_30i002tr_s14_s15_l235_d_converted_spectra_masubi_fluctus_or_spill-over_from_c30a_v01::1.0
P,urn:nasa:pds:go_nims_io_rad:data_derived:098_e4i007tr_s4_s5_l32_d_converted_spectra_ulgen_patera_on_limb_v01::1.0
P,urn:nasa:pds:go_nims_io_rad:data_derived:365_11i004tr_s12_s13_l7_d_converted_spectra_isum_patera_v01::1.0
P,urn:nasa:pds:go_nims_io_rad:data_derived:376_12i001tr_s9_s10_l20_d_converted_spectra_sigurd_patera_region_v01::1.0
P,urn:nasa:pds:go_nims_io_rad:data_derived:572_31i005tr_s14_s15_l4429_d_converted_spectra_altjirra_patera_v01::1.0
P,urn:nasa:pds:go_nims_io_rad:data_derived:372_12i001tr_s6_s7_l15_d_converted_spectra_altjirra_patera_v01::1.0
P,urn:nasa:pds:go_nims_io_rad:data_derived:229_g8i014tr_s16_s17_l2_d_converted_spectra_marduk_fluctus_v01::1.0
P,urn:nasa:pds:go_nims_io_rad:data_derived:152_e6i001tr_s10_s11_l10_d_converted_spectra_zamama_v01::1.0
P,urn:nasa:pds:go_nims_io_rad:data_derived:178_e6i002tr_s10_s11_l10_d_converted_spectra_dazhbog_patera_v01::1.0
P,urn:nasa:pds:go_nims_io_rad:data_derived:223_g8i003tr_s15_s16_l5_d_converted_spectra_malik_patera_region_v01::1.0
P,urn:nasa:pds:go_nims_io_rad:data_derived:317_10i005tr_s11_s12_l52_d_converted_spectra_culann_v01::1.0
P,urn:nasa:pds:go_nims_io_rad:data_derived:038_g2i004tr_s9_s10_l22_d_converted_spectra_reiden_patera-pillan_region_v01::1.0
P,urn:nasa:pds:go_nims_io_rad:data_derived:200_g7i004tr_s9_s10_l3_d_converted_spectra_loki_patera_v01::1.0
P,urn:nasa:pds:go_nims_io_rad:data_derived:380_12i001tr_s12_s13_l44_d_converted_spectra_maui_patera_v01::1.0
P,urn:nasa:pds:go_nims_io_rad:data_derived:509_27i003tr_s13_s14_l66_d_converted_spectra_sobo_fluctus_v01::1.0
P,urn:nasa:pds:go_nims_io_rad:data_derived:514_27i004tr_s4_s5_l80_d_converted_spectra_reiden_patera-and_possibly_pillan_v01::1.0
P,urn:nasa:pds:go_nims_io_rad:data_derived:543_31i005tr_s18_s19_l1289_d_converted_spectra_shango_patera_v01::1.0
P,urn:nasa:pds:go_nims_io_rad:data_derived:512_27i004tr_s11_s12_l53_d_converted_spectra_thor_v01::1.0
P,urn:nasa:pds:go_nims_io_rad:data_derived:082_e4i013tr_s16_s17_l12_d_converted_spectra_hi-iaka-shamshu_region_v01::1.0
P,urn:nasa:pds:go_nims_io_rad:data_derived:495_24i019tr_s7_s8_l1363_d_converted_spectra_seth_patera_vicinity_v01::1.0
P,urn:nasa:pds:go_nims_io_rad:data_derived:168_e6i003tr_s14_s15_l19_d_converted_spectra_marduk_fluctus_v01::1.0
P,urn:nasa:pds:go_nims_io_rad:data_derived:392_14i001tr_s18_s19_l52_d_converted_spectra_prometheus_v01::1.0
P,urn:nasa:pds:go_nims_io_rad:data_derived:312_10i005tr_s5_s6_l18_d_converted_spectra_prometheus_v01::1.0
P,urn:nasa:pds:go_nims_io_rad:data_derived:154_e6i001tr_s12_s13_l13_d_converted_spectra_prometheus_v01::1.0
P,urn:nasa:pds:go_nims_io_rad:data_derived:333_10i008tr_s14_s15_l1_d_converted_spectra_zamama_v01::1.0
P,urn:nasa:pds:go_nims_io_rad:data_derived:499_24i019tr_s13_s14_l2099_d_converted_spectra_marduk_fluctus_v01::1.0
P,urn:nasa:pds:go_nims_io_rad:data_derived:207_g7i004tr_s11_s12_l20_d_converted_spectra_ot_patera_v01::1.0
P,urn:nasa:pds:go_nims_io_rad:data_derived:501_24i019tr_s16_s17_l2605_d_converted_spectra_wabasso_patera_1_v01::1.0
P,urn:nasa:pds:go_nims_io_rad:data_derived:339_11i002tr_s12_s13_l8_d_converted_spectra_amirani_v01::1.0
P,urn:nasa:pds:go_nims_io_rad:data_derived:522_29i001tr_s11_s12_l351_d_converted_spectra_loki_patera_v01::1.0
P,urn:nasa:pds:go_nims_io_rad:data_derived:498_24i019tr_s14_s15_l1739_d_converted_spectra_reiden_patera_v01::1.0
P,urn:nasa:pds:go_nims_io_rad:data_derived:198_g7i003tr_s12_s13_l21_d_converted_spectra_pillan-reiden_patera_region_v01::1.0
P,urn:nasa:pds:go_nims_io_rad:data_derived:594_32i008tr_s12_s13_l2766_d_converted_spectra_prometheus_v01::1.0
P,urn:nasa:pds:go_nims_io_rad:data_derived:358_11i006tr_s9_s10_l4_d_converted_spectra_marduk_fluctus_v01::1.0
P,urn:nasa:pds:go_nims_io_rad:data_derived:576_31i005tr_s9_s10_l5279_d_converted_spectra_c30a-tejeto_v01::1.0
P,urn:nasa:pds:go_nims_io_rad:data_derived:177_e6i002tr_s5_s6_l7_d_converted_spectra_ulgen_patera_region_v01::1.0
P,urn:nasa:pds:go_nims_io_rad:data_derived:356_11i005tr_s12_s13_l6_d_converted_spectra_zamama_v01::1.0
P,urn:nasa:pds:go_nims_io_rad:data_derived:111_e4i006tr_s11_s12_l24_d_converted_spectra_masaya_patera_region_v01::1.0
P,urn:nasa:pds:go_nims_io_rad:data_derived:275_c9i009tr_s11_s12_l114_d_converted_spectra_janus_patera_and-or_kanehekili_6_v01::1.0
P,urn:nasa:pds:go_nims_io_rad:data_derived:015_g2i001tr_s9_s10_l20_d_converted_spectra_malik_patera_v01::1.0
P,urn:nasa:pds:go_nims_io_rad:data_derived:009_g2i001tr_s6_s7_l10_d_converted_spectra_marduk_fluctus_v01::1.0
P,urn:nasa:pds:go_nims_io_rad:data_derived:326_10i009tr_s10_s11_l3_d_converted_spectra_prometheus_v01::1.0
P,urn:nasa:pds:go_nims_io_rad:data_derived:197_g7i003tr_s8_s9_l19_d_converted_spectra_susanoo_patera-girru_region_v01::1.0
P,urn:nasa:pds:go_nims_io_rad:data_derived:148_e4i027tr_s9_s10_l31_d_converted_spectra_kanehekili_fluctus-uta_patera_region_v01::1.0
P,urn:nasa:pds:go_nims_io_rad:data_derived:127_e4i024tr_s7_s8_l22_d_converted_spectra_ulgen_patera-aten_patera_region_v01::1.0
P,urn:nasa:pds:go_nims_io_rad:data_derived:429_15i501tr_s13_s14_l93_d_converted_spectra_tupan_patera_v01::1.0
P,urn:nasa:pds:go_nims_io_rad:data_derived:341_11i008tr_s11_s12_l4_d_converted_spectra_zamama_and_prometheus_v01::1.0
P,urn:nasa:pds:go_nims_io_rad:data_derived:547_31i005tr_s16_s17_l1837_d_converted_spectra_amirani_1_v01::1.0
P,urn:nasa:pds:go_nims_io_rad:data_derived:541_31i005tr_s14_s15_l867_d_converted_spectra_p63_i31b_sw_of_thor_v01::1.0
P,urn:nasa:pds:go_nims_io_rad:data_derived:427_15i501tr_s13_s14_l87_d_converted_spectra_culann_patera_v01::1.0
P,urn:nasa:pds:go_nims_io_rad:data_derived:169_e6i003tr_s6_s7_l21_d_converted_spectra_isum_patera_v01::1.0
P,urn:nasa:pds:go_nims_io_rad:data_derived:196_g7i003tr_s13_s14_l14_d_converted_spectra_marduk_fluctus_v01::1.0
P,urn:nasa:pds:go_nims_io_rad:data_derived:114_e4i021tr_s12_s13_l24_d_converted_spectra_loki_patera_v01::1.0
P,urn:nasa:pds:go_nims_io_rad:data_derived:228_g8i014tr_s12_s13_l2_d_converted_spectra_isum_patera_region_v01::1.0
P,urn:nasa:pds:go_nims_io_rad:data_derived:494_24i019tr_s12_s13_l1265_d_converted_spectra_camaxtli_patera_v01::1.0
P,urn:nasa:pds:go_nims_io_rad:data_derived:091_e4i007tr_s16_s17_l3_d_converted_spectra_zamama_v01::1.0
P,urn:nasa:pds:go_nims_io_rad:data_derived:060_c3i002tr_s1_s2_l18_d_converted_spectra_ot_patera_v01::1.0
P,urn:nasa:pds:go_nims_io_rad:data_derived:180_e6i002tr_s6_s7_l14_d_converted_spectra_tol-ava_patera_region_v01::1.0
P,urn:nasa:pds:go_nims_io_rad:data_derived:211_g8i001tr_s13_s14_l1_d_converted_spectra_amirani_v01::1.0
P,urn:nasa:pds:go_nims_io_rad:data_derived:517_27i004tr_s19_s20_l105_d_converted_spectra_isum_patera_v01::1.0
P,urn:nasa:pds:go_nims_io_rad:data_derived:088_e4i016tr_s16_s17_l21_d_converted_spectra_shamshu_patera_region_v01::1.0
P,urn:nasa:pds:go_nims_io_rad:data_derived:109_e4i006tr_s7_s8_l22_d_converted_spectra_ulgen_patera_v01::1.0
P,urn:nasa:pds:go_nims_io_rad:data_derived:237_g8i004tr_s15_s16_l4_d_converted_spectra_marduk_fluctus_v01::1.0
P,urn:nasa:pds:go_nims_io_rad:data_derived:040_g2i004tr_s6_s7_l26_d_converted_spectra_ulgen_patera-babbar_patera_region_v01::1.0
P,urn:nasa:pds:go_nims_io_rad:data_derived:032_g2i004tr_s12_s13_l5_d_converted_spectra_zamama_v01::1.0
P,urn:nasa:pds:go_nims_io_rad:data_derived:273_c9i009tr_s12_s13_l94_d_converted_spectra_janus_patera_and-or_kanehekili_5_v01::1.0
P,urn:nasa:pds:go_nims_io_rad:data_derived:404_14i001tr_s9_s10_l108_d_converted_spectra_tupan_patera_v01::1.0
P,urn:nasa:pds:go_nims_io_rad:data_derived:465_16i001tr_s8_s9_l19_d_converted_spectra_zamama_v01::1.0
P,urn:nasa:pds:go_nims_io_rad:data_derived:450_15i005tr_s5_s6_l84_d_converted_spectra_prometheus_v01::1.0
P,urn:nasa:pds:go_nims_io_rad:data_derived:044_g2i003tr_s7_s8_l9_d_converted_spectra_babbar_patera_v01::1.0
P,urn:nasa:pds:go_nims_io_rad:data_derived:119_e4i022tr_s12_s13_l24_d_converted_spectra_loki_patera_v01::1.0
P,urn:nasa:pds:go_nims_io_rad:data_derived:161_e6i001tr_s13_s14_l23_d_converted_spectra_sigurd_patera-itzamna_patera_region_v01::1.0
P,urn:nasa:pds:go_nims_io_rad:data_derived:230_g8i015tr_s12_s13_l1_d_converted_spectra_marduk_fluctus_v01::1.0
P,urn:nasa:pds:go_nims_io_rad:data_derived:143_e4i026tr_s12_s13_l20_d_converted_spectra_loki_patera_v01::1.0
P,urn:nasa:pds:go_nims_io_rad:data_derived:472_21i001tr_s4_s5_l18_d_converted_spectra_arinna_fluctus_v01::1.0
P,urn:nasa:pds:go_nims_io_rad:data_derived:022_g2i002tr_s13_s12_l12_d_converted_spectra_zamama_v01::1.0
P,urn:nasa:pds:go_nims_io_rad:data_derived:093_e4i007tr_s17_s18_l15_d_converted_spectra_isum_patera_v01::1.0
P,urn:nasa:pds:go_nims_io_rad:data_derived:309_10i005tr_s5_s6_l10_d_converted_spectra_aidne_patera_v01::1.0
P,urn:nasa:pds:go_nims_io_rad:data_derived:122_e4i022tr_s11_s12_l27_d_converted_spectra_ruwa_patera_region_v01::1.0
P,urn:nasa:pds:go_nims_io_rad:data_derived:507_26i001tr_s7_s8_l839_d_converted_spectra_susanoo_patera-mulungu_patera_region_v01::1.0
P,urn:nasa:pds:go_nims_io_rad:data_derived:581_32i008tr_s11_s12_l500_d_converted_spectra_lei-kung_fluctus_v01::1.0
P,urn:nasa:pds:go_nims_io_rad:data_derived:596_32i008tr_s9_s10_l3706_d_converted_spectra_rata_patera_v01::1.0
P,urn:nasa:pds:go_nims_io_rad:data_derived:448_15i005tr_s8_s9_l81_d_converted_spectra_culann_v01::1.0
P,urn:nasa:pds:go_nims_io_rad:data_derived:058_c3i001tr_s9_s10_l24_d_converted_spectra_hi-iaka_patera_v01::1.0
P,urn:nasa:pds:go_nims_io_rad:data_derived:149_e4i027tr_s10_s11_l31_d_converted_spectra_ruwa_patera_v01::1.0
P,urn:nasa:pds:go_nims_io_rad:data_derived:406_15i501tr_s8_s9_l13_d_converted_spectra_zamama_v01::1.0
P,urn:nasa:pds:go_nims_io_rad:data_derived:370_11i007tr_s9_s10_l8_d_converted_spectra_marduk_fluctus_v01::1.0
P,urn:nasa:pds:go_nims_io_rad:data_derived:099_e4i007tr_s14_s15_l36_d_converted_spectra_daedalus_patera_v01::1.0
P,urn:nasa:pds:go_nims_io_rad:data_derived:469_16i002tr_s11_s12_l20_d_converted_spectra_culann-tupan_patera_region_v01::1.0
P,urn:nasa:pds:go_nims_io_rad:data_derived:532_30i002tr_s16_s17_l107_d_converted_spectra_janus_patera_v01::1.0
P,urn:nasa:pds:go_nims_io_rad:data_derived:558_31i005tr_s8_s9_l2437_d_converted_spectra_tien_mu_patera_v01::1.0
P,urn:nasa:pds:go_nims_io_rad:data_derived:285_c9i005tr_s9_s10_l3_d_converted_spectra_marduk_fluctus_v01::1.0
P,urn:nasa:pds:go_nims_io_rad:data_derived:043_g2i003tr_s10_s11_l6_d_converted_spectra_loki_patera_v01::1.0
P,urn:nasa:pds:go_nims_io_rad:data_derived:421_15i501tr_s8_s9_l62_d_converted_spectra_amirani_v01::1.0
P,urn:nasa:pds:go_nims_io_rad:data_derived:492_24i019tr_s2_s3_l1040_d_converted_spectra_wabasso_patera_2_v01::1.0
P,urn:nasa:pds:go_nims_io_rad:data_derived:202_g7i004tr_s14_s15_l8_d_converted_spectra_ulgen_patera_v01::1.0
P,urn:nasa:pds:go_nims_io_rad:data_derived:051_c3i001tr_s7_s8_l13_d_converted_spectra_tupan_patera_v01::1.0
P,urn:nasa:pds:go_nims_io_rad:data_derived:461_16i001tr_s7_s8_l14_d_converted_spectra_isum_patera-susanoo_patera_region_v01::1.0
P,urn:nasa:pds:go_nims_io_rad:data_derived:580_32i008tr_s14_s15_l404_d_converted_spectra_isum_patera_v01::1.0
P,urn:nasa:pds:go_nims_io_rad:data_derived:310_10i005tr_s9_s10_l12_d_converted_spectra_zamama_v01::1.0
P,urn:nasa:pds:go_nims_io_rad:data_derived:303_10i007tr_s15_s16_l1_d_converted_spectra_monan_patera_v01::1.0
P,urn:nasa:pds:go_nims_io_rad:data_derived:374_12i001tr_s13_s14_l19_d_converted_spectra_gish_bar_patera_v01::1.0
P,urn:nasa:pds:go_nims_io_rad:data_derived:571_31i005tr_s14_s15_l4242_d_converted_spectra_malik_patera_v01::1.0
P,urn:nasa:pds:go_nims_io_rad:data_derived:011_g2i001tr_s9_s10_l12_d_converted_spectra_prometheus_v01::1.0
P,urn:nasa:pds:go_nims_io_rad:data_derived:348_11i003tr_s8_s9_l8_d_converted_spectra_malik_patera_v01::1.0
P,urn:nasa:pds:go_nims_io_rad:data_derived:352_11i009tr_s8_s9_l8_d_converted_spectra_tupan_patera_v01::1.0
P,urn:nasa:pds:go_nims_io_rad:data_derived:579_31i007tr_s10_s11_l190_d_converted_spectra_lei_kung_fluctus_v01::1.0
P,urn:nasa:pds:go_nims_io_rad:data_derived:402_14i001tr_s10_s11_l105_d_converted_spectra_culann_patera_v01::1.0
P,urn:nasa:pds:go_nims_io_rad:data_derived:566_31i005tr_s14_s15_l3879_d_converted_spectra_itzamna_patera_v01::1.0
P,urn:nasa:pds:go_nims_io_rad:data_derived:298_10i001tr_s11_s12_l11_d_converted_spectra_tawhaki_patera-hi-iaka_patera_region_v01::1.0
P,urn:nasa:pds:go_nims_io_rad:data_derived:184_g7i002tr_s12_s13_l15_d_converted_spectra_amirani_v01::1.0
P,urn:nasa:pds:go_nims_io_rad:data_derived:239_g8i011tr_s15_s16_l3_d_converted_spectra_pele_v01::1.0
P,urn:nasa:pds:go_nims_io_rad:data_derived:010_g2i001tr_s8_s9_l10_d_converted_spectra_aidne_patera_v01::1.0
P,urn:nasa:pds:go_nims_io_rad:data_derived:361_11i006tr_s12_s13_l7_d_converted_spectra_zamama_region_v01::1.0
P,urn:nasa:pds:go_nims_io_rad:data_derived:226_g8i007tr_s15_s16_l6_d_converted_spectra_culann_region_v01::1.0
P,urn:nasa:pds:go_nims_io_rad:data_derived:117_e4i021tr_s10_s11_l29_d_converted_spectra_ruwa_patera-kanehekili_region_v01::1.0
P,urn:nasa:pds:go_nims_io_rad:data_derived:416_15i501tr_s13_s14_l51_d_converted_spectra_culann_patera_v01::1.0
P,urn:nasa:pds:go_nims_io_rad:data_derived:531_30i002tr_s17_s18_l90_d_converted_spectra_shamshu_patera_v01::1.0
P,urn:nasa:pds:go_nims_io_rad:data_derived:242_g8i018tr_s11_s12_l12_d_converted_spectra_pillan_v01::1.0
P,urn:nasa:pds:go_nims_io_rad:data_derived:393_14i001tr_s9_s10_l68_d_converted_spectra_pele_v01::1.0
P,urn:nasa:pds:go_nims_io_rad:data_derived:136_e4i025tr_s8_s9_l11_d_converted_spectra_aten_patera_region_v01::1.0
P,urn:nasa:pds:go_nims_io_rad:data_derived:385_14i001tr_s19_s20_l15_d_converted_spectra_pillan_v01::1.0
P,urn:nasa:pds:go_nims_io_rad:data_derived:155_e6i001tr_s10_s11_l14_d_converted_spectra_arinna_fluctus_v01::1.0
P,urn:nasa:pds:go_nims_io_rad:data_derived:481_21i004tr_s10_s11_l59_d_converted_spectra_tupan_patera-tube_only_v01::1.0
P,urn:nasa:pds:go_nims_io_rad:data_derived:332_10i002tr_s7_s8_l12_d_converted_spectra_rata_patera_v01::1.0
P,urn:nasa:pds:go_nims_io_rad:data_derived:294_c9i002tr_s8_s9_l1_d_converted_spectra_marduk_fluctus_v01::1.0
P,urn:nasa:pds:go_nims_io_rad:data_derived:398_14i001tr_s10_s11_l87_d_converted_spectra_marduk_fluctus_v01::1.0
P,urn:nasa:pds:go_nims_io_rad:data_derived:097_e4i007tr_s7_s8_l30_d_converted_spectra_pele_v01::1.0
P,urn:nasa:pds:go_nims_io_rad:data_derived:568_31i005tr_s17_s18_l4007_d_converted_spectra_p223_v01::1.0
P,urn:nasa:pds:go_nims_io_rad:data_derived:049_c3i001tr_s6_s7_l8_d_converted_spectra_culann_v01::1.0
P,urn:nasa:pds:go_nims_io_rad:data_derived:254_c9i004tr_s11_s12_l11_d_converted_spectra_kanehekili_v01::1.0
P,urn:nasa:pds:go_nims_io_rad:data_derived:590_32i008tr_s17_s18_l1508_d_converted_spectra_amirani-southern_portion_v01::1.0
P,urn:nasa:pds:go_nims_io_rad:data_derived:357_11i005tr_s9_s10_l9_d_converted_spectra_culann-wabasso_patera_region_v01::1.0
P,urn:nasa:pds:go_nims_io_rad:data_derived:353_11i009tr_s8_s9_l10_d_converted_spectra_malik_patera_v01::1.0
P,urn:nasa:pds:go_nims_io_rad:data_derived:096_e4i007tr_s9_s10_l27_d_converted_spectra_sw_of_pillan_v01::1.0
P,urn:nasa:pds:go_nims_io_rad:data_derived:241_g8i018tr_s9_s10_l8_d_converted_spectra_susanoo_patera-isum_patera_region_v01::1.0
P,urn:nasa:pds:go_nims_io_rad:data_derived:484_22i001tr_s12_s13_l17_d_converted_spectra_pele_v01::1.0
P,urn:nasa:pds:go_nims_io_rad:data_derived:129_e4i024tr_s7_s8_l24_d_converted_spectra_aten_patera_region_v01::1.0
P,urn:nasa:pds:go_nims_io_rad:data_derived:322_10i005tr_s18_s19_l65_d_converted_spectra_maui_patera_v01::1.0
P,urn:nasa:pds:go_nims_io_rad:data_derived:567_31i005tr_s7_s8_l3922_d_converted_spectra_sigurd_patera_v01::1.0
P,urn:nasa:pds:go_nims_io_rad:data_derived:160_e6i001tr_s16_s17_l21_d_converted_spectra_arusha_patera-altjirra_patera_region_v01::1.0
P,urn:nasa:pds:go_nims_io_rad:data_derived:203_g7i004tr_s15_s16_l11_d_converted_spectra_babbar_patera_v01::1.0
P,urn:nasa:pds:go_nims_io_rad:data_derived:449_15i005tr_s11_s12_l81_d_converted_spectra_shamash_patera_v01::1.0
P,urn:nasa:pds:go_nims_io_rad:data_derived:221_g8i010tr_s13_s14_l2_d_converted_spectra_zamama_region_v01::1.0
P,urn:nasa:pds:go_nims_io_rad:data_derived:537_30i002tr_s13_s14_l239_d_converted_spectra_laki-oi_patera_or_spill-over_from_c30a_v01::1.0
P,urn:nasa:pds:go_nims_io_rad:data_derived:037_g2i004tr_s13_s14_l16_d_converted_spectra_mulungu_patera_and-or_susanoo_patera_v01::1.0
P,urn:nasa:pds:go_nims_io_rad:data_derived:259_c9i008tr_s11_s12_l135_d_converted_spectra_janus_patera_and-or_kanehekili_8_v01::1.0
P,urn:nasa:pds:go_nims_io_rad:data_derived:591_32i008tr_s19_s20_l1980_d_converted_spectra_marduk_fluctus_v01::1.0
P,urn:nasa:pds:go_nims_io_rad:data_derived:255_c9i004tr_s10_s11_l34_d_converted_spectra_loki_patera_v01::1.0
P,urn:nasa:pds:go_nims_io_rad:data_derived:485_24i018tr_s10_s11_l635_d_converted_spectra_sobo_fluctus_v01::1.0
P,urn:nasa:pds:go_nims_io_rad:data_derived:437_15i005tr_s18_s19_l16_d_converted_spectra_marduk_fluctus_v01::1.0
P,urn:nasa:pds:go_nims_io_rad:data_derived:444_15i005tr_s12_s13_l40_d_converted_spectra_camaxtli_patera_region_v01::1.0
P,urn:nasa:pds:go_nims_io_rad:data_derived:047_c3i001tr_s12_s13_l4_d_converted_spectra_isum_patera_v01::1.0
P,urn:nasa:pds:go_nims_io_rad:data_derived:527_30i002tr_s7_s8_l48_d_converted_spectra_tvashtar_paterae_v01::1.0
P,urn:nasa:pds:go_nims_io_rad:data_derived:381_12i001tr_s6_s7_l45_d_converted_spectra_malik_patera_v01::1.0
P,urn:nasa:pds:go_nims_io_rad:data_derived:231_g8i015tr_s9_s10_l2_d_converted_spectra_isum_patera-susanoo_patera_region_v01::1.0
P,urn:nasa:pds:go_nims_io_rad:data_derived:490_24i019tr_s13_s14_l421_d_converted_spectra_isum_patera_1_v01::1.0
P,urn:nasa:pds:go_nims_io_rad:data_derived:335_11i001tr_s10_s11_l8_d_converted_spectra_hi-iaka_patera_region_v01::1.0
P,urn:nasa:pds:go_nims_io_rad:data_derived:192_g7i005tr_s12_s13_l20_d_converted_spectra_pillan_patera-reiden_region_v01::1.0
P,urn:nasa:pds:go_nims_io_rad:data_derived:050_c3i001tr_s8_s9_l10_d_converted_spectra_prometheus_v01::1.0
P,urn:nasa:pds:go_nims_io_rad:data_derived:457_15i005tr_s15_s16_l120_d_converted_spectra_culann_v01::1.0
P,urn:nasa:pds:go_nims_io_rad:data_derived:165_e6i003tr_s12_s13_l11_d_converted_spectra_pillan_patera-reiden_patera_region_v01::1.0
P,urn:nasa:pds:go_nims_io_rad:data_derived:384_12i001tr_s9_s10_l50_d_converted_spectra_sigurd_patera_or_itzamna_patera_v01::1.0
P,urn:nasa:pds:go_nims_io_rad:data_derived:218_g8i002tr_s13_s14_l4_d_converted_spectra_amirani_v01::1.0
P,urn:nasa:pds:go_nims_io_rad:data_derived:185_g7i005tr_s10_s11_l5_d_converted_spectra_prometheus_v01::1.0
P,urn:nasa:pds:go_nims_io_rad:data_derived:133_e4i024tr_s10_s11_l28_d_converted_spectra_ruwa_patera_region_v01::1.0
P,urn:nasa:pds:go_nims_io_rad:data_derived:330_10i002tr_s16_s17_l10_d_converted_spectra_isum_patera_v01::1.0
P,urn:nasa:pds:go_nims_io_rad:data_derived:375_12i001tr_s8_s9_l20_d_converted_spectra_tupan_patera_v01::1.0
P,urn:nasa:pds:go_nims_io_rad:data_derived:176_e6i002tr_s10_s11_l4_d_converted_spectra_264_w_52_n-unnamed_v01::1.0
P,urn:nasa:pds:go_nims_io_rad:data_derived:373_12i001tr_s13_s14_l16_d_converted_spectra_amirani_v01::1.0
P,urn:nasa:pds:go_nims_io_rad:data_derived:059_c3i001tr_s9_s10_l6_d_converted_spectra_aidne_patera_v01::1.0
P,urn:nasa:pds:go_nims_io_rad:data_derived:238_g8i011tr_s14_s15_l1_d_converted_spectra_pillan_v01::1.0
P,urn:nasa:pds:go_nims_io_rad:data_derived:515_27i004tr_s10_s11_l91_d_converted_spectra_ot_patera_v01::1.0
P,urn:nasa:pds:go_nims_io_rad:data_derived:295_c9i002tr_s9_s10_l5_d_converted_spectra_pillan_v01::1.0
P,urn:nasa:pds:go_nims_io_rad:data_derived:045_g2i003tr_s10_s11_l10_d_converted_spectra_daedalus_patera_v01::1.0
P,urn:nasa:pds:go_nims_io_rad:data_derived:056_c3i001tr_s14_s15_l21_d_converted_spectra_zal_patera_v01::1.0
P,urn:nasa:pds:go_nims_io_rad:data_derived:290_c9i005tr_s9_s10_l11_d_converted_spectra_culann_v01::1.0
P,urn:nasa:pds:go_nims_io_rad:data_derived:215_g8i009tr_s13_s14_l5_d_converted_spectra_amirani_v01::1.0
P,urn:nasa:pds:go_nims_io_rad:data_derived:410_15i501tr_s14_s15_l20_d_converted_spectra_malik_patera_v01::1.0
P,urn:nasa:pds:go_nims_io_rad:data_derived:035_g2i004tr_s7_s8_l15_d_converted_spectra_marduk_fluctus_v01::1.0
P,urn:nasa:pds:go_nims_io_rad:data_derived:468_16i001tr_s10_s11_l20_d_converted_spectra_prometheus_v01::1.0
P,urn:nasa:pds:go_nims_io_rad:data_derived:475_21i001tr_s8_s9_l45_d_converted_spectra_amirani-mid_and_northern_flow_field_v01::1.0
P,urn:nasa:pds:go_nims_io_rad:data_derived:262_c9i008tr_s12_s12_l194_d_converted_spectra_janus_patera_and-or_kanehekili_10_v01::1.0
P,urn:nasa:pds:go_nims_io_rad:data_derived:020_g2i002tr_s8_s9_l10_d_converted_spectra_culann_v01::1.0
P,urn:nasa:pds:go_nims_io_rad:data_derived:577_31i005tr_s7_s8_l5364_d_converted_spectra_masubi_fluctus_v01::1.0
P,urn:nasa:pds:go_nims_io_rad:data_derived:159_e6i001tr_s10_s11_l20_d_converted_spectra_amirani_v01::1.0
P,urn:nasa:pds:go_nims_io_rad:data_derived:100_e4i007tr_s4_s5_l15_d_converted_spectra_kurdalagon_patera_v01::1.0
P,urn:nasa:pds:go_nims_io_rad:data_derived:407_15i501tr_s13_s14_l14_d_converted_spectra_culann_patera_v01::1.0
P,urn:nasa:pds:go_nims_io_rad:data_derived:227_g8i007tr_s13_s14_l7_d_converted_spectra_zamama_region_v01::1.0
P,urn:nasa:pds:go_nims_io_rad:data_derived:170_e6i003tr_s7_s8_l28_d_converted_spectra_culann_v01::1.0
P,urn:nasa:pds:go_nims_io_rad:data_derived:054_c3i001tr_s5_s6_l18_d_converted_spectra_altjirra_patera_v01::1.0
P,urn:nasa:pds:go_nims_io_rad:data_derived:269_c9i009tr_s11_s12_l52_d_converted_spectra_janus_patera_and-or_kanehekili_3_v01::1.0
P,urn:nasa:pds:go_nims_io_rad:data_derived:311_10i005tr_s2_s3_l15_d_converted_spectra_culann_v01::1.0
P,urn:nasa:pds:go_nims_io_rad:data_derived:432_15i501tr_s8_s9_l99_d_converted_spectra_amirani_v01::1.0
P,urn:nasa:pds:go_nims_io_rad:data_derived:355_11i005tr_s10_s11_l9_d_converted_spectra_prometheus_v01::1.0
P,urn:nasa:pds:go_nims_io_rad:data_derived:534_30i002tr_s1_s2_l194_d_converted_spectra_amirani_v01::1.0
P,urn:nasa:pds:go_nims_io_rad:data_derived:029_g2i004tr_s8_s9_l1_d_converted_spectra_tupan_patera_v01::1.0
P,urn:nasa:pds:go_nims_io_rad:data_derived:467_16i002tr_s9_s10_l20_d_converted_spectra_zamama_v01::1.0
P,urn:nasa:pds:go_nims_io_rad:data_derived:536_30i002tr_s13_s14_l225_d_converted_spectra_c30a-tejeto_v01::1.0
P,urn:nasa:pds:go_nims_io_rad:data_derived:565_31i005tr_s3_s4_l3704_d_converted_spectra_emakong_patera_v01::1.0
P,urn:nasa:pds:go_nims_io_rad:data_derived:491_24i019tr_s7_s8_l882_d_converted_spectra_aidne_patera_v01::1.0
P,urn:nasa:pds:go_nims_io_rad:data_derived:158_e6i001tr_s12_s13_l19_d_converted_spectra_emakong_patera-seth_patera_region_v01::1.0
P,urn:nasa:pds:go_nims_io_rad:data_derived:399_14i001tr_s16_s17_l87_d_converted_spectra_gabija_patera_v01::1.0
P,urn:nasa:pds:go_nims_io_rad:data_derived:519_27i004tr_s10_s11_l138_d_converted_spectra_aidne_patera_v01::1.0
P,urn:nasa:pds:go_nims_io_rad:data_derived:107_e4i006tr_s11_s12_l10_d_converted_spectra_daedalus_patera_v01::1.0
P,urn:nasa:pds:go_nims_io_rad:data_derived:251_g8i013tr_s14_s15_l4_d_converted_spectra_acala-tol-ava_patera_region_v01::1.0
P,urn:nasa:pds:go_nims_io_rad:data_derived:418_15i501tr_s11_s12_l54_d_converted_spectra_prometheus_v01::1.0
P,urn:nasa:pds:go_nims_io_rad:data_derived:064_c3i002tr_s6_s7_l33_d_converted_spectra_zamama_v01::1.0
P,urn:nasa:pds:go_nims_io_rad:data_derived:116_e4i021tr_s9_s10_l27_d_converted_spectra_masaya_patera_region_v01::1.0
P,urn:nasa:pds:go_nims_io_rad:data_derived:433_15i501tr_s6_s7_l101_d_converted_spectra_zal_patera_v01::1.0
P,urn:nasa:pds:go_nims_io_rad:data_derived:055_c3i001tr_s8_s9_l21_d_converted_spectra_sigurd_patera_v01::1.0
P,urn:nasa:pds:go_nims_io_rad:data_derived:493_24i019tr_s14_s15_l1159_d_converted_spectra_p62_v01::1.0
P,urn:nasa:pds:go_nims_io_rad:data_derived:434_15i501tr_s13_s14_l101_d_converted_spectra_sigurd_patera-itzamana_patera_region_v01::1.0
P,urn:nasa:pds:go_nims_io_rad:data_derived:462_16i002tr_s7_s8_l14_d_converted_spectra_isum_patera-susanoo_patera_region_v01::1.0
P,urn:nasa:pds:go_nims_io_rad:data_derived:279_c9i001tr_s11_s12_l7_d_converted_spectra_prometheus_v01::1.0
P,urn:nasa:pds:go_nims_io_rad:data_derived:523_29i002tr_s11_s12_l88_d_converted_spectra_shamshu_patera_region_v01::1.0
P,urn:nasa:pds:go_nims_io_rad:data_derived:163_e6i003tr_s16_s17_l4_d_converted_spectra_babbar_patera-ulgen_patera_region_v01::1.0
P,urn:nasa:pds:go_nims_io_rad:data_derived:477_21i001tr_s14_s15_l54_d_converted_spectra_zal_patera_v01::1.0
P,urn:nasa:pds:go_nims_io_rad:data_derived:248_g8i006tr_s14_s15_l4_d_converted_spectra_loki_patera_v01::1.0
P,urn:nasa:pds:go_nims_io_rad:data_derived:141_e4i026tr_s8_s9_l18_d_converted_spectra_aten_patera_region_v01::1.0
P,urn:nasa:pds:go_nims_io_rad:data_derived:138_e4i025tr_s12_s13_l12_d_converted_spectra_loki_patera_v01::1.0
P,urn:nasa:pds:go_nims_io_rad:data_derived:516_27i004tr_s15_s16_l92_d_converted_spectra_mulungu_patera_v01::1.0
P,urn:nasa:pds:go_nims_io_rad:data_derived:403_14i001tr_s13_s14_l106_d_converted_spectra_malik_patera_v01::1.0
P,urn:nasa:pds:go_nims_io_rad:data_derived:359_11i006tr_s12_s13_l4_d_converted_spectra_isum_patera-lei-kung_fluctus_region_v01::1.0
P,urn:nasa:pds:go_nims_io_rad:data_derived:439_15i005tr_s15_s16_l28_d_converted_spectra_aidne_patera_v01::1.0
P,urn:nasa:pds:go_nims_io_rad:data_derived:188_g7i005tr_s7_s8_l13_d_converted_spectra_isum_patera_v01::1.0
P,urn:nasa:pds:go_nims_io_rad:data_derived:602_32i008tr_s6_s7_l4307_d_converted_spectra_p117_v01::1.0
P,urn:nasa:pds:go_nims_io_rad:data_derived:535_30i002tr_s2_s3_l213_d_converted_spectra_gish_bar_patera_v01::1.0
P,urn:nasa:pds:go_nims_io_rad:data_derived:323_10i006tr_s9_s10_l21_d_converted_spectra_malik_patera_v01::1.0
P,urn:nasa:pds:go_nims_io_rad:data_derived:271_c9i009tr_s12_s13_l73_d_converted_spectra_janus_patera_and-or_kanehekili_4_v01::1.0
P,urn:nasa:pds:go_nims_io_rad:data_derived:508_26i001tr_s6_s7_l886_d_converted_spectra_isum_patera_v01::1.0
P,urn:nasa:pds:go_nims_io_rad:data_derived:453_15i005tr_s7_s8_l103_d_converted_spectra_mulungu_patera-susanoo_patera_region_v01::1.0
P,urn:nasa:pds:go_nims_io_rad:data_derived:092_e4i007tr_s7_s8_l14_d_converted_spectra_marduk_fluctus_v01::1.0
P,urn:nasa:pds:go_nims_io_rad:data_derived:564_31i005tr_s11_s12_l3595_d_converted_spectra_p95_v01::1.0
P,urn:nasa:pds:go_nims_io_rad:data_derived:120_e4i022tr_s11_s12_l25_d_converted_spectra_tol-ava_patera_v01::1.0
P,urn:nasa:pds:go_nims_io_rad:data_derived:086_e4i015tr_s16_s17_l12_d_converted_spectra_shamshu_patera_region_v01::1.0
P,urn:nasa:pds:go_nims_io_rad:data_derived:265_c9i009tr_s10_s11_l15_d_converted_spectra_hi-iaka_patera-tawhaki_patera_region_v01::1.0
P,urn:nasa:pds:go_nims_io_rad:data_derived:409_15i501tr_s13_s14_l19_d_converted_spectra_tupan_patera_v01::1.0
P,urn:nasa:pds:go_nims_io_rad:data_derived:036_g2i004tr_s10_s11_l15_d_converted_spectra_ot_patera_v01::1.0
P,urn:nasa:pds:go_nims_io_rad:data_derived:446_15i005tr_s8_s9_l64_d_converted_spectra_marduk_fluctus_v01::1.0
P,urn:nasa:pds:go_nims_io_rad:data_derived:424_15i501tr_s10_s11_l68_d_converted_spectra_tawhaki_patera-hi-iaka_patera_region_v01::1.0
P,urn:nasa:pds:go_nims_io_rad:data_derived:369_11i007tr_s13_s14_l7_d_converted_spectra_isum_patera_v01::1.0
P,urn:nasa:pds:go_nims_io_rad:data_derived:024_g2i002tr_s14_s15_l18_d_converted_spectra_isum_patera_v01::1.0
P,urn:nasa:pds:go_nims_io_rad:data_derived:137_e4i025tr_s13_s14_l11_d_converted_spectra_dazhbog_patera_v01::1.0
P,urn:nasa:pds:go_nims_io_rad:data_derived:483_21i004tr_s16_s17_l93_d_converted_spectra_itzamna_patera-tube_only_v01::1.0
P,urn:nasa:pds:go_nims_io_rad:data_derived:187_g7i005tr_s9_s8_l8_d_converted_spectra_zamama_v01::1.0
P,urn:nasa:pds:go_nims_io_rad:data_derived:344_11i008tr_s8_s9_l10_d_converted_spectra_malik_patera_v01::1.0
P,urn:nasa:pds:go_nims_io_rad:data_derived:073_c3i002tr_s4_s5_l78_d_converted_spectra_sethlaus_patera_v01::1.0
P,urn:nasa:pds:go_nims_io_rad:data_derived:053_c3i001tr_s13_s12_l17_d_converted_spectra_amirani_v01::1.0
P,urn:nasa:pds:go_nims_io_rad:data_derived:587_32i008tr_s17_s18_l1228_d_converted_spectra_p62_v01::1.0
P,urn:nasa:pds:go_nims_io_rad:data_derived:095_e4i007tr_s15_s16_l18_d_converted_spectra_mulungu_patera_v01::1.0
P,urn:nasa:pds:go_nims_io_rad:data_derived:002_g1i001tr_s9_s10_l3_d_converted_spectra_gish_bar_patera_region_v01::1.0
P,urn:nasa:pds:go_nims_io_rad:data_derived:006_g2i001tr_s8_s9_l3_d_converted_spectra_isum_v01::1.0
P,urn:nasa:pds:go_nims_io_rad:data_derived:497_24i019tr_s14_s15_l1707_d_converted_spectra_pillan_v01::1.0
P,urn:nasa:pds:go_nims_io_rad:data_derived:592_32i008tr_s2_s3_l2273_d_converted_spectra_donar_fluctus_v01::1.0
P,urn:nasa:pds:go_nims_io_rad:data_derived:589_32i008tr_s13_s14_l1408_d_converted_spectra_dusura_patera_v01::1.0
P,urn:nasa:pds:go_nims_io_rad:data_derived:395_14i001tr_s12_s13_l80_d_converted_spectra_wayland_patera_v01::1.0
P,urn:nasa:pds:go_nims_io_rad:data_derived:041_g2i005tr_s6_s7_l13_d_converted_spectra_babbar_patera_v01::1.0
P,urn:nasa:pds:go_nims_io_rad:data_derived:079_c3i002tr_s10_s11_l96_d_converted_spectra_tupan_patera_v01::1.0
P,urn:nasa:pds:go_nims_io_rad:data_derived:471_20i001tr_s11_s12_l19_d_converted_spectra_prometheus_v01::1.0
P,urn:nasa:pds:go_nims_io_rad:data_derived:588_32i008tr_s12_s13_l1277_d_converted_spectra_thor_v01::1.0
P,urn:nasa:pds:go_nims_io_rad:data_derived:234_g8i017tr_s12_s13_l1_d_converted_spectra_marduk_fluctus_v01::1.0
P,urn:nasa:pds:go_nims_io_rad:data_derived:181_g7i001tr_s15_s16_l9_d_converted_spectra_kanehekili_region_v01::1.0
P,urn:nasa:pds:go_nims_io_rad:data_derived:280_c9i001tr_s8_s9_l8_d_converted_spectra_shamash_patera_v01::1.0
P,urn:nasa:pds:go_nims_io_rad:data_derived:128_e4i024tr_s14_s15_l22_d_converted_spectra_dazhbog_patera_v01::1.0
P,urn:nasa:pds:go_nims_io_rad:data_derived:401_14i001tr_s1_s2_l104_d_converted_spectra_zamama_v01::1.0
P,urn:nasa:pds:go_nims_io_rad:data_derived:436_15i005tr_s11_s12_l14_d_converted_spectra_mulungu_patera-susanoo_patera_region_v01::1.0
P,urn:nasa:pds:go_nims_io_rad:data_derived:431_15i501tr_s9_s10_l96_d_converted_spectra_camaxtli_patera_region_v01::1.0
P,urn:nasa:pds:go_nims_io_rad:data_derived:005_g1i003tr_s13_s14_l18_d_converted_spectra_isum_patera-lei_kung_fluctus_region_v01::1.0
P,urn:nasa:pds:go_nims_io_rad:data_derived:526_30i002tr_s11_s12_l45_d_converted_spectra_amirani_v01::1.0
P,urn:nasa:pds:go_nims_io_rad:data_derived:556_31i005tr_s1_s2_l2320_d_converted_spectra_p62_1_v01::1.0
P,urn:nasa:pds:go_nims_io_rad:data_derived:390_14i001tr_s13_s14_l45_d_converted_spectra_zamama_v01::1.0
P,urn:nasa:pds:go_nims_io_rad:data_derived:131_e4i024tr_s11_s12_l25_d_converted_spectra_tol-ava_patera_v01::1.0
P,urn:nasa:pds:go_nims_io_rad:data_derived:307_10i005tr_s1_s2_l5_d_converted_spectra_marduk_fluctus_v01::1.0
P,urn:nasa:pds:go_nims_io_rad:data_derived:455_15i005tr_s10_s11_l116_d_converted_spectra_aidne_patera_v01::1.0
P,urn:nasa:pds:go_nims_io_rad:data_derived:112_e4i021tr_s7_s8_l22_d_converted_spectra_ulgen_patera-aten_patera_region_v01::1.0
P,urn:nasa:pds:go_nims_io_rad:data_derived:061_c3i002tr_s5_s6_l18_d_converted_spectra_mulungu_patera-susanoo_patera_region_v01::1.0
P,urn:nasa:pds:go_nims_io_rad:data_derived:182_g7i001tr_s14_s15_l13_d_converted_spectra_shamshu_patera_region_v01::1.0
P,urn:nasa:pds:go_nims_io_rad:data_derived:069_c3i002tr_s14_s15_l67_d_converted_spectra_ot_patera_v01::1.0
P,urn:nasa:pds:go_nims_io_rad:data_derived:413_15i501tr_s6_s7_l27_d_converted_spectra_zal_patera_v01::1.0
P,urn:nasa:pds:go_nims_io_rad:data_derived:193_g7i007tr_s7_s8_l4_d_converted_spectra_amaterasu_patera_v01::1.0
P,urn:nasa:pds:go_nims_io_rad:data_derived:351_11i009tr_s9_s10_l5_d_converted_spectra_culann-wabasso_patera-prometheus_region_v01::1.0
P,urn:nasa:pds:go_nims_io_rad:data_derived:072_c3i002tr_s7_s8_l75_d_converted_spectra_rata_patera_v01::1.0
P,urn:nasa:pds:go_nims_io_rad:data_derived:500_24i019tr_s7_s8_l2287_d_converted_spectra_gabija_patera-kurdalagon_region_v01::1.0
P,urn:nasa:pds:go_nims_io_rad:data_derived:435_15i002tr_s6_s7_l14_d_converted_spectra_prometheus_v01::1.0
P,urn:nasa:pds:go_nims_io_rad:data_derived:466_16i001tr_s11_s12_l19_d_converted_spectra_culann_and_tupan_patera_v01::1.0
P,urn:nasa:pds:go_nims_io_rad:data_derived:075_c3i002tr_s19_s20_l86_d_converted_spectra_zamama_v01::1.0
P,urn:nasa:pds:go_nims_io_rad:data_derived:156_e6i001tr_s14_s15_l16_d_converted_spectra_tupan_patera_v01::1.0
P,urn:nasa:pds:go_nims_io_rad:data_derived:329_10i002tr_s7_s8_l9_d_converted_spectra_marduk_fluctus_v01::1.0
P,urn:nasa:pds:go_nims_io_rad:data_derived:283_c9i001tr_s13_s14_l13_d_converted_spectra_amirani-monan_region_v01::1.0
P,urn:nasa:pds:go_nims_io_rad:data_derived:301_10i004tr_s10_s11_l9_d_converted_spectra_tawhaki_patera-hi-iaka_patera_region_v01::1.0
P,urn:nasa:pds:go_nims_io_rad:data_derived:003_g1i001tr_s9_s10_l4_d_converted_spectra_hi-iaka_patera-ekhi_patera_region_v01::1.0
P,urn:nasa:pds:go_nims_io_rad:data_derived:573_31i005tr_s3_s4_l4766_d_converted_spectra_shamash_patera_v01::1.0
P,urn:nasa:pds:go_nims_io_rad:data_derived:425_15i501tr_s11_s12_l84_d_converted_spectra_aidne_patera_v01::1.0
P,urn:nasa:pds:go_nims_io_rad:data_derived:368_11i007tr_s9_s10_l4_d_converted_spectra_pillan_v01::1.0
P,urn:nasa:pds:go_nims_io_rad:data_derived:504_26i001tr_s14_s15_l537_d_converted_spectra_pele_v01::1.0
P,urn:nasa:pds:go_nims_io_rad:data_derived:246_g8i012tr_s13_s14_l4_d_converted_spectra_loki_patera_v01::1.0
P,urn:nasa:pds:go_nims_io_rad:data_derived:189_g7i005tr_s13_s14_l14_d_converted_spectra_marduk_fluctus_v01::1.0
P,urn:nasa:pds:go_nims_io_rad:data_derived:586_32i008tr_s19_s20_l1193_d_converted_spectra_sobo_fluctus_v01::1.0
P,urn:nasa:pds:go_nims_io_rad:data_derived:090_e4i007tr_s12_s13_l2_d_converted_spectra_aidne_patera_v01::1.0
P,urn:nasa:pds:go_nims_io_rad:data_derived:489_24i019tr_s4_s5_l332_d_converted_spectra_ot_patera_v01::1.0
P,urn:nasa:pds:go_nims_io_rad:data_derived:443_15i005tr_s18_s19_l38_d_converted_spectra_tupan_patera_v01::1.0
P,urn:nasa:pds:go_nims_io_rad:data_derived:600_32i008tr_s5_s6_l4107_d_converted_spectra_wabasso_patera_v01::1.0
P,urn:nasa:pds:go_nims_io_rad:data_derived:247_g8i006tr_s14_s15_l1_d_converted_spectra_acala_fluctus_region_v01::1.0
P,urn:nasa:pds:go_nims_io_rad:data_derived:328_10i002tr_s14_s15_l7_d_converted_spectra_mulungu_patera_and-or_susanoo_patera_v01::1.0
P,urn:nasa:pds:go_nims_io_rad:data_derived:052_c3i001tr_s4_s5_l15_d_converted_spectra_malik_patera_v01::1.0
P,urn:nasa:pds:go_nims_io_rad:data_derived:460_15i005tr_s8_s9_l128_d_converted_spectra_camaxtli_patera_region_v01::1.0
P,urn:nasa:pds:go_nims_io_rad:data_derived:379_12i001tr_s10_s11_l39_d_converted_spectra_prometheus_v01::1.0
P,urn:nasa:pds:go_nims_io_rad:data_derived:539_30i002tr_s7_s8_l264_d_converted_spectra_janus_patera_v01::1.0
P,urn:nasa:pds:go_nims_io_rad:data_derived:473_21i001tr_s9_s10_l29_d_converted_spectra_thor_v01::1.0
P,urn:nasa:pds:go_nims_io_rad:data_derived:171_e6i003tr_s10_s11_l28_d_converted_spectra_aidne_patera_v01::1.0
P,urn:nasa:pds:go_nims_io_rad:data_derived:076_c3i002tr_s10_s11_l88_d_converted_spectra_wabasso_patera_v01::1.0
P,urn:nasa:pds:go_nims_io_rad:data_derived:153_e6i001tr_s14_s15_l11_d_converted_spectra_culann_v01::1.0
P,urn:nasa:pds:go_nims_io_rad:data_derived:458_15i005tr_s11_s12_l124_d_converted_spectra_prometheus_v01::1.0
P,urn:nasa:pds:go_nims_io_rad:data_derived:371_11i007tr_s8_s9_l10_d_converted_spectra_gabija_patera_v01::1.0
P,urn:nasa:pds:go_nims_io_rad:data_derived:396_14i001tr_s1_s2_l85_d_converted_spectra_mulungu_patera_v01::1.0
P,urn:nasa:pds:go_nims_io_rad:data_derived:345_11i003tr_s11_s12_l2_d_converted_spectra_zamama_and_prometheus_v01::1.0
P,urn:nasa:pds:go_nims_io_rad:data_derived:204_g7i004tr_s12_s13_l14_d_converted_spectra_pele_v01::1.0
P,urn:nasa:pds:go_nims_io_rad:data_derived:103_e4i004tr_s12_s13_l18_d_converted_spectra_loki_patera_v01::1.0
P,urn:nasa:pds:go_nims_io_rad:data_derived:400_14i001tr_s5_s6_l102_d_converted_spectra_aidne_patera_v01::1.0
P,urn:nasa:pds:go_nims_io_rad:data_derived:487_24i011tr_s10_s11_l12_d_converted_spectra_marduk_fluctus_v01::1.0
P,urn:nasa:pds:go_nims_io_rad:data_derived:331_10i002tr_s4_s5_l11_d_converted_spectra_gabija_patera_v01::1.0
P,urn:nasa:pds:go_nims_io_rad:data_derived:268_c9i009tr_s11_s12_l48_d_converted_spectra_acala_fluctus_3_v01::1.0
P,urn:nasa:pds:go_nims_io_rad:data_derived:423_15i501tr_s13_s14_l64_d_converted_spectra_sigurd_patera-itzamna_patera_region_v01::1.0
P,urn:nasa:pds:go_nims_io_rad:data_derived:603_32i008tr_s8_s9_l4454_d_converted_spectra_malik_patera_v01::1.0
P,urn:nasa:pds:go_nims_io_rad:data_derived:378_12i001tr_s8_s9_l39_d_converted_spectra_culann_v01::1.0
P,urn:nasa:pds:go_nims_io_rad:data_derived:511_27i004tr_s5_s6_l32_d_converted_spectra_surya_patera_region_v01::1.0
P,urn:nasa:pds:go_nims_io_rad:data_derived:313_10i005tr_s11_s12_l20_d_converted_spectra_arinna_fluctus_v01::1.0
P,urn:nasa:pds:go_nims_io_rad:data_derived:428_15i501tr_s11_s12_l90_d_converted_spectra_prometheus_v01::1.0
P,urn:nasa:pds:go_nims_io_rad:data_derived:278_c9i001tr_s9_s10_l6_d_converted_spectra_culann_v01::1.0
P,urn:nasa:pds:go_nims_io_rad:data_derived:080_e4i001tr_s15_s16_l10_d_converted_spectra_hi-iaka_patera_v01::1.0
P,urn:nasa:pds:go_nims_io_rad:data_derived:561_31i005tr_s13_s14_l3117_d_converted_spectra_north_of_tawhaki_patera_v01::1.0
P,urn:nasa:pds:go_nims_io_rad:data_derived:386_14i001tr_s12_s13_l25_d_converted_spectra_susanoo_patera-mulungu_patera_region_v01::1.0
P,urn:nasa:pds:go_nims_io_rad:data_derived:364_11i004tr_s10_s11_l4_d_converted_spectra_pillan_v01::1.0
P,urn:nasa:pds:go_nims_io_rad:data_derived:319_10i005tr_s8_s9_l57_d_converted_spectra_shamash_patera_v01::1.0
P,urn:nasa:pds:go_nims_io_rad:data_derived:121_e4i022tr_s8_s9_l26_d_converted_spectra_masaya_patera_region_v01::1.0
P,urn:nasa:pds:go_nims_io_rad:data_derived:575_31i005tr_s3_s4_l5169_d_converted_spectra_arusha_patera_v01::1.0
P,urn:nasa:pds:go_nims_io_rad:data_derived:028_g2i002tr_s9_s10_l24_d_converted_spectra_pele_and_reiden_v01::1.0
P,urn:nasa:pds:go_nims_io_rad:data_derived:124_e4i023tr_s12_s13_l24_d_converted_spectra_loki_patera_v01::1.0
P,urn:nasa:pds:go_nims_io_rad:data_derived:525_29i002tr_s9_s10_l362_d_converted_spectra_loki_patera_v01::1.0
P,urn:nasa:pds:go_nims_io_rad:data_derived:584_32i008tr_s6_s7_l1152_d_converted_spectra_tvashtar_paterae_v01::1.0
P,urn:nasa:pds:go_nims_io_rad:data_derived:205_g7i004tr_s11_s12_l16_d_converted_spectra_pillan_v01::1.0
P,urn:nasa:pds:go_nims_io_rad:data_derived:521_27i004tr_s9_s10_l216_d_converted_spectra_kurdalagon_patera_v01::1.0
P,urn:nasa:pds:go_nims_io_rad:data_derived:336_11i001tr_s9_s10_l10_d_converted_spectra_laki-oi_patera_v01::1.0
P,urn:nasa:pds:go_nims_io_rad:data_derived:217_g8i002tr_s14_s15_l2_d_converted_spectra_prometheus_v01::1.0
P,urn:nasa:pds:go_nims_io_rad:data_derived:447_15i005tr_s2_s3_l78_d_converted_spectra_zamama_v01::1.0
P,urn:nasa:pds:go_nims_io_rad:data_derived:267_c9i009tr_s11_s12_l32_d_converted_spectra_janus_patera_and-or_kanehekili_2_v01::1.0
P,urn:nasa:pds:go_nims_io_rad:data_derived:084_e4i014tr_s16_s17_l22_d_converted_spectra_shamshu_patera_region_v01::1.0
P,urn:nasa:pds:go_nims_io_rad:data_derived:066_c3i002tr_s1_s2_l41_d_converted_spectra_prometheus_v01::1.0
P,urn:nasa:pds:go_nims_io_rad:data_derived:510_27i001tr_s14_s15_l206_d_converted_spectra_p162_v01::1.0
P,urn:nasa:pds:go_nims_io_rad:data_derived:105_e4i005tr_s14_s15_l22_d_converted_spectra_dazhbog_patera_v01::1.0
P,urn:nasa:pds:go_nims_io_rad:data_derived:533_30i002tr_s18_s19_l115_d_converted_spectra_kanehekili_v01::1.0
P,urn:nasa:pds:go_nims_io_rad:data_derived:597_32i008tr_s13_s14_l3716_d_converted_spectra_gabija_patera_v01::1.0
P,urn:nasa:pds:go_nims_io_rad:data_derived:503_26i001tr_s17_s18_l292_d_converted_spectra_ulgen_patera_v01::1.0
P,urn:nasa:pds:go_nims_io_rad:data_derived:474_21i001tr_s8_s9_l36_d_converted_spectra_dusura_patera_v01::1.0
P,urn:nasa:pds:go_nims_io_rad:data_derived:363_11i006tr_s10_s11_l9_d_converted_spectra_prometheus_v01::1.0
P,urn:nasa:pds:go_nims_io_rad:data_derived:414_15i501tr_s13_s14_l28_d_converted_spectra_sigurd_patera-itzamna_patera_region_v01::1.0
P,urn:nasa:pds:go_nims_io_rad:data_derived:147_e4i027tr_s12_s13_l27_d_converted_spectra_loki_patera_v01::1.0
P,urn:nasa:pds:go_nims_io_rad:data_derived:078_c3i002tr_s14_s15_l93_d_converted_spectra_prometheus_v01::1.0
P,urn:nasa:pds:go_nims_io_rad:data_derived:454_15i005tr_s14_s15_l105_d_converted_spectra_marduk_fluctus_v01::1.0
P,urn:nasa:pds:go_nims_io_rad:data_derived:132_e4i024tr_s9_s10_l26_d_converted_spectra_masaya_patera_region_v01::1.0
P,urn:nasa:pds:go_nims_io_rad:data_derived:110_e4i006tr_s13_s14_l23_d_converted_spectra_loki_patera_region_v01::1.0
P,urn:nasa:pds:go_nims_io_rad:data_derived:366_11i004tr_s8_s9_l8_d_converted_spectra_marduk_fluctus_v01::1.0
P,urn:nasa:pds:go_nims_io_rad:data_derived:201_g7i004tr_s7_s8_l5_d_converted_spectra_amaterasu_patera_v01::1.0
P,urn:nasa:pds:go_nims_io_rad:data_derived:502_25i003tr_s3_s4_l5563_d_converted_spectra_p89_v01::1.0
P,urn:nasa:pds:go_nims_io_rad:data_derived:258_c9i008tr_s11_s12_l115_d_converted_spectra_janus_patera_and-or_kanehekili_7_v01::1.0
P,urn:nasa:pds:go_nims_io_rad:data_derived:595_32i008tr_s18_s19_l2872_d_converted_spectra_tupan_patera_v01::1.0
P,urn:nasa:pds:go_nims_io_rad:data_derived:101_e4i004tr_s14_s15_l14_d_converted_spectra_dazhbog_patetra_v01::1.0
P,urn:nasa:pds:go_nims_io_rad:data_derived:496_24i019tr_s12_s13_l1652_d_converted_spectra_pele_v01::1.0
P,urn:nasa:pds:go_nims_io_rad:data_derived:057_c3i001tr_s11_s12_l22_d_converted_spectra_gish_bar_patera_v01::1.0
P,urn:nasa:pds:go_nims_io_rad:data_derived:563_31i005tr_s6_s7_l3572_d_converted_spectra_seth_patera_v01::1.0
P,urn:nasa:pds:go_nims_io_rad:data_derived:151_e6i001tr_s12_s13_l8_d_converted_spectra_aidne_patera_v01::1.0
P,urn:nasa:pds:go_nims_io_rad:data_derived:419_15i501tr_s13_s14_l56_d_converted_spectra_tupan_patera_v01::1.0
P,urn:nasa:pds:go_nims_io_rad:data_derived:305_10i007tr_s18_s19_l2_d_converted_spectra_zal_patera_v01::1.0
P,urn:nasa:pds:go_nims_io_rad:data_derived:174_e6i002tr_s7_s8_l1_d_converted_spectra_pillan_region_v01::1.0
P,urn:nasa:pds:go_nims_io_rad:data_derived:235_g8i004tr_s15_s16_l1_d_converted_spectra_pillan_v01::1.0
P,urn:nasa:pds:go_nims_io_rad:data_derived:118_e4i022tr_s7_s8_l21_d_converted_spectra_ulgen_patera_region_v01::1.0
P,urn:nasa:pds:go_nims_io_rad:data_derived:387_14i001tr_s17_s18_l26_d_converted_spectra_ot_patera_v01::1.0
P,urn:nasa:pds:go_nims_io_rad:data_derived:175_e6i002tr_s6_s7_l3_d_converted_spectra_pele_v01::1.0
P,urn:nasa:pds:go_nims_io_rad:data_derived:257_c9i008tr_s11_s12_l94_d_converted_spectra_janus_patera_and-or_kanehekili_6_v01::1.0
P,urn:nasa:pds:go_nims_io_rad:data_derived:506_26i001tr_s16_s17_l820_d_converted_spectra_marduk_fluctus_v01::1.0
P,urn:nasa:pds:go_nims_io_rad:data_derived:062_c3i002tr_s10_s11_l26_d_converted_spectra_fo_patera_v01::1.0
P,urn:nasa:pds:go_nims_io_rad:data_derived:085_e4i014tr_s15_s16_l24_d_converted_spectra_sigurd_patera-hi-iaka_patera_region_v01::1.0
P,urn:nasa:pds:go_nims_io_rad:data_derived:585_32i008tr_s14_s15_l1177_d_converted_spectra_arinna_fluctus_v01::1.0
P,urn:nasa:pds:go_nims_io_rad:data_derived:593_32i008tr_s18_s19_l2634_d_converted_spectra_culann_v01::1.0
P,urn:nasa:pds:go_nims_io_rad:data_derived:598_32i008tr_s13_s14_l3763_d_converted_spectra_sethlaus_patera_v01::1.0
P,urn:nasa:pds:go_nims_io_rad:data_derived:415_15i501tr_s8_s9_l49_d_converted_spectra_zamama_v01::1.0
P,urn:nasa:pds:go_nims_io_rad:data_derived:445_15i005tr_s1_s2_l62_d_converted_spectra_mulungu_patera-susanoo_patera_region_v01::1.0
P,urn:nasa:pds:go_nims_io_rad:data_derived:212_g8i001tr_s14_s15_l3_d_converted_spectra_sigurd_patera-itzamna_patera_region_v01::1.0
P,urn:nasa:pds:go_nims_io_rad:data_derived:420_15i501tr_s15_s16_l57_d_converted_spectra_malik_patera_v01::1.0
P,urn:nasa:pds:go_nims_io_rad:data_derived:220_g8i010tr_s15_s16_l1_d_converted_spectra_culann_region_v01::1.0
P,urn:nasa:pds:go_nims_io_rad:data_derived:195_g7i007tr_s14_s15_l7_d_converted_spectra_ulgen_patera-babbar_patera_region_v01::1.0
P,urn:nasa:pds:go_nims_io_rad:data_derived:350_11i009tr_s12_s13_l8_d_converted_spectra_maui_patera_v01::1.0
P,urn:nasa:pds:go_nims_io_rad:data_derived:224_g8i003tr_s14_s15_l7_d_converted_spectra_prometheus-culann_patera_region_v01::1.0
P,urn:nasa:pds:go_nims_io_rad:data_derived:106_e4i005tr_s12_s13_l25_d_converted_spectra_loki_patera_v01::1.0
P,urn:nasa:pds:go_nims_io_rad:data_derived:068_c3i002tr_s11_s12_l60_d_converted_spectra_pillan_v01::1.0
P,urn:nasa:pds:go_nims_io_rad:data_derived:544_31i005tr_s11_s12_l1510_d_converted_spectra_zal_patera_v01::1.0
P,urn:nasa:pds:go_nims_io_rad:data_derived:135_e4i009tr_s6_s7_l13_d_converted_spectra_daedalus_patera_v01::1.0
P,urn:nasa:pds:go_nims_io_rad:data_derived:046_g2i006tr_s8_s9_l1_d_converted_spectra_pele_v01::1.0
P,urn:nasa:pds:go_nims_io_rad:data_derived:601_32i008tr_s9_s10_l4207_d_converted_spectra_shamash_patera-two_hot_spots_v01::1.0
P,urn:nasa:pds:go_nims_io_rad:data_derived:089_e4i016tr_s15_s16_l24_d_converted_spectra_sigurd_patera-hi-iaka_patera_region_v01::1.0
P,urn:nasa:pds:go_nims_io_rad:data_derived:065_c3i002tr_s7_s8_l33_d_converted_spectra_volund_v01::1.0
P,urn:nasa:pds:go_nims_io_rad:data_derived:362_11i006tr_s9_s10_l8_d_converted_spectra_culann_and-or_wabasso_patera_v01::1.0
P,urn:nasa:pds:go_nims_io_rad:data_derived:314_10i005tr_s2_s3_l23_d_converted_spectra_tupan_patera_v01::1.0
P,urn:nasa:pds:go_nims_io_rad:data_derived:438_15i005tr_s9_s10_l19_d_converted_spectra_isum_patera_v01::1.0
P,urn:nasa:pds:go_nims_io_rad:data_derived:464_16i002tr_s12_s13_l14_d_converted_spectra_marduk_fluctus_v01::1.0
P,urn:nasa:pds:go_nims_io_rad:data_derived:033_g2i004tr_s10_s11_l6_d_converted_spectra_aidne_patera_v01::1.0
P,urn:nasa:pds:go_nims_io_rad:data_derived:291_c9i005tr_s7_s8_l12_d_converted_spectra_radegast_patera_-_tohil_patera_region_v01::1.0
P,urn:nasa:pds:go_nims_io_rad:data_derived:270_c9i009tr_s11_s12_l69_d_converted_spectra_acala_fluctus_4_v01::1.0
P,urn:nasa:pds:go_nims_io_rad:data_derived:560_31i005tr_s13_s14_l2920_d_converted_spectra_p226_v01::1.0
P,urn:nasa:pds:go_nims_io_rad:data_derived:540_30i002tr_s9_s10_l265_d_converted_spectra_kanehekili_v01::1.0
P,urn:nasa:pds:go_nims_io_rad:data_derived:276_c9i007tr_s9_s10_l1_d_converted_spectra_sigurd_patera_v01::1.0
P,urn:nasa:pds:go_nims_io_rad:data_derived:459_15i005tr_s14_s15_l126_d_converted_spectra_tupan_patera_v01::1.0
P,urn:nasa:pds:go_nims_io_rad:data_derived:382_12i001tr_s13_s14_l46_d_converted_spectra_amirani_v01::1.0
P,urn:nasa:pds:go_nims_io_rad:data_derived:162_e6i003tr_s7_s8_l3_d_converted_spectra_daedalus_patera-shakuru_patera_v01::1.0
P,urn:nasa:pds:go_nims_io_rad:data_derived:296_c9i002tr_s12_s13_l9_d_converted_spectra_susanoo_patera.-isum_patera_v01::1.0
P,urn:nasa:pds:go_nims_io_rad:data_derived:063_c3i002tr_s1_s2_l33_d_converted_spectra_aidne_patera_v01::1.0
P,urn:nasa:pds:go_nims_io_rad:data_derived:067_c3i002tr_s10_s11_l58_d_converted_spectra_pele_v01::1.0
P,urn:nasa:pds:go_nims_io_rad:data_derived:528_30i002tr_s9_s10_l65_d_converted_spectra_zal_patera_v01::1.0
P,urn:nasa:pds:go_nims_io_rad:data_derived:027_g2i002tr_s9_s10_l23_d_converted_spectra_reiden_v01::1.0
P,urn:nasa:pds:go_nims_io_rad:data_derived:157_e6i001tr_s15_s16_l18_d_converted_spectra_malik_patera_v01::1.0
P,urn:nasa:pds:go_nims_io_rad:data_derived:039_g2i004tr_s8_s9_l25_d_converted_spectra_pele_v01::1.0
P,urn:nasa:pds:go_nims_io_rad:data_derived:144_e4i026tr_s10_s11_l23_d_converted_spectra_masaya_patera_region_v01::1.0
P,urn:nasa:pds:go_nims_io_rad:data_derived:094_e4i007tr_s11_s12_l17_d_converted_spectra_ot_patera_v01::1.0
P,urn:nasa:pds:go_nims_io_rad:data_derived:440_15i005tr_s10_s11_l29_d_converted_spectra_zamama_v01::1.0
P,urn:nasa:pds:go_nims_io_rad:data_derived:108_e4i006tr_s14_s15_l21_d_converted_spectra_dazhbog_patera_v01::1.0
P,urn:nasa:pds:go_nims_io_rad:data_derived:417_15i501tr_s15_s16_l53_d_converted_spectra_shamash_patera_v01::1.0
P,urn:nasa:pds:go_nims_io_rad:data_derived:014_g2i001tr_s10_s11_l17_d_converted_spectra_tupan_patera_v01::1.0
P,urn:nasa:pds:go_nims_io_rad:data_derived:081_e4i012tr_s15_s16_l2_d_converted_spectra_sigurd_patera_region_v01::1.0
P,urn:nasa:pds:go_nims_io_rad:data_derived:012_g2i001tr_s8_s9_l13_d_converted_spectra_culann_v01::1.0
P,urn:nasa:pds:go_nims_io_rad:data_derived:210_g8i008tr_s13_s14_l4_d_converted_spectra_sigurd-hi-iaka-gish_bar_region_v01::1.0
P,urn:nasa:pds:go_nims_io_rad:data_derived:013_g2i001tr_s13_s14_l13_d_converted_spectra_amirani_and_maui_patera_v01::1.0
P,urn:nasa:pds:go_nims_io_rad:data_derived:347_11i003tr_s8_s9_l6_d_converted_spectra_tupan_patera_v01::1.0
P,urn:nasa:pds:go_nims_io_rad:data_derived:287_c9i005tr_s11_s12_l6_d_converted_spectra_aidne_patera_v01::1.0
P,urn:nasa:pds:go_nims_io_rad:data_derived:451_15i005tr_s8_s9_l86_d_converted_spectra_tupan_patera_v01::1.0
P,urn:nasa:pds:go_nims_io_rad:data_derived:219_g8i002tr_s15_s16_l4_d_converted_spectra_tupan-malik_region_v01::1.0
P,urn:nasa:pds:go_nims_io_rad:data_derived:545_31i005tr_s15_s16_l1639_d_converted_spectra_maju_patera_v01::1.0
P,urn:nasa:pds:go_nims_io_rad:data_derived:479_21i003tr_s1_s2_l76_d_converted_spectra_gish_bar_patera_v01::1.0
P,urn:nasa:pds:go_nims_io_rad:data_derived:240_g8i018tr_s11_s12_l7_d_converted_spectra_marduk_fluctus_v01::1.0
P,urn:nasa:pds:go_nims_io_rad:data_derived:016_g2i002tr_s13_s14_l2_d_converted_spectra_monan-amirani_v01::1.0
P,urn:nasa:pds:go_nims_io_rad:data_derived:389_14i001tr_s9_s10_l31_d_converted_spectra_isum_patera_v01::1.0
P,urn:nasa:pds:go_nims_io_rad:data_derived:134_e4i009tr_s5_s6_l12_d_converted_spectra_loki_patera_v01::1.0
P,urn:nasa:pds:go_nims_io_rad:data_derived:123_e4i023tr_s13_s14_l23_d_converted_spectra_dazhbog_patera_v01::1.0
P,urn:nasa:pds:go_nims_io_rad:data_derived:548_31i005tr_s12_s13_l1860_d_converted_spectra_amirani_2_v01::1.0
P,urn:nasa:pds:go_nims_io_rad:data_derived:232_g8i016tr_s11_s12_l1_d_converted_spectra_pillan_v01::1.0
P,urn:nasa:pds:go_nims_io_rad:data_derived:604_32i008tr_s1_s2_l4524_d_converted_spectra_seth_patera_v01::1.0
P,urn:nasa:pds:go_nims_io_rad:data_derived:476_21i001tr_s6_s7_l52_d_converted_spectra_monan_patera_v01::1.0
P,urn:nasa:pds:go_nims_io_rad:data_derived:478_21i001tr_s4_s5_l69_d_converted_spectra_tawhaki_patetra_v01::1.0
P,urn:nasa:pds:go_nims_io_rad:data_derived:546_31i005tr_s18_s19_l1723_d_converted_spectra_maui_patera_v01::1.0
P,urn:nasa:pds:go_nims_io_rad:data_derived:599_32i008tr_s11_s12_l3989_d_converted_spectra_p128_v01::1.0
P,urn:nasa:pds:go_nims_io_rad:data_derived:190_g7i005tr_s8_s9_l15_d_converted_spectra_mulungu_patera_or_susanoo_patera_v01::1.0
P,urn:nasa:pds:go_nims_io_rad:data_derived:505_26i001tr_s12_s13_l627_d_converted_spectra_pillan_v01::1.0
P,urn:nasa:pds:go_nims_io_rad:data_derived:130_e4i024tr_s12_s13_l24_d_converted_spectra_loki_patera_v01::1.0
P,urn:nasa:pds:go_nims_io_rad:data_derived:216_g8i009tr_s15_s16_l5_d_converted_spectra_malik_patera-altjirra_patera_region_v01::1.0
P,urn:nasa:pds:go_nims_io_rad:data_derived:104_e4i005tr_s7_s8_l22_d_converted_spectra_ulgen_patera_v01::1.0
P,urn:nasa:pds:go_nims_io_rad:data_derived:260_c9i008tr_s11_s12_l168_d_converted_spectra_acala_fluctus_region_6_v01::1.0
P,urn:nasa:pds:go_nims_io_rad:data_derived:272_c9i009tr_s11_s12_l89_d_converted_spectra_acala_fluctus_5_v01::1.0
P,urn:nasa:pds:go_nims_io_rad:data_derived:299_10i001tr_s11_s12_l17_d_converted_spectra_tawhaki_patera-hi-iaka_patera_region_v01::1.0
P,urn:nasa:pds:go_nims_io_rad:data_derived:297_10i001tr_s12_s13_l7_d_converted_spectra_kanehekili_and_janus_v01::1.0
P,urn:nasa:pds:go_nims_io_rad:data_derived:383_12i001tr_s7_s8_l49_d_converted_spectra_altjirra_patera-arusha_patera_region_v01::1.0
P,urn:nasa:pds:go_nims_io_rad:data_derived:578_31i007tr_s13_s14_l120_d_converted_spectra_isum_patera_v01::1.0
P,urn:nasa:pds:go_nims_io_rad:data_derived:463_16i001tr_s12_s13_l14_d_converted_spectra_marduk_fluctus_v01::1.0
P,urn:nasa:pds:go_nims_io_rad:data_derived:074_c3i002tr_s15_s16_l85_d_converted_spectra_aidne_patera_v01::1.0
P,urn:nasa:pds:go_nims_io_rad:data_derived:338_11i002tr_s9_s10_l7_d_converted_spectra_tupan_patera-malik_patera_region_v01::1.0
P,urn:nasa:pds:go_nims_io_rad:data_derived:083_e4i013tr_s15_s16_l14_d_converted_spectra_emakong-sigurd_region_v01::1.0
P,urn:nasa:pds:go_nims_io_rad:data_derived:126_e4i023tr_s10_s11_l29_d_converted_spectra_kanehekili-ruwa_patera_region_v01::1.0
P,urn:nasa:pds:go_nims_io_rad:data_derived:397_14i001tr_s4_s5_l85_d_converted_spectra_ot_patera_v01::1.0
P,urn:nasa:pds:go_nims_io_rad:data_derived:001_g1i001tr_s11_s12_l2_d_converted_spectra_amirani-monan-maui_region_v01::1.0
P,urn:nasa:pds:go_nims_io_rad:data_derived:555_31i005tr_s1_s2_l2288_d_converted_spectra_zal_patera_v01::1.0
P,urn:nasa:pds:go_nims_io_rad:data_derived:125_e4i023tr_s10_s11_l25_d_converted_spectra_tol-ava_patera_region_v01::1.0
P,urn:nasa:pds:go_nims_io_rad:data_derived:293_c9i005tr_s9_s10_l15_d_converted_spectra_tupan_patera_v01::1.0
P,urn:nasa:pds:go_nims_io_rad:data_derived:249_g8i006tr_s14_s15_l6_d_converted_spectra_daedalus-shakaru_patera_v01::1.0
P,urn:nasa:pds:go_nims_io_rad:data_derived:318_10i005tr_s14_s15_l55_d_converted_spectra_prometheus_v01::1.0
P,urn:nasa:pds:go_nims_io_rad:data_derived:087_e4i015tr_s15_s16_l14_d_converted_spectra_sigurd_patera-hi-iaka_patera_region_v01::1.0
P,urn:nasa:pds:go_nims_io_rad:data_derived:077_c3i002tr_s10_s11_l90_d_converted_spectra_culann_v01::1.0
P,urn:nasa:pds:go_nims_io_rad:data_derived:213_g8i001tr_s14_s15_l4_d_converted_spectra_hi-iaka_patera-tawhiki_patera_region_v01::1.0
P,urn:nasa:pds:go_nims_io_rad:data_derived:042_g2i005tr_s7_s8_l16_d_converted_spectra_pele_v01::1.0
P,urn:nasa:pds:go_nims_io_rad:data_derived:115_e4i021tr_s9_s10_l26_d_converted_spectra_horus_patera_region_v01::1.0
P,urn:nasa:pds:go_nims_io_rad:data_derived:284_c9i001tr_s7_s8_l18_d_converted_spectra_altjirra_patera-arusha_patera_region_v01::1.0
P,urn:nasa:pds:go_nims_io_rad:data_derived:582_32i008tr_s10_s11_l697_d_converted_spectra_fo_patera_v01::1.0
P,urn:nasa:pds:go_nims_io_rad:data_derived:245_g8i005tr_s14_s15_l5_d_converted_spectra_pillan_v01::1.0
P,urn:nasa:pds:go_nims_io_rad:data_derived:308_10i005tr_s11_s12_l6_d_converted_spectra_isum_patera_v01::1.0
P,urn:nasa:pds:go_nims_io_rad:data_derived:554_31i005tr_s15_s16_l2218_d_converted_spectra_estan_patera_v01::1.0
P,urn:nasa:pds:go_nims_io_rad:data_derived:342_11i008tr_s9_s10_l6_d_converted_spectra_culann_and_prometheus_v01::1.0
P,urn:nasa:pds:go_nims_io_rad:data_derived:408_15i501tr_s10_s11_l16_d_converted_spectra_prometheus_v01::1.0
P,urn:nasa:pds:go_nims_io_rad:data_derived:354_11i010tr_s9_s10_l1_d_converted_spectra_culann-prometheus_region_v01::1.0
P,urn:nasa:pds:go_nims_io_rad:data_derived:244_g8i005tr_s13_s14_l3_d_converted_spectra_shakaru_patera_region_v01::1.0
P,urn:nasa:pds:go_nims_io_rad:data_derived:253_c9i004tr_s10_s11_l5_d_converted_spectra_loki_patera_v01::1.0
P,urn:nasa:pds:go_nims_io_rad:data_derived:327_10i002tr_s10_s11_l1_d_converted_spectra_pillan_v01::1.0
P,urn:nasa:pds:go_nims_io_rad:data_derived:183_g7i002tr_s13_s14_l9_d_converted_spectra_shamshu_patera-hi-iaka_patera_region_v01::1.0
P,urn:nasa:pds:go_nims_io_rad:data_derived:552_31i005tr_s15_s16_l1967_d_converted_spectra_monan_patera_v01::1.0
P,urn:nasa:pds:go_nims_io_rad:data_derived:264_c9i009tr_s11_s12_l11_d_converted_spectra_janus_patera_and-or_kanehekili_v01::1.0
P,urn:nasa:pds:go_nims_io_rad:data_derived:191_g7i005tr_s15_s16_l15_d_converted_spectra_kurdalagon_patera_v01::1.0
P,urn:nasa:pds:go_nims_io_rad:data_derived:486_24i018tr_s19_s20_l755_d_converted_spectra_p62_v01::1.0
P,urn:nasa:pds:go_nims_io_rad:data_derived:569_31i005tr_s11_s12_l4027_d_converted_spectra_p225_v01::1.0
P,urn:nasa:pds:go_nims_io_rad:data_derived:391_14i001tr_s17_s18_l46_d_converted_spectra_aidne_patera_v01::1.0
P,urn:nasa:pds:go_nims_io_rad:data_derived:166_e6i003tr_s8_s9_l18_d_converted_spectra_mulungu_patera-susanoo_patera_region_v01::1.0
P,urn:nasa:pds:go_nims_io_rad:data_derived:145_e4i027tr_s7_s8_l25_d_converted_spectra_aten_patera_v01::1.0
P,urn:nasa:pds:go_nims_io_rad:data_derived:243_g8i005tr_s16_s17_l2_d_converted_spectra_babbar_patera_region_v01::1.0
P,urn:nasa:pds:go_nims_io_rad:data_derived:334_11i001tr_s11_s12_l5_d_converted_spectra_sigurd_patera_region_v01::1.0
P,urn:nasa:pds:go_nims_io_rad:data_derived:250_g8i006tr_s15_s16_l8_d_converted_spectra_pele_v01::1.0
P,urn:nasa:pds:go_nims_io_rad:data_derived:343_11i008tr_s9_s10_l7_d_converted_spectra_tupan_patera_v01::1.0
P,urn:nasa:pds:go_nims_io_rad:data_derived:388_14i001tr_s12_s14_l27_d_converted_spectra_mulungu_patera-susanoo_patera_region_v01::1.0
P,urn:nasa:pds:go_nims_io_rad:data_derived:405_14i001tr_s6_s7_l110_d_converted_spectra_prometheus_v01::1.0
P,urn:nasa:pds:go_nims_io_rad:data_derived:324_10i006tr_s19_s20_l21_d_converted_spectra_maui_patera_v01::1.0
P,urn:nasa:pds:go_nims_io_rad:data_derived:023_g2i002tr_s10_s11_l13_d_converted_spectra_aidne_patera_v01::1.0
P,urn:nasa:pds:go_nims_io_rad:data_derived:008_g2i001tr_s12_s13_l8_d_converted_spectra_arinna_fluctus_v01::1.0
P,urn:nasa:pds:go_nims_io_rad:data_derived:025_g2i002tr_s8_s9_l19_d_converted_spectra_marduk_fluctus_v01::1.0
P,urn:nasa:pds:go_nims_io_rad:data_derived:292_c9i005tr_s10_s11_l12_d_converted_spectra_prometheus_v01::1.0
P,urn:nasa:pds:go_nims_io_rad:data_derived:480_21i004tr_s7_s8_l22_d_converted_spectra_haokah_patera_v01::1.0
P,urn:nasa:pds:go_nims_io_rad:data_derived:206_g7i004tr_s13_s14_l19_d_converted_spectra_marduk_fluctus_v01::1.0
P,urn:nasa:pds:go_nims_io_rad:data_derived:513_27i004tr_s9_s10_l55_d_converted_spectra_amirani_region-west_of_amirani_v01::1.0
P,urn:nasa:pds:go_nims_io_rad:data_derived:281_c9i001tr_s9_s10_l9_d_converted_spectra_tupan_patera_v01::1.0
P,urn:nasa:pds:go_nims_io_rad:data_derived:542_31i005tr_s12_s13_l1104_d_converted_spectra_dusura_patera_v01::1.0
P,urn:nasa:pds:go_nims_io_rad:data_derived:266_c9i009tr_s11_s12_l28_d_converted_spectra_acala_fluctus_2_v01::1.0
P,urn:nasa:pds:go_nims_io_rad:data_derived:524_29i002tr_s11_s12_l156_d_converted_spectra_kanehekili-janus_patera_region_v01::1.0
P,urn:nasa:pds:go_nims_io_rad:data_derived:360_11i006tr_s8_s9_l6_d_converted_spectra_haokah_patera_v01::1.0
P,urn:nasa:pds:go_nims_io_rad:data_derived:233_g8i017tr_s9_s10_l1_d_converted_spectra_isum_patera-susanoo_patera_region_v01::1.0
P,urn:nasa:pds:go_nims_io_rad:data_derived:549_31i005tr_s5_s6_l1882_d_converted_spectra_p162_2_v01::1.0
P,urn:nasa:pds:go_nims_io_rad:data_derived:107_e4i006tr_s11_s12_l10_d_raw_spectra_daedalus_patera_v01::1.0
P,urn:nasa:pds:go_nims_io_rad:data_derived:505_26i001tr_s12_s13_l627_d_raw_spectra_pillan_v01::1.0
P,urn:nasa:pds:go_nims_io_rad:data_derived:150_e6i001tr_s14_s15_l5_d_raw_spectra_marduk_fluctus_v01::1.0
P,urn:nasa:pds:go_nims_io_rad:data_derived:133_e4i024tr_s10_s11_l28_d_raw_spectra_ruwa_patera_region_v01::1.0
P,urn:nasa:pds:go_nims_io_rad:data_derived:395_14i001tr_s12_s13_l80_d_raw_spectra_wayland_patera_v01::1.0
P,urn:nasa:pds:go_nims_io_rad:data_derived:305_10i007tr_s18_s19_l2_d_raw_spectra_zal_patera_v01::1.0
P,urn:nasa:pds:go_nims_io_rad:data_derived:476_21i001tr_s6_s7_l52_d_raw_spectra_monan_patera_v01::1.0
P,urn:nasa:pds:go_nims_io_rad:data_derived:324_10i006tr_s19_s20_l21_d_raw_spectra_maui_patera_v01::1.0
P,urn:nasa:pds:go_nims_io_rad:data_derived:058_c3i001tr_s9_s10_l24_d_raw_spectra_hi-iaka_patera_v01::1.0
P,urn:nasa:pds:go_nims_io_rad:data_derived:022_g2i002tr_s13_s12_l12_d_raw_spectra_zamama_v01::1.0
P,urn:nasa:pds:go_nims_io_rad:data_derived:436_15i005tr_s11_s12_l14_d_raw_spectra_mulungu_patera-susanoo_patera_region_v01::1.0
P,urn:nasa:pds:go_nims_io_rad:data_derived:507_26i001tr_s7_s8_l839_d_raw_spectra_susanoo_patera-mulungu_patera_region_v01::1.0
P,urn:nasa:pds:go_nims_io_rad:data_derived:418_15i501tr_s11_s12_l54_d_raw_spectra_prometheus_v01::1.0
P,urn:nasa:pds:go_nims_io_rad:data_derived:097_e4i007tr_s7_s8_l30_d_raw_spectra_pele_v01::1.0
P,urn:nasa:pds:go_nims_io_rad:data_derived:024_g2i002tr_s14_s15_l18_d_raw_spectra_isum_patera_v01::1.0
P,urn:nasa:pds:go_nims_io_rad:data_derived:457_15i005tr_s15_s16_l120_d_raw_spectra_culann_v01::1.0
P,urn:nasa:pds:go_nims_io_rad:data_derived:483_21i004tr_s16_s17_l93_d_raw_spectra_itzamna_patera-tube_only_v01::1.0
P,urn:nasa:pds:go_nims_io_rad:data_derived:399_14i001tr_s16_s17_l87_d_raw_spectra_gabija_patera_v01::1.0
P,urn:nasa:pds:go_nims_io_rad:data_derived:318_10i005tr_s14_s15_l55_d_raw_spectra_prometheus_v01::1.0
P,urn:nasa:pds:go_nims_io_rad:data_derived:371_11i007tr_s8_s9_l10_d_raw_spectra_gabija_patera_v01::1.0
P,urn:nasa:pds:go_nims_io_rad:data_derived:120_e4i022tr_s11_s12_l25_d_raw_spectra_tol-ava_patera_v01::1.0
P,urn:nasa:pds:go_nims_io_rad:data_derived:142_e4i026tr_s13_s14_l18_d_raw_spectra_dazhbog_patera_v01::1.0
P,urn:nasa:pds:go_nims_io_rad:data_derived:029_g2i004tr_s8_s9_l1_d_raw_spectra_tupan_patera_v01::1.0
P,urn:nasa:pds:go_nims_io_rad:data_derived:540_30i002tr_s9_s10_l265_d_raw_spectra_kanehekili_v01::1.0
P,urn:nasa:pds:go_nims_io_rad:data_derived:401_14i001tr_s1_s2_l104_d_raw_spectra_zamama_v01::1.0
P,urn:nasa:pds:go_nims_io_rad:data_derived:028_g2i002tr_s9_s10_l24_d_raw_spectra_pele_and_reiden_v01::1.0
P,urn:nasa:pds:go_nims_io_rad:data_derived:192_g7i005tr_s12_s13_l20_d_raw_spectra_pillan_patera-reiden_region_v01::1.0
P,urn:nasa:pds:go_nims_io_rad:data_derived:464_16i002tr_s12_s13_l14_d_raw_spectra_marduk_fluctus_v01::1.0
P,urn:nasa:pds:go_nims_io_rad:data_derived:127_e4i024tr_s7_s8_l22_d_raw_spectra_ulgen_patera-aten_patera_region_v01::1.0
P,urn:nasa:pds:go_nims_io_rad:data_derived:591_32i008tr_s19_s20_l1980_d_raw_spectra_marduk_fluctus_v01::1.0
P,urn:nasa:pds:go_nims_io_rad:data_derived:197_g7i003tr_s8_s9_l19_d_raw_spectra_susanoo_patera-girru_region_v01::1.0
P,urn:nasa:pds:go_nims_io_rad:data_derived:082_e4i013tr_s16_s17_l12_d_raw_spectra_hi-iaka-shamshu_region_v01::1.0
P,urn:nasa:pds:go_nims_io_rad:data_derived:531_30i002tr_s17_s18_l90_d_raw_spectra_shamshu_patera_v01::1.0
P,urn:nasa:pds:go_nims_io_rad:data_derived:535_30i002tr_s2_s3_l213_d_raw_spectra_gish_bar_patera_v01::1.0
P,urn:nasa:pds:go_nims_io_rad:data_derived:298_10i001tr_s11_s12_l11_d_raw_spectra_tawhaki_patera-hi-iaka_patera_region_v01::1.0
P,urn:nasa:pds:go_nims_io_rad:data_derived:286_c9i005tr_s13_s14_l4_d_raw_spectra_isum_patera_v01::1.0
P,urn:nasa:pds:go_nims_io_rad:data_derived:195_g7i007tr_s14_s15_l7_d_raw_spectra_ulgen_patera-babbar_patera_region_v01::1.0
P,urn:nasa:pds:go_nims_io_rad:data_derived:309_10i005tr_s5_s6_l10_d_raw_spectra_aidne_patera_v01::1.0
P,urn:nasa:pds:go_nims_io_rad:data_derived:410_15i501tr_s14_s15_l20_d_raw_spectra_malik_patera_v01::1.0
P,urn:nasa:pds:go_nims_io_rad:data_derived:550_31i005tr_s8_s9_l1889_d_raw_spectra_amirani_4_v01::1.0
P,urn:nasa:pds:go_nims_io_rad:data_derived:350_11i009tr_s12_s13_l8_d_raw_spectra_maui_patera_v01::1.0
P,urn:nasa:pds:go_nims_io_rad:data_derived:499_24i019tr_s13_s14_l2099_d_raw_spectra_marduk_fluctus_v01::1.0
P,urn:nasa:pds:go_nims_io_rad:data_derived:102_e4i004tr_s7_s8_l15_d_raw_spectra_ulgen_patera_v01::1.0
P,urn:nasa:pds:go_nims_io_rad:data_derived:207_g7i004tr_s11_s12_l20_d_raw_spectra_ot_patera_v01::1.0
P,urn:nasa:pds:go_nims_io_rad:data_derived:212_g8i001tr_s14_s15_l3_d_raw_spectra_sigurd_patera-itzamna_patera_region_v01::1.0
P,urn:nasa:pds:go_nims_io_rad:data_derived:547_31i005tr_s16_s17_l1837_d_raw_spectra_amirani_1_v01::1.0
P,urn:nasa:pds:go_nims_io_rad:data_derived:202_g7i004tr_s14_s15_l8_d_raw_spectra_ulgen_patera_v01::1.0
P,urn:nasa:pds:go_nims_io_rad:data_derived:279_c9i001tr_s11_s12_l7_d_raw_spectra_prometheus_v01::1.0
P,urn:nasa:pds:go_nims_io_rad:data_derived:455_15i005tr_s10_s11_l116_d_raw_spectra_aidne_patera_v01::1.0
P,urn:nasa:pds:go_nims_io_rad:data_derived:115_e4i021tr_s9_s10_l26_d_raw_spectra_horus_patera_region_v01::1.0
P,urn:nasa:pds:go_nims_io_rad:data_derived:236_g8i004tr_s12_s13_l3_d_raw_spectra_susanoo_patera-mulungo_patera_v01::1.0
P,urn:nasa:pds:go_nims_io_rad:data_derived:584_32i008tr_s6_s7_l1152_d_raw_spectra_tvashtar_paterae_v01::1.0
P,urn:nasa:pds:go_nims_io_rad:data_derived:459_15i005tr_s14_s15_l126_d_raw_spectra_tupan_patera_v01::1.0
P,urn:nasa:pds:go_nims_io_rad:data_derived:086_e4i015tr_s16_s17_l12_d_raw_spectra_shamshu_patera_region_v01::1.0
P,urn:nasa:pds:go_nims_io_rad:data_derived:228_g8i014tr_s12_s13_l2_d_raw_spectra_isum_patera_region_v01::1.0
P,urn:nasa:pds:go_nims_io_rad:data_derived:526_30i002tr_s11_s12_l45_d_raw_spectra_amirani_v01::1.0
P,urn:nasa:pds:go_nims_io_rad:data_derived:051_c3i001tr_s7_s8_l13_d_raw_spectra_tupan_patera_v01::1.0
P,urn:nasa:pds:go_nims_io_rad:data_derived:300_10i004tr_s12_s13_l4_d_raw_spectra_kanehekili_and_janus_patera_v01::1.0
P,urn:nasa:pds:go_nims_io_rad:data_derived:351_11i009tr_s9_s10_l5_d_raw_spectra_culann-wabasso_patera-prometheus_region_v01::1.0
P,urn:nasa:pds:go_nims_io_rad:data_derived:504_26i001tr_s14_s15_l537_d_raw_spectra_pele_v01::1.0
P,urn:nasa:pds:go_nims_io_rad:data_derived:265_c9i009tr_s10_s11_l15_d_raw_spectra_hi-iaka_patera-tawhaki_patera_region_v01::1.0
P,urn:nasa:pds:go_nims_io_rad:data_derived:564_31i005tr_s11_s12_l3595_d_raw_spectra_p95_v01::1.0
P,urn:nasa:pds:go_nims_io_rad:data_derived:174_e6i002tr_s7_s8_l1_d_raw_spectra_pillan_region_v01::1.0
P,urn:nasa:pds:go_nims_io_rad:data_derived:462_16i002tr_s7_s8_l14_d_raw_spectra_isum_patera-susanoo_patera_region_v01::1.0
P,urn:nasa:pds:go_nims_io_rad:data_derived:076_c3i002tr_s10_s11_l88_d_raw_spectra_wabasso_patera_v01::1.0
P,urn:nasa:pds:go_nims_io_rad:data_derived:280_c9i001tr_s8_s9_l8_d_raw_spectra_shamash_patera_v01::1.0
P,urn:nasa:pds:go_nims_io_rad:data_derived:408_15i501tr_s10_s11_l16_d_raw_spectra_prometheus_v01::1.0
P,urn:nasa:pds:go_nims_io_rad:data_derived:217_g8i002tr_s14_s15_l2_d_raw_spectra_prometheus_v01::1.0
P,urn:nasa:pds:go_nims_io_rad:data_derived:330_10i002tr_s16_s17_l10_d_raw_spectra_isum_patera_v01::1.0
P,urn:nasa:pds:go_nims_io_rad:data_derived:512_27i004tr_s11_s12_l53_d_raw_spectra_thor_v01::1.0
P,urn:nasa:pds:go_nims_io_rad:data_derived:030_g2i004tr_s9_s10_l2_d_raw_spectra_prometheus_v01::1.0
P,urn:nasa:pds:go_nims_io_rad:data_derived:559_31i005tr_s11_s12_l2805_d_raw_spectra_ah_peku_patera_v01::1.0
P,urn:nasa:pds:go_nims_io_rad:data_derived:067_c3i002tr_s10_s11_l58_d_raw_spectra_pele_v01::1.0
P,urn:nasa:pds:go_nims_io_rad:data_derived:237_g8i004tr_s15_s16_l4_d_raw_spectra_marduk_fluctus_v01::1.0
P,urn:nasa:pds:go_nims_io_rad:data_derived:036_g2i004tr_s10_s11_l15_d_raw_spectra_ot_patera_v01::1.0
P,urn:nasa:pds:go_nims_io_rad:data_derived:247_g8i006tr_s14_s15_l1_d_raw_spectra_acala_fluctus_region_v01::1.0
P,urn:nasa:pds:go_nims_io_rad:data_derived:372_12i001tr_s6_s7_l15_d_raw_spectra_altjirra_patera_v01::1.0
P,urn:nasa:pds:go_nims_io_rad:data_derived:146_e4i027tr_s13_s14_l25_d_raw_spectra_dazhbog_patera_v01::1.0
P,urn:nasa:pds:go_nims_io_rad:data_derived:366_11i004tr_s8_s9_l8_d_raw_spectra_marduk_fluctus_v01::1.0
P,urn:nasa:pds:go_nims_io_rad:data_derived:194_g7i007tr_s9_s10_l7_d_raw_spectra_daedalus_patera_v01::1.0
P,urn:nasa:pds:go_nims_io_rad:data_derived:440_15i005tr_s10_s11_l29_d_raw_spectra_zamama_v01::1.0
P,urn:nasa:pds:go_nims_io_rad:data_derived:140_e4i025tr_s10_s11_l17_d_raw_spectra_ruwa_patera_v01::1.0
P,urn:nasa:pds:go_nims_io_rad:data_derived:009_g2i001tr_s6_s7_l10_d_raw_spectra_marduk_fluctus_v01::1.0
P,urn:nasa:pds:go_nims_io_rad:data_derived:059_c3i001tr_s9_s10_l6_d_raw_spectra_aidne_patera_v01::1.0
P,urn:nasa:pds:go_nims_io_rad:data_derived:407_15i501tr_s13_s14_l14_d_raw_spectra_culann_patera_v01::1.0
P,urn:nasa:pds:go_nims_io_rad:data_derived:092_e4i007tr_s7_s8_l14_d_raw_spectra_marduk_fluctus_v01::1.0
P,urn:nasa:pds:go_nims_io_rad:data_derived:288_c9i005tr_s13_s14_l8_d_raw_spectra_zamama_v01::1.0
P,urn:nasa:pds:go_nims_io_rad:data_derived:552_31i005tr_s15_s16_l1967_d_raw_spectra_monan_patera_v01::1.0
P,urn:nasa:pds:go_nims_io_rad:data_derived:454_15i005tr_s14_s15_l105_d_raw_spectra_marduk_fluctus_v01::1.0
P,urn:nasa:pds:go_nims_io_rad:data_derived:171_e6i003tr_s10_s11_l28_d_raw_spectra_aidne_patera_v01::1.0
P,urn:nasa:pds:go_nims_io_rad:data_derived:478_21i001tr_s4_s5_l69_d_raw_spectra_tawhaki_patetra_v01::1.0
P,urn:nasa:pds:go_nims_io_rad:data_derived:218_g8i002tr_s13_s14_l4_d_raw_spectra_amirani_v01::1.0
P,urn:nasa:pds:go_nims_io_rad:data_derived:346_11i003tr_s9_s10_l4_d_raw_spectra_culann_and_prometheus_v01::1.0
P,urn:nasa:pds:go_nims_io_rad:data_derived:006_g2i001tr_s8_s9_l3_d_raw_spectra_isum_v01::1.0
P,urn:nasa:pds:go_nims_io_rad:data_derived:576_31i005tr_s9_s10_l5279_d_raw_spectra_c30a-tejeto_v01::1.0
P,urn:nasa:pds:go_nims_io_rad:data_derived:530_30i002tr_s14_s15_l76_d_raw_spectra_tawhaki_patera-hi-iaka_patera_region_v01::1.0
P,urn:nasa:pds:go_nims_io_rad:data_derived:429_15i501tr_s13_s14_l93_d_raw_spectra_tupan_patera_v01::1.0
P,urn:nasa:pds:go_nims_io_rad:data_derived:534_30i002tr_s1_s2_l194_d_raw_spectra_amirani_v01::1.0
P,urn:nasa:pds:go_nims_io_rad:data_derived:116_e4i021tr_s9_s10_l27_d_raw_spectra_masaya_patera_region_v01::1.0
P,urn:nasa:pds:go_nims_io_rad:data_derived:503_26i001tr_s17_s18_l292_d_raw_spectra_ulgen_patera_v01::1.0
P,urn:nasa:pds:go_nims_io_rad:data_derived:019_g2i002tr_s10_s11_l8_d_raw_spectra_prometheus_v01::1.0
P,urn:nasa:pds:go_nims_io_rad:data_derived:187_g7i005tr_s9_s8_l8_d_raw_spectra_zamama_v01::1.0
P,urn:nasa:pds:go_nims_io_rad:data_derived:178_e6i002tr_s10_s11_l10_d_raw_spectra_dazhbog_patera_v01::1.0
P,urn:nasa:pds:go_nims_io_rad:data_derived:383_12i001tr_s7_s8_l49_d_raw_spectra_altjirra_patera-arusha_patera_region_v01::1.0
P,urn:nasa:pds:go_nims_io_rad:data_derived:485_24i018tr_s10_s11_l635_d_raw_spectra_sobo_fluctus_v01::1.0
P,urn:nasa:pds:go_nims_io_rad:data_derived:575_31i005tr_s3_s4_l5169_d_raw_spectra_arusha_patera_v01::1.0
P,urn:nasa:pds:go_nims_io_rad:data_derived:516_27i004tr_s15_s16_l92_d_raw_spectra_mulungu_patera_v01::1.0
P,urn:nasa:pds:go_nims_io_rad:data_derived:243_g8i005tr_s16_s17_l2_d_raw_spectra_babbar_patera_region_v01::1.0
P,urn:nasa:pds:go_nims_io_rad:data_derived:255_c9i004tr_s10_s11_l34_d_raw_spectra_loki_patera_v01::1.0
P,urn:nasa:pds:go_nims_io_rad:data_derived:601_32i008tr_s9_s10_l4207_d_raw_spectra_shamash_patera-two_hot_spots_v01::1.0
P,urn:nasa:pds:go_nims_io_rad:data_derived:198_g7i003tr_s12_s13_l21_d_raw_spectra_pillan-reiden_patera_region_v01::1.0
P,urn:nasa:pds:go_nims_io_rad:data_derived:565_31i005tr_s3_s4_l3704_d_raw_spectra_emakong_patera_v01::1.0
P,urn:nasa:pds:go_nims_io_rad:data_derived:122_e4i022tr_s11_s12_l27_d_raw_spectra_ruwa_patera_region_v01::1.0
P,urn:nasa:pds:go_nims_io_rad:data_derived:519_27i004tr_s10_s11_l138_d_raw_spectra_aidne_patera_v01::1.0
P,urn:nasa:pds:go_nims_io_rad:data_derived:118_e4i022tr_s7_s8_l21_d_raw_spectra_ulgen_patera_region_v01::1.0
P,urn:nasa:pds:go_nims_io_rad:data_derived:444_15i005tr_s12_s13_l40_d_raw_spectra_camaxtli_patera_region_v01::1.0
P,urn:nasa:pds:go_nims_io_rad:data_derived:221_g8i010tr_s13_s14_l2_d_raw_spectra_zamama_region_v01::1.0
P,urn:nasa:pds:go_nims_io_rad:data_derived:468_16i001tr_s10_s11_l20_d_raw_spectra_prometheus_v01::1.0
P,urn:nasa:pds:go_nims_io_rad:data_derived:090_e4i007tr_s12_s13_l2_d_raw_spectra_aidne_patera_v01::1.0
P,urn:nasa:pds:go_nims_io_rad:data_derived:100_e4i007tr_s4_s5_l15_d_raw_spectra_kurdalagon_patera_v01::1.0
P,urn:nasa:pds:go_nims_io_rad:data_derived:034_g2i004tr_s14_s15_l13_d_raw_spectra_isum_patera_v01::1.0
P,urn:nasa:pds:go_nims_io_rad:data_derived:229_g8i014tr_s16_s17_l2_d_raw_spectra_marduk_fluctus_v01::1.0
P,urn:nasa:pds:go_nims_io_rad:data_derived:368_11i007tr_s9_s10_l4_d_raw_spectra_pillan_v01::1.0
P,urn:nasa:pds:go_nims_io_rad:data_derived:509_27i003tr_s13_s14_l66_d_raw_spectra_sobo_fluctus_v01::1.0
P,urn:nasa:pds:go_nims_io_rad:data_derived:137_e4i025tr_s13_s14_l11_d_raw_spectra_dazhbog_patera_v01::1.0
P,urn:nasa:pds:go_nims_io_rad:data_derived:001_g1i001tr_s11_s12_l2_d_raw_spectra_amirani-monan-maui_region_v01::1.0
P,urn:nasa:pds:go_nims_io_rad:data_derived:375_12i001tr_s8_s9_l20_d_raw_spectra_tupan_patera_v01::1.0
P,urn:nasa:pds:go_nims_io_rad:data_derived:114_e4i021tr_s12_s13_l24_d_raw_spectra_loki_patera_v01::1.0
P,urn:nasa:pds:go_nims_io_rad:data_derived:493_24i019tr_s14_s15_l1159_d_raw_spectra_p62_v01::1.0
P,urn:nasa:pds:go_nims_io_rad:data_derived:084_e4i014tr_s16_s17_l22_d_raw_spectra_shamshu_patera_region_v01::1.0
P,urn:nasa:pds:go_nims_io_rad:data_derived:246_g8i012tr_s13_s14_l4_d_raw_spectra_loki_patera_v01::1.0
P,urn:nasa:pds:go_nims_io_rad:data_derived:293_c9i005tr_s9_s10_l15_d_raw_spectra_tupan_patera_v01::1.0
P,urn:nasa:pds:go_nims_io_rad:data_derived:291_c9i005tr_s7_s8_l12_d_raw_spectra_radegast_patera_-_tohil_patera_region_v01::1.0
P,urn:nasa:pds:go_nims_io_rad:data_derived:355_11i005tr_s10_s11_l9_d_raw_spectra_prometheus_v01::1.0
P,urn:nasa:pds:go_nims_io_rad:data_derived:302_10i007tr_s5_s6_l1_d_raw_spectra_altjirra_patera_v01::1.0
P,urn:nasa:pds:go_nims_io_rad:data_derived:334_11i001tr_s11_s12_l5_d_raw_spectra_sigurd_patera_region_v01::1.0
P,urn:nasa:pds:go_nims_io_rad:data_derived:341_11i008tr_s11_s12_l4_d_raw_spectra_zamama_and_prometheus_v01::1.0
P,urn:nasa:pds:go_nims_io_rad:data_derived:276_c9i007tr_s9_s10_l1_d_raw_spectra_sigurd_patera_v01::1.0
P,urn:nasa:pds:go_nims_io_rad:data_derived:387_14i001tr_s17_s18_l26_d_raw_spectra_ot_patera_v01::1.0
P,urn:nasa:pds:go_nims_io_rad:data_derived:307_10i005tr_s1_s2_l5_d_raw_spectra_marduk_fluctus_v01::1.0
P,urn:nasa:pds:go_nims_io_rad:data_derived:163_e6i003tr_s16_s17_l4_d_raw_spectra_babbar_patera-ulgen_patera_region_v01::1.0
P,urn:nasa:pds:go_nims_io_rad:data_derived:422_15i501tr_s6_s7_l63_d_raw_spectra_zal_patera_v01::1.0
P,urn:nasa:pds:go_nims_io_rad:data_derived:598_32i008tr_s13_s14_l3763_d_raw_spectra_sethlaus_patera_v01::1.0
P,urn:nasa:pds:go_nims_io_rad:data_derived:595_32i008tr_s18_s19_l2872_d_raw_spectra_tupan_patera_v01::1.0
P,urn:nasa:pds:go_nims_io_rad:data_derived:412_15i501tr_s8_s9_l26_d_raw_spectra_amirani_v01::1.0
P,urn:nasa:pds:go_nims_io_rad:data_derived:413_15i501tr_s6_s7_l27_d_raw_spectra_zal_patera_v01::1.0
P,urn:nasa:pds:go_nims_io_rad:data_derived:521_27i004tr_s9_s10_l216_d_raw_spectra_kurdalagon_patera_v01::1.0
P,urn:nasa:pds:go_nims_io_rad:data_derived:306_10i007tr_s13_s14_l5_d_raw_spectra_gish_bar_patera_v01::1.0
P,urn:nasa:pds:go_nims_io_rad:data_derived:226_g8i007tr_s15_s16_l6_d_raw_spectra_culann_region_v01::1.0
P,urn:nasa:pds:go_nims_io_rad:data_derived:072_c3i002tr_s7_s8_l75_d_raw_spectra_rata_patera_v01::1.0
P,urn:nasa:pds:go_nims_io_rad:data_derived:173_e6i003tr_s11_s12_l31_d_raw_spectra_prometheus_v01::1.0
P,urn:nasa:pds:go_nims_io_rad:data_derived:538_30i002tr_s14_s15_l235_d_raw_spectra_masubi_fluctus_or_spill-over_from_c30a_v01::1.0
P,urn:nasa:pds:go_nims_io_rad:data_derived:015_g2i001tr_s9_s10_l20_d_raw_spectra_malik_patera_v01::1.0
P,urn:nasa:pds:go_nims_io_rad:data_derived:474_21i001tr_s8_s9_l36_d_raw_spectra_dusura_patera_v01::1.0
P,urn:nasa:pds:go_nims_io_rad:data_derived:287_c9i005tr_s11_s12_l6_d_raw_spectra_aidne_patera_v01::1.0
P,urn:nasa:pds:go_nims_io_rad:data_derived:543_31i005tr_s18_s19_l1289_d_raw_spectra_shango_patera_v01::1.0
P,urn:nasa:pds:go_nims_io_rad:data_derived:396_14i001tr_s1_s2_l85_d_raw_spectra_mulungu_patera_v01::1.0
P,urn:nasa:pds:go_nims_io_rad:data_derived:496_24i019tr_s12_s13_l1652_d_raw_spectra_pele_v01::1.0
P,urn:nasa:pds:go_nims_io_rad:data_derived:185_g7i005tr_s10_s11_l5_d_raw_spectra_prometheus_v01::1.0
P,urn:nasa:pds:go_nims_io_rad:data_derived:196_g7i003tr_s13_s14_l14_d_raw_spectra_marduk_fluctus_v01::1.0
P,urn:nasa:pds:go_nims_io_rad:data_derived:497_24i019tr_s14_s15_l1707_d_raw_spectra_pillan_v01::1.0
P,urn:nasa:pds:go_nims_io_rad:data_derived:145_e4i027tr_s7_s8_l25_d_raw_spectra_aten_patera_v01::1.0
P,urn:nasa:pds:go_nims_io_rad:data_derived:269_c9i009tr_s11_s12_l52_d_raw_spectra_janus_patera_and-or_kanehekili_3_v01::1.0
P,urn:nasa:pds:go_nims_io_rad:data_derived:329_10i002tr_s7_s8_l9_d_raw_spectra_marduk_fluctus_v01::1.0
P,urn:nasa:pds:go_nims_io_rad:data_derived:035_g2i004tr_s7_s8_l15_d_raw_spectra_marduk_fluctus_v01::1.0
P,urn:nasa:pds:go_nims_io_rad:data_derived:260_c9i008tr_s11_s12_l168_d_raw_spectra_acala_fluctus_region_6_v01::1.0
P,urn:nasa:pds:go_nims_io_rad:data_derived:549_31i005tr_s5_s6_l1882_d_raw_spectra_p162_2_v01::1.0
P,urn:nasa:pds:go_nims_io_rad:data_derived:023_g2i002tr_s10_s11_l13_d_raw_spectra_aidne_patera_v01::1.0
P,urn:nasa:pds:go_nims_io_rad:data_derived:099_e4i007tr_s14_s15_l36_d_raw_spectra_daedalus_patera_v01::1.0
P,urn:nasa:pds:go_nims_io_rad:data_derived:316_10i005tr_s6_s7_l50_d_raw_spectra_p137_v01::1.0
P,urn:nasa:pds:go_nims_io_rad:data_derived:303_10i007tr_s15_s16_l1_d_raw_spectra_monan_patera_v01::1.0
P,urn:nasa:pds:go_nims_io_rad:data_derived:419_15i501tr_s13_s14_l56_d_raw_spectra_tupan_patera_v01::1.0
P,urn:nasa:pds:go_nims_io_rad:data_derived:311_10i005tr_s2_s3_l15_d_raw_spectra_culann_v01::1.0
P,urn:nasa:pds:go_nims_io_rad:data_derived:138_e4i025tr_s12_s13_l12_d_raw_spectra_loki_patera_v01::1.0
P,urn:nasa:pds:go_nims_io_rad:data_derived:604_32i008tr_s1_s2_l4524_d_raw_spectra_seth_patera_v01::1.0
P,urn:nasa:pds:go_nims_io_rad:data_derived:308_10i005tr_s11_s12_l6_d_raw_spectra_isum_patera_v01::1.0
P,urn:nasa:pds:go_nims_io_rad:data_derived:003_g1i001tr_s9_s10_l4_d_raw_spectra_hi-iaka_patera-ekhi_patera_region_v01::1.0
P,urn:nasa:pds:go_nims_io_rad:data_derived:175_e6i002tr_s6_s7_l3_d_raw_spectra_pele_v01::1.0
P,urn:nasa:pds:go_nims_io_rad:data_derived:432_15i501tr_s8_s9_l99_d_raw_spectra_amirani_v01::1.0
P,urn:nasa:pds:go_nims_io_rad:data_derived:206_g7i004tr_s13_s14_l19_d_raw_spectra_marduk_fluctus_v01::1.0
P,urn:nasa:pds:go_nims_io_rad:data_derived:158_e6i001tr_s12_s13_l19_d_raw_spectra_emakong_patera-seth_patera_region_v01::1.0
P,urn:nasa:pds:go_nims_io_rad:data_derived:027_g2i002tr_s9_s10_l23_d_raw_spectra_reiden_v01::1.0
P,urn:nasa:pds:go_nims_io_rad:data_derived:466_16i001tr_s11_s12_l19_d_raw_spectra_culann_and_tupan_patera_v01::1.0
P,urn:nasa:pds:go_nims_io_rad:data_derived:002_g1i001tr_s9_s10_l3_d_raw_spectra_gish_bar_patera_region_v01::1.0
P,urn:nasa:pds:go_nims_io_rad:data_derived:602_32i008tr_s6_s7_l4307_d_raw_spectra_p117_v01::1.0
P,urn:nasa:pds:go_nims_io_rad:data_derived:266_c9i009tr_s11_s12_l28_d_raw_spectra_acala_fluctus_2_v01::1.0
P,urn:nasa:pds:go_nims_io_rad:data_derived:143_e4i026tr_s12_s13_l20_d_raw_spectra_loki_patera_v01::1.0
P,urn:nasa:pds:go_nims_io_rad:data_derived:119_e4i022tr_s12_s13_l24_d_raw_spectra_loki_patera_v01::1.0
P,urn:nasa:pds:go_nims_io_rad:data_derived:294_c9i002tr_s8_s9_l1_d_raw_spectra_marduk_fluctus_v01::1.0
P,urn:nasa:pds:go_nims_io_rad:data_derived:254_c9i004tr_s11_s12_l11_d_raw_spectra_kanehekili_v01::1.0
P,urn:nasa:pds:go_nims_io_rad:data_derived:054_c3i001tr_s5_s6_l18_d_raw_spectra_altjirra_patera_v01::1.0
P,urn:nasa:pds:go_nims_io_rad:data_derived:536_30i002tr_s13_s14_l225_d_raw_spectra_c30a-tejeto_v01::1.0
P,urn:nasa:pds:go_nims_io_rad:data_derived:004_g1i003tr_s9_s10_l18_d_raw_spectra_aidne_patera_v01::1.0
P,urn:nasa:pds:go_nims_io_rad:data_derived:263_c9i009tr_s10_s11_l7_d_raw_spectra_acala_fluctus_v01::1.0
P,urn:nasa:pds:go_nims_io_rad:data_derived:449_15i005tr_s11_s12_l81_d_raw_spectra_shamash_patera_v01::1.0
P,urn:nasa:pds:go_nims_io_rad:data_derived:443_15i005tr_s18_s19_l38_d_raw_spectra_tupan_patera_v01::1.0
P,urn:nasa:pds:go_nims_io_rad:data_derived:021_g2i002tr_s8_s9_l12_d_raw_spectra_wabasso_patera_v01::1.0
P,urn:nasa:pds:go_nims_io_rad:data_derived:270_c9i009tr_s11_s12_l69_d_raw_spectra_acala_fluctus_4_v01::1.0
P,urn:nasa:pds:go_nims_io_rad:data_derived:317_10i005tr_s11_s12_l52_d_raw_spectra_culann_v01::1.0
P,urn:nasa:pds:go_nims_io_rad:data_derived:161_e6i001tr_s13_s14_l23_d_raw_spectra_sigurd_patera-itzamna_patera_region_v01::1.0
P,urn:nasa:pds:go_nims_io_rad:data_derived:406_15i501tr_s8_s9_l13_d_raw_spectra_zamama_v01::1.0
P,urn:nasa:pds:go_nims_io_rad:data_derived:297_10i001tr_s12_s13_l7_d_raw_spectra_kanehekili_and_janus_v01::1.0
P,urn:nasa:pds:go_nims_io_rad:data_derived:144_e4i026tr_s10_s11_l23_d_raw_spectra_masaya_patera_region_v01::1.0
P,urn:nasa:pds:go_nims_io_rad:data_derived:477_21i001tr_s14_s15_l54_d_raw_spectra_zal_patera_v01::1.0
P,urn:nasa:pds:go_nims_io_rad:data_derived:513_27i004tr_s9_s10_l55_d_raw_spectra_amirani_region-west_of_amirani_v01::1.0
P,urn:nasa:pds:go_nims_io_rad:data_derived:203_g7i004tr_s15_s16_l11_d_raw_spectra_babbar_patera_v01::1.0
P,urn:nasa:pds:go_nims_io_rad:data_derived:020_g2i002tr_s8_s9_l10_d_raw_spectra_culann_v01::1.0
P,urn:nasa:pds:go_nims_io_rad:data_derived:157_e6i001tr_s15_s16_l18_d_raw_spectra_malik_patera_v01::1.0
P,urn:nasa:pds:go_nims_io_rad:data_derived:112_e4i021tr_s7_s8_l22_d_raw_spectra_ulgen_patera-aten_patera_region_v01::1.0
P,urn:nasa:pds:go_nims_io_rad:data_derived:458_15i005tr_s11_s12_l124_d_raw_spectra_prometheus_v01::1.0
P,urn:nasa:pds:go_nims_io_rad:data_derived:588_32i008tr_s12_s13_l1277_d_raw_spectra_thor_v01::1.0
P,urn:nasa:pds:go_nims_io_rad:data_derived:289_c9i005tr_s9_s10_l10_d_raw_spectra_culann_v01::1.0
P,urn:nasa:pds:go_nims_io_rad:data_derived:065_c3i002tr_s7_s8_l33_d_raw_spectra_volund_v01::1.0
P,urn:nasa:pds:go_nims_io_rad:data_derived:522_29i001tr_s11_s12_l351_d_raw_spectra_loki_patera_v01::1.0
P,urn:nasa:pds:go_nims_io_rad:data_derived:048_c3i001tr_s12_s13_l7_d_raw_spectra_zamama_v01::1.0
P,urn:nasa:pds:go_nims_io_rad:data_derived:251_g8i013tr_s14_s15_l4_d_raw_spectra_acala-tol-ava_patera_region_v01::1.0
P,urn:nasa:pds:go_nims_io_rad:data_derived:498_24i019tr_s14_s15_l1739_d_raw_spectra_reiden_patera_v01::1.0
P,urn:nasa:pds:go_nims_io_rad:data_derived:490_24i019tr_s13_s14_l421_d_raw_spectra_isum_patera_1_v01::1.0
P,urn:nasa:pds:go_nims_io_rad:data_derived:295_c9i002tr_s9_s10_l5_d_raw_spectra_pillan_v01::1.0
P,urn:nasa:pds:go_nims_io_rad:data_derived:420_15i501tr_s15_s16_l57_d_raw_spectra_malik_patera_v01::1.0
P,urn:nasa:pds:go_nims_io_rad:data_derived:108_e4i006tr_s14_s15_l21_d_raw_spectra_dazhbog_patera_v01::1.0
P,urn:nasa:pds:go_nims_io_rad:data_derived:281_c9i001tr_s9_s10_l9_d_raw_spectra_tupan_patera_v01::1.0
P,urn:nasa:pds:go_nims_io_rad:data_derived:070_c3i002tr_s19_s20_l68_d_raw_spectra_mulungu_patera-susanoo_patera_region_v01::1.0
P,urn:nasa:pds:go_nims_io_rad:data_derived:380_12i001tr_s12_s13_l44_d_raw_spectra_maui_patera_v01::1.0
P,urn:nasa:pds:go_nims_io_rad:data_derived:156_e6i001tr_s14_s15_l16_d_raw_spectra_tupan_patera_v01::1.0
P,urn:nasa:pds:go_nims_io_rad:data_derived:283_c9i001tr_s13_s14_l13_d_raw_spectra_amirani-monan_region_v01::1.0
P,urn:nasa:pds:go_nims_io_rad:data_derived:508_26i001tr_s6_s7_l886_d_raw_spectra_isum_patera_v01::1.0
P,urn:nasa:pds:go_nims_io_rad:data_derived:382_12i001tr_s13_s14_l46_d_raw_spectra_amirani_v01::1.0
P,urn:nasa:pds:go_nims_io_rad:data_derived:041_g2i005tr_s6_s7_l13_d_raw_spectra_babbar_patera_v01::1.0
P,urn:nasa:pds:go_nims_io_rad:data_derived:492_24i019tr_s2_s3_l1040_d_raw_spectra_wabasso_patera_2_v01::1.0
P,urn:nasa:pds:go_nims_io_rad:data_derived:240_g8i018tr_s11_s12_l7_d_raw_spectra_marduk_fluctus_v01::1.0
P,urn:nasa:pds:go_nims_io_rad:data_derived:434_15i501tr_s13_s14_l101_d_raw_spectra_sigurd_patera-itzamana_patera_region_v01::1.0
P,urn:nasa:pds:go_nims_io_rad:data_derived:215_g8i009tr_s13_s14_l5_d_raw_spectra_amirani_v01::1.0
P,urn:nasa:pds:go_nims_io_rad:data_derived:193_g7i007tr_s7_s8_l4_d_raw_spectra_amaterasu_patera_v01::1.0
P,urn:nasa:pds:go_nims_io_rad:data_derived:471_20i001tr_s11_s12_l19_d_raw_spectra_prometheus_v01::1.0
P,urn:nasa:pds:go_nims_io_rad:data_derived:417_15i501tr_s15_s16_l53_d_raw_spectra_shamash_patera_v01::1.0
P,urn:nasa:pds:go_nims_io_rad:data_derived:377_12i001tr_s13_s12_l38_d_raw_spectra_zamama_v01::1.0
P,urn:nasa:pds:go_nims_io_rad:data_derived:442_15i005tr_s15_s16_l36_d_raw_spectra_prometheus_v01::1.0
P,urn:nasa:pds:go_nims_io_rad:data_derived:216_g8i009tr_s15_s16_l5_d_raw_spectra_malik_patera-altjirra_patera_region_v01::1.0
P,urn:nasa:pds:go_nims_io_rad:data_derived:596_32i008tr_s9_s10_l3706_d_raw_spectra_rata_patera_v01::1.0
P,urn:nasa:pds:go_nims_io_rad:data_derived:258_c9i008tr_s11_s12_l115_d_raw_spectra_janus_patera_and-or_kanehekili_7_v01::1.0
P,urn:nasa:pds:go_nims_io_rad:data_derived:220_g8i010tr_s15_s16_l1_d_raw_spectra_culann_region_v01::1.0
P,urn:nasa:pds:go_nims_io_rad:data_derived:447_15i005tr_s2_s3_l78_d_raw_spectra_zamama_v01::1.0
P,urn:nasa:pds:go_nims_io_rad:data_derived:357_11i005tr_s9_s10_l9_d_raw_spectra_culann-wabasso_patera_region_v01::1.0
P,urn:nasa:pds:go_nims_io_rad:data_derived:551_31i005tr_s11_s12_l1894_d_raw_spectra_amirani_3_v01::1.0
P,urn:nasa:pds:go_nims_io_rad:data_derived:088_e4i016tr_s16_s17_l21_d_raw_spectra_shamshu_patera_region_v01::1.0
P,urn:nasa:pds:go_nims_io_rad:data_derived:129_e4i024tr_s7_s8_l24_d_raw_spectra_aten_patera_region_v01::1.0
P,urn:nasa:pds:go_nims_io_rad:data_derived:581_32i008tr_s11_s12_l500_d_raw_spectra_lei-kung_fluctus_v01::1.0
P,urn:nasa:pds:go_nims_io_rad:data_derived:083_e4i013tr_s15_s16_l14_d_raw_spectra_emakong-sigurd_region_v01::1.0
P,urn:nasa:pds:go_nims_io_rad:data_derived:470_20i001tr_s12_s11_l18_d_raw_spectra_zamama_v01::1.0
P,urn:nasa:pds:go_nims_io_rad:data_derived:277_c9i001tr_s12_s13_l4_d_raw_spectra_zamama_v01::1.0
P,urn:nasa:pds:go_nims_io_rad:data_derived:425_15i501tr_s11_s12_l84_d_raw_spectra_aidne_patera_v01::1.0
P,urn:nasa:pds:go_nims_io_rad:data_derived:101_e4i004tr_s14_s15_l14_d_raw_spectra_dazhbog_patetra_v01::1.0
P,urn:nasa:pds:go_nims_io_rad:data_derived:480_21i004tr_s7_s8_l22_d_raw_spectra_haokah_patera_v01::1.0
P,urn:nasa:pds:go_nims_io_rad:data_derived:392_14i001tr_s18_s19_l52_d_raw_spectra_prometheus_v01::1.0
P,urn:nasa:pds:go_nims_io_rad:data_derived:310_10i005tr_s9_s10_l12_d_raw_spectra_zamama_v01::1.0
P,urn:nasa:pds:go_nims_io_rad:data_derived:126_e4i023tr_s10_s11_l29_d_raw_spectra_kanehekili-ruwa_patera_region_v01::1.0
P,urn:nasa:pds:go_nims_io_rad:data_derived:191_g7i005tr_s15_s16_l15_d_raw_spectra_kurdalagon_patera_v01::1.0
P,urn:nasa:pds:go_nims_io_rad:data_derived:544_31i005tr_s11_s12_l1510_d_raw_spectra_zal_patera_v01::1.0
P,urn:nasa:pds:go_nims_io_rad:data_derived:060_c3i002tr_s1_s2_l18_d_raw_spectra_ot_patera_v01::1.0
P,urn:nasa:pds:go_nims_io_rad:data_derived:282_c9i001tr_s7_s8_l11_d_raw_spectra_malik_patera_v01::1.0
P,urn:nasa:pds:go_nims_io_rad:data_derived:106_e4i005tr_s12_s13_l25_d_raw_spectra_loki_patera_v01::1.0
P,urn:nasa:pds:go_nims_io_rad:data_derived:264_c9i009tr_s11_s12_l11_d_raw_spectra_janus_patera_and-or_kanehekili_v01::1.0
P,urn:nasa:pds:go_nims_io_rad:data_derived:597_32i008tr_s13_s14_l3716_d_raw_spectra_gabija_patera_v01::1.0
P,urn:nasa:pds:go_nims_io_rad:data_derived:234_g8i017tr_s12_s13_l1_d_raw_spectra_marduk_fluctus_v01::1.0
P,urn:nasa:pds:go_nims_io_rad:data_derived:527_30i002tr_s7_s8_l48_d_raw_spectra_tvashtar_paterae_v01::1.0
P,urn:nasa:pds:go_nims_io_rad:data_derived:520_27i004tr_s15_s16_l205_d_raw_spectra_marduk_fluctus_v01::1.0
P,urn:nasa:pds:go_nims_io_rad:data_derived:147_e4i027tr_s12_s13_l27_d_raw_spectra_loki_patera_v01::1.0
P,urn:nasa:pds:go_nims_io_rad:data_derived:560_31i005tr_s13_s14_l2920_d_raw_spectra_p226_v01::1.0
P,urn:nasa:pds:go_nims_io_rad:data_derived:172_e6i003tr_s13_s14_l29_d_raw_spectra_zamama_v01::1.0
P,urn:nasa:pds:go_nims_io_rad:data_derived:537_30i002tr_s13_s14_l239_d_raw_spectra_laki-oi_patera_or_spill-over_from_c30a_v01::1.0
P,urn:nasa:pds:go_nims_io_rad:data_derived:378_12i001tr_s8_s9_l39_d_raw_spectra_culann_v01::1.0
P,urn:nasa:pds:go_nims_io_rad:data_derived:494_24i019tr_s12_s13_l1265_d_raw_spectra_camaxtli_patera_v01::1.0
P,urn:nasa:pds:go_nims_io_rad:data_derived:296_c9i002tr_s12_s13_l9_d_raw_spectra_susanoo_patera.-isum_patera_v01::1.0
P,urn:nasa:pds:go_nims_io_rad:data_derived:268_c9i009tr_s11_s12_l48_d_raw_spectra_acala_fluctus_3_v01::1.0
P,urn:nasa:pds:go_nims_io_rad:data_derived:514_27i004tr_s4_s5_l80_d_raw_spectra_reiden_patera-and_possibly_pillan_v01::1.0
P,urn:nasa:pds:go_nims_io_rad:data_derived:231_g8i015tr_s9_s10_l2_d_raw_spectra_isum_patera-susanoo_patera_region_v01::1.0
P,urn:nasa:pds:go_nims_io_rad:data_derived:111_e4i006tr_s11_s12_l24_d_raw_spectra_masaya_patera_region_v01::1.0
P,urn:nasa:pds:go_nims_io_rad:data_derived:590_32i008tr_s17_s18_l1508_d_raw_spectra_amirani-southern_portion_v01::1.0
P,urn:nasa:pds:go_nims_io_rad:data_derived:016_g2i002tr_s13_s14_l2_d_raw_spectra_monan-amirani_v01::1.0
P,urn:nasa:pds:go_nims_io_rad:data_derived:384_12i001tr_s9_s10_l50_d_raw_spectra_sigurd_patera_or_itzamna_patera_v01::1.0
P,urn:nasa:pds:go_nims_io_rad:data_derived:569_31i005tr_s11_s12_l4027_d_raw_spectra_p225_v01::1.0
P,urn:nasa:pds:go_nims_io_rad:data_derived:103_e4i004tr_s12_s13_l18_d_raw_spectra_loki_patera_v01::1.0
P,urn:nasa:pds:go_nims_io_rad:data_derived:563_31i005tr_s6_s7_l3572_d_raw_spectra_seth_patera_v01::1.0
P,urn:nasa:pds:go_nims_io_rad:data_derived:518_27i004tr_s1_s2_l109_d_raw_spectra_marduk_fluctus_v01::1.0
P,urn:nasa:pds:go_nims_io_rad:data_derived:211_g8i001tr_s13_s14_l1_d_raw_spectra_amirani_v01::1.0
P,urn:nasa:pds:go_nims_io_rad:data_derived:224_g8i003tr_s14_s15_l7_d_raw_spectra_prometheus-culann_patera_region_v01::1.0
P,urn:nasa:pds:go_nims_io_rad:data_derived:393_14i001tr_s9_s10_l68_d_raw_spectra_pele_v01::1.0
P,urn:nasa:pds:go_nims_io_rad:data_derived:495_24i019tr_s7_s8_l1363_d_raw_spectra_seth_patera_vicinity_v01::1.0
P,urn:nasa:pds:go_nims_io_rad:data_derived:331_10i002tr_s4_s5_l11_d_raw_spectra_gabija_patera_v01::1.0
P,urn:nasa:pds:go_nims_io_rad:data_derived:063_c3i002tr_s1_s2_l33_d_raw_spectra_aidne_patera_v01::1.0
P,urn:nasa:pds:go_nims_io_rad:data_derived:409_15i501tr_s13_s14_l19_d_raw_spectra_tupan_patera_v01::1.0
P,urn:nasa:pds:go_nims_io_rad:data_derived:233_g8i017tr_s9_s10_l1_d_raw_spectra_isum_patera-susanoo_patera_region_v01::1.0
P,urn:nasa:pds:go_nims_io_rad:data_derived:081_e4i012tr_s15_s16_l2_d_raw_spectra_sigurd_patera_region_v01::1.0
P,urn:nasa:pds:go_nims_io_rad:data_derived:136_e4i025tr_s8_s9_l11_d_raw_spectra_aten_patera_region_v01::1.0
P,urn:nasa:pds:go_nims_io_rad:data_derived:542_31i005tr_s12_s13_l1104_d_raw_spectra_dusura_patera_v01::1.0
P,urn:nasa:pds:go_nims_io_rad:data_derived:548_31i005tr_s12_s13_l1860_d_raw_spectra_amirani_2_v01::1.0
P,urn:nasa:pds:go_nims_io_rad:data_derived:245_g8i005tr_s14_s15_l5_d_raw_spectra_pillan_v01::1.0
P,urn:nasa:pds:go_nims_io_rad:data_derived:445_15i005tr_s1_s2_l62_d_raw_spectra_mulungu_patera-susanoo_patera_region_v01::1.0
P,urn:nasa:pds:go_nims_io_rad:data_derived:026_g2i002tr_s12_s13_l20_d_raw_spectra_mulungu_patera-susanoo_patera_region_v01::1.0
P,urn:nasa:pds:go_nims_io_rad:data_derived:339_11i002tr_s12_s13_l8_d_raw_spectra_amirani_v01::1.0
P,urn:nasa:pds:go_nims_io_rad:data_derived:040_g2i004tr_s6_s7_l26_d_raw_spectra_ulgen_patera-babbar_patera_region_v01::1.0
P,urn:nasa:pds:go_nims_io_rad:data_derived:037_g2i004tr_s13_s14_l16_d_raw_spectra_mulungu_patera_and-or_susanoo_patera_v01::1.0
P,urn:nasa:pds:go_nims_io_rad:data_derived:363_11i006tr_s10_s11_l9_d_raw_spectra_prometheus_v01::1.0
P,urn:nasa:pds:go_nims_io_rad:data_derived:373_12i001tr_s13_s14_l16_d_raw_spectra_amirani_v01::1.0
P,urn:nasa:pds:go_nims_io_rad:data_derived:348_11i003tr_s8_s9_l8_d_raw_spectra_malik_patera_v01::1.0
P,urn:nasa:pds:go_nims_io_rad:data_derived:094_e4i007tr_s11_s12_l17_d_raw_spectra_ot_patera_v01::1.0
P,urn:nasa:pds:go_nims_io_rad:data_derived:080_e4i001tr_s15_s16_l10_d_raw_spectra_hi-iaka_patera_v01::1.0
P,urn:nasa:pds:go_nims_io_rad:data_derived:415_15i501tr_s8_s9_l49_d_raw_spectra_zamama_v01::1.0
P,urn:nasa:pds:go_nims_io_rad:data_derived:338_11i002tr_s9_s10_l7_d_raw_spectra_tupan_patera-malik_patera_region_v01::1.0
P,urn:nasa:pds:go_nims_io_rad:data_derived:066_c3i002tr_s1_s2_l41_d_raw_spectra_prometheus_v01::1.0
P,urn:nasa:pds:go_nims_io_rad:data_derived:214_g8i009tr_s14_s15_l3_d_raw_spectra_tupan_patera-prometheus_region_v01::1.0
P,urn:nasa:pds:go_nims_io_rad:data_derived:153_e6i001tr_s14_s15_l11_d_raw_spectra_culann_v01::1.0
P,urn:nasa:pds:go_nims_io_rad:data_derived:430_15i501tr_s15_s16_l95_d_raw_spectra_malik_patera_v01::1.0
P,urn:nasa:pds:go_nims_io_rad:data_derived:181_g7i001tr_s15_s16_l9_d_raw_spectra_kanehekili_region_v01::1.0
P,urn:nasa:pds:go_nims_io_rad:data_derived:188_g7i005tr_s7_s8_l13_d_raw_spectra_isum_patera_v01::1.0
P,urn:nasa:pds:go_nims_io_rad:data_derived:428_15i501tr_s11_s12_l90_d_raw_spectra_prometheus_v01::1.0
P,urn:nasa:pds:go_nims_io_rad:data_derived:592_32i008tr_s2_s3_l2273_d_raw_spectra_donar_fluctus_v01::1.0
P,urn:nasa:pds:go_nims_io_rad:data_derived:555_31i005tr_s1_s2_l2288_d_raw_spectra_zal_patera_v01::1.0
P,urn:nasa:pds:go_nims_io_rad:data_derived:437_15i005tr_s18_s19_l16_d_raw_spectra_marduk_fluctus_v01::1.0
P,urn:nasa:pds:go_nims_io_rad:data_derived:068_c3i002tr_s11_s12_l60_d_raw_spectra_pillan_v01::1.0
P,urn:nasa:pds:go_nims_io_rad:data_derived:123_e4i023tr_s13_s14_l23_d_raw_spectra_dazhbog_patera_v01::1.0
P,urn:nasa:pds:go_nims_io_rad:data_derived:433_15i501tr_s6_s7_l101_d_raw_spectra_zal_patera_v01::1.0
P,urn:nasa:pds:go_nims_io_rad:data_derived:467_16i002tr_s9_s10_l20_d_raw_spectra_zamama_v01::1.0
P,urn:nasa:pds:go_nims_io_rad:data_derived:484_22i001tr_s12_s13_l17_d_raw_spectra_pele_v01::1.0
P,urn:nasa:pds:go_nims_io_rad:data_derived:321_10i005tr_s8_s9_l64_d_raw_spectra_malik_patera_v01::1.0
P,urn:nasa:pds:go_nims_io_rad:data_derived:238_g8i011tr_s14_s15_l1_d_raw_spectra_pillan_v01::1.0
P,urn:nasa:pds:go_nims_io_rad:data_derived:379_12i001tr_s10_s11_l39_d_raw_spectra_prometheus_v01::1.0
P,urn:nasa:pds:go_nims_io_rad:data_derived:182_g7i001tr_s14_s15_l13_d_raw_spectra_shamshu_patera_region_v01::1.0
P,urn:nasa:pds:go_nims_io_rad:data_derived:556_31i005tr_s1_s2_l2320_d_raw_spectra_p62_1_v01::1.0
P,urn:nasa:pds:go_nims_io_rad:data_derived:272_c9i009tr_s11_s12_l89_d_raw_spectra_acala_fluctus_5_v01::1.0
P,urn:nasa:pds:go_nims_io_rad:data_derived:018_g2i002tr_s8_s9_l6_d_raw_spectra_tupan_patera_v01::1.0
P,urn:nasa:pds:go_nims_io_rad:data_derived:567_31i005tr_s7_s8_l3922_d_raw_spectra_sigurd_patera_v01::1.0
P,urn:nasa:pds:go_nims_io_rad:data_derived:397_14i001tr_s4_s5_l85_d_raw_spectra_ot_patera_v01::1.0
P,urn:nasa:pds:go_nims_io_rad:data_derived:055_c3i001tr_s8_s9_l21_d_raw_spectra_sigurd_patera_v01::1.0
P,urn:nasa:pds:go_nims_io_rad:data_derived:093_e4i007tr_s17_s18_l15_d_raw_spectra_isum_patera_v01::1.0
P,urn:nasa:pds:go_nims_io_rad:data_derived:386_14i001tr_s12_s13_l25_d_raw_spectra_susanoo_patera-mulungu_patera_region_v01::1.0
P,urn:nasa:pds:go_nims_io_rad:data_derived:450_15i005tr_s5_s6_l84_d_raw_spectra_prometheus_v01::1.0
P,urn:nasa:pds:go_nims_io_rad:data_derived:232_g8i016tr_s11_s12_l1_d_raw_spectra_pillan_v01::1.0
P,urn:nasa:pds:go_nims_io_rad:data_derived:132_e4i024tr_s9_s10_l26_d_raw_spectra_masaya_patera_region_v01::1.0
P,urn:nasa:pds:go_nims_io_rad:data_derived:275_c9i009tr_s11_s12_l114_d_raw_spectra_janus_patera_and-or_kanehekili_6_v01::1.0
P,urn:nasa:pds:go_nims_io_rad:data_derived:061_c3i002tr_s5_s6_l18_d_raw_spectra_mulungu_patera-susanoo_patera_region_v01::1.0
P,urn:nasa:pds:go_nims_io_rad:data_derived:439_15i005tr_s15_s16_l28_d_raw_spectra_aidne_patera_v01::1.0
P,urn:nasa:pds:go_nims_io_rad:data_derived:139_e4i025tr_s8_s9_l15_d_raw_spectra_masaya_patera_region_v01::1.0
P,urn:nasa:pds:go_nims_io_rad:data_derived:209_g8i008tr_s13_s14_l2_d_raw_spectra_amirani_region_v01::1.0
P,urn:nasa:pds:go_nims_io_rad:data_derived:244_g8i005tr_s13_s14_l3_d_raw_spectra_shakaru_patera_region_v01::1.0
P,urn:nasa:pds:go_nims_io_rad:data_derived:577_31i005tr_s7_s8_l5364_d_raw_spectra_masubi_fluctus_v01::1.0
P,urn:nasa:pds:go_nims_io_rad:data_derived:431_15i501tr_s9_s10_l96_d_raw_spectra_camaxtli_patera_region_v01::1.0
P,urn:nasa:pds:go_nims_io_rad:data_derived:005_g1i003tr_s13_s14_l18_d_raw_spectra_isum_patera-lei_kung_fluctus_region_v01::1.0
P,urn:nasa:pds:go_nims_io_rad:data_derived:180_e6i002tr_s6_s7_l14_d_raw_spectra_tol-ava_patera_region_v01::1.0
P,urn:nasa:pds:go_nims_io_rad:data_derived:079_c3i002tr_s10_s11_l96_d_raw_spectra_tupan_patera_v01::1.0
P,urn:nasa:pds:go_nims_io_rad:data_derived:301_10i004tr_s10_s11_l9_d_raw_spectra_tawhaki_patera-hi-iaka_patera_region_v01::1.0
P,urn:nasa:pds:go_nims_io_rad:data_derived:271_c9i009tr_s12_s13_l73_d_raw_spectra_janus_patera_and-or_kanehekili_4_v01::1.0
P,urn:nasa:pds:go_nims_io_rad:data_derived:166_e6i003tr_s8_s9_l18_d_raw_spectra_mulungu_patera-susanoo_patera_region_v01::1.0
P,urn:nasa:pds:go_nims_io_rad:data_derived:183_g7i002tr_s13_s14_l9_d_raw_spectra_shamshu_patera-hi-iaka_patera_region_v01::1.0
P,urn:nasa:pds:go_nims_io_rad:data_derived:479_21i003tr_s1_s2_l76_d_raw_spectra_gish_bar_patera_v01::1.0
P,urn:nasa:pds:go_nims_io_rad:data_derived:426_15i501tr_s8_s9_l87_d_raw_spectra_zamama_v01::1.0
P,urn:nasa:pds:go_nims_io_rad:data_derived:390_14i001tr_s13_s14_l45_d_raw_spectra_zamama_v01::1.0
P,urn:nasa:pds:go_nims_io_rad:data_derived:328_10i002tr_s14_s15_l7_d_raw_spectra_mulungu_patera_and-or_susanoo_patera_v01::1.0
P,urn:nasa:pds:go_nims_io_rad:data_derived:042_g2i005tr_s7_s8_l16_d_raw_spectra_pele_v01::1.0
P,urn:nasa:pds:go_nims_io_rad:data_derived:394_14i001tr_s7_s8_l73_d_raw_spectra_pillan_v01::1.0
P,urn:nasa:pds:go_nims_io_rad:data_derived:087_e4i015tr_s15_s16_l14_d_raw_spectra_sigurd_patera-hi-iaka_patera_region_v01::1.0
P,urn:nasa:pds:go_nims_io_rad:data_derived:204_g7i004tr_s12_s13_l14_d_raw_spectra_pele_v01::1.0
P,urn:nasa:pds:go_nims_io_rad:data_derived:568_31i005tr_s17_s18_l4007_d_raw_spectra_p223_v01::1.0
P,urn:nasa:pds:go_nims_io_rad:data_derived:451_15i005tr_s8_s9_l86_d_raw_spectra_tupan_patera_v01::1.0
P,urn:nasa:pds:go_nims_io_rad:data_derived:424_15i501tr_s10_s11_l68_d_raw_spectra_tawhaki_patera-hi-iaka_patera_region_v01::1.0
P,urn:nasa:pds:go_nims_io_rad:data_derived:336_11i001tr_s9_s10_l10_d_raw_spectra_laki-oi_patera_v01::1.0
P,urn:nasa:pds:go_nims_io_rad:data_derived:274_c9i009tr_s11_s12_l110_d_raw_spectra_acala_fluctus_6_v01::1.0
P,urn:nasa:pds:go_nims_io_rad:data_derived:481_21i004tr_s10_s11_l59_d_raw_spectra_tupan_patera-tube_only_v01::1.0
P,urn:nasa:pds:go_nims_io_rad:data_derived:343_11i008tr_s9_s10_l7_d_raw_spectra_tupan_patera_v01::1.0
P,urn:nasa:pds:go_nims_io_rad:data_derived:089_e4i016tr_s15_s16_l24_d_raw_spectra_sigurd_patera-hi-iaka_patera_region_v01::1.0
P,urn:nasa:pds:go_nims_io_rad:data_derived:091_e4i007tr_s16_s17_l3_d_raw_spectra_zamama_v01::1.0
P,urn:nasa:pds:go_nims_io_rad:data_derived:414_15i501tr_s13_s14_l28_d_raw_spectra_sigurd_patera-itzamna_patera_region_v01::1.0
P,urn:nasa:pds:go_nims_io_rad:data_derived:364_11i004tr_s10_s11_l4_d_raw_spectra_pillan_v01::1.0
P,urn:nasa:pds:go_nims_io_rad:data_derived:541_31i005tr_s14_s15_l867_d_raw_spectra_p63_i31b_sw_of_thor_v01::1.0
P,urn:nasa:pds:go_nims_io_rad:data_derived:327_10i002tr_s10_s11_l1_d_raw_spectra_pillan_v01::1.0
P,urn:nasa:pds:go_nims_io_rad:data_derived:600_32i008tr_s5_s6_l4107_d_raw_spectra_wabasso_patera_v01::1.0
P,urn:nasa:pds:go_nims_io_rad:data_derived:130_e4i024tr_s12_s13_l24_d_raw_spectra_loki_patera_v01::1.0
P,urn:nasa:pds:go_nims_io_rad:data_derived:579_31i007tr_s10_s11_l190_d_raw_spectra_lei_kung_fluctus_v01::1.0
P,urn:nasa:pds:go_nims_io_rad:data_derived:528_30i002tr_s9_s10_l65_d_raw_spectra_zal_patera_v01::1.0
P,urn:nasa:pds:go_nims_io_rad:data_derived:463_16i001tr_s12_s13_l14_d_raw_spectra_marduk_fluctus_v01::1.0
P,urn:nasa:pds:go_nims_io_rad:data_derived:304_10i007tr_s9_s10_l2_d_raw_spectra_itzamna_patera-sigurd_patera_region_v01::1.0
P,urn:nasa:pds:go_nims_io_rad:data_derived:381_12i001tr_s6_s7_l45_d_raw_spectra_malik_patera_v01::1.0
P,urn:nasa:pds:go_nims_io_rad:data_derived:249_g8i006tr_s14_s15_l6_d_raw_spectra_daedalus-shakaru_patera_v01::1.0
P,urn:nasa:pds:go_nims_io_rad:data_derived:046_g2i006tr_s8_s9_l1_d_raw_spectra_pele_v01::1.0
P,urn:nasa:pds:go_nims_io_rad:data_derived:062_c3i002tr_s10_s11_l26_d_raw_spectra_fo_patera_v01::1.0
P,urn:nasa:pds:go_nims_io_rad:data_derived:452_15i005tr_s3_s4_l88_d_raw_spectra_camaxtli_patera_region_v01::1.0
P,urn:nasa:pds:go_nims_io_rad:data_derived:177_e6i002tr_s5_s6_l7_d_raw_spectra_ulgen_patera_region_v01::1.0
P,urn:nasa:pds:go_nims_io_rad:data_derived:154_e6i001tr_s12_s13_l13_d_raw_spectra_prometheus_v01::1.0
P,urn:nasa:pds:go_nims_io_rad:data_derived:064_c3i002tr_s6_s7_l33_d_raw_spectra_zamama_v01::1.0
P,urn:nasa:pds:go_nims_io_rad:data_derived:253_c9i004tr_s10_s11_l5_d_raw_spectra_loki_patera_v01::1.0
P,urn:nasa:pds:go_nims_io_rad:data_derived:169_e6i003tr_s6_s7_l21_d_raw_spectra_isum_patera_v01::1.0
P,urn:nasa:pds:go_nims_io_rad:data_derived:326_10i009tr_s10_s11_l3_d_raw_spectra_prometheus_v01::1.0
P,urn:nasa:pds:go_nims_io_rad:data_derived:404_14i001tr_s9_s10_l108_d_raw_spectra_tupan_patera_v01::1.0
P,urn:nasa:pds:go_nims_io_rad:data_derived:257_c9i008tr_s11_s12_l94_d_raw_spectra_janus_patera_and-or_kanehekili_6_v01::1.0
P,urn:nasa:pds:go_nims_io_rad:data_derived:273_c9i009tr_s12_s13_l94_d_raw_spectra_janus_patera_and-or_kanehekili_5_v01::1.0
P,urn:nasa:pds:go_nims_io_rad:data_derived:162_e6i003tr_s7_s8_l3_d_raw_spectra_daedalus_patera-shakuru_patera_v01::1.0
P,urn:nasa:pds:go_nims_io_rad:data_derived:349_11i009tr_s12_s13_l4_d_raw_spectra_zamama_v01::1.0
P,urn:nasa:pds:go_nims_io_rad:data_derived:056_c3i001tr_s14_s15_l21_d_raw_spectra_zal_patera_v01::1.0
P,urn:nasa:pds:go_nims_io_rad:data_derived:322_10i005tr_s18_s19_l65_d_raw_spectra_maui_patera_v01::1.0
P,urn:nasa:pds:go_nims_io_rad:data_derived:411_15i501tr_s9_s10_l21_d_raw_spectra_camaxtli_patera_region_v01::1.0
P,urn:nasa:pds:go_nims_io_rad:data_derived:160_e6i001tr_s16_s17_l21_d_raw_spectra_arusha_patera-altjirra_patera_region_v01::1.0
P,urn:nasa:pds:go_nims_io_rad:data_derived:159_e6i001tr_s10_s11_l20_d_raw_spectra_amirani_v01::1.0
P,urn:nasa:pds:go_nims_io_rad:data_derived:011_g2i001tr_s9_s10_l12_d_raw_spectra_prometheus_v01::1.0
P,urn:nasa:pds:go_nims_io_rad:data_derived:511_27i004tr_s5_s6_l32_d_raw_spectra_surya_patera_region_v01::1.0
P,urn:nasa:pds:go_nims_io_rad:data_derived:320_10i005tr_s11_s12_l60_d_raw_spectra_tupan_patera_v01::1.0
P,urn:nasa:pds:go_nims_io_rad:data_derived:219_g8i002tr_s15_s16_l4_d_raw_spectra_tupan-malik_region_v01::1.0
P,urn:nasa:pds:go_nims_io_rad:data_derived:014_g2i001tr_s10_s11_l17_d_raw_spectra_tupan_patera_v01::1.0
P,urn:nasa:pds:go_nims_io_rad:data_derived:113_e4i021tr_s13_s14_l22_d_raw_spectra_dazhbog_patera-kinich_ahau_region_v01::1.0
P,urn:nasa:pds:go_nims_io_rad:data_derived:031_g2i004tr_s7_s8_l4_d_raw_spectra_culann_v01::1.0
P,urn:nasa:pds:go_nims_io_rad:data_derived:515_27i004tr_s10_s11_l91_d_raw_spectra_ot_patera_v01::1.0
P,urn:nasa:pds:go_nims_io_rad:data_derived:506_26i001tr_s16_s17_l820_d_raw_spectra_marduk_fluctus_v01::1.0
P,urn:nasa:pds:go_nims_io_rad:data_derived:488_24i019tr_s9_s10_l251_d_raw_spectra_susanoo_patera-mulungu_patera_region_v01::1.0
P,urn:nasa:pds:go_nims_io_rad:data_derived:208_g8i008tr_s13_s14_l1_d_raw_spectra_emakong_patera_north_region_v01::1.0
P,urn:nasa:pds:go_nims_io_rad:data_derived:435_15i002tr_s6_s7_l14_d_raw_spectra_prometheus_v01::1.0
P,urn:nasa:pds:go_nims_io_rad:data_derived:131_e4i024tr_s11_s12_l25_d_raw_spectra_tol-ava_patera_v01::1.0
P,urn:nasa:pds:go_nims_io_rad:data_derived:250_g8i006tr_s15_s16_l8_d_raw_spectra_pele_v01::1.0
P,urn:nasa:pds:go_nims_io_rad:data_derived:405_14i001tr_s6_s7_l110_d_raw_spectra_prometheus_v01::1.0
P,urn:nasa:pds:go_nims_io_rad:data_derived:465_16i001tr_s8_s9_l19_d_raw_spectra_zamama_v01::1.0
P,urn:nasa:pds:go_nims_io_rad:data_derived:262_c9i008tr_s12_s12_l194_d_raw_spectra_janus_patera_and-or_kanehekili_10_v01::1.0
P,urn:nasa:pds:go_nims_io_rad:data_derived:292_c9i005tr_s10_s11_l12_d_raw_spectra_prometheus_v01::1.0
P,urn:nasa:pds:go_nims_io_rad:data_derived:190_g7i005tr_s8_s9_l15_d_raw_spectra_mulungu_patera_or_susanoo_patera_v01::1.0
P,urn:nasa:pds:go_nims_io_rad:data_derived:167_e6i003tr_s11_s12_l18_d_raw_spectra_ot_patera_v01::1.0
P,urn:nasa:pds:go_nims_io_rad:data_derived:284_c9i001tr_s7_s8_l18_d_raw_spectra_altjirra_patera-arusha_patera_region_v01::1.0
P,urn:nasa:pds:go_nims_io_rad:data_derived:074_c3i002tr_s15_s16_l85_d_raw_spectra_aidne_patera_v01::1.0
P,urn:nasa:pds:go_nims_io_rad:data_derived:370_11i007tr_s9_s10_l8_d_raw_spectra_marduk_fluctus_v01::1.0
P,urn:nasa:pds:go_nims_io_rad:data_derived:502_25i003tr_s3_s4_l5563_d_raw_spectra_p89_v01::1.0
P,urn:nasa:pds:go_nims_io_rad:data_derived:017_g2i002tr_s6_s7_l5_d_raw_spectra_malik_patera_v01::1.0
P,urn:nasa:pds:go_nims_io_rad:data_derived:096_e4i007tr_s9_s10_l27_d_raw_spectra_sw_of_pillan_v01::1.0
P,urn:nasa:pds:go_nims_io_rad:data_derived:460_15i005tr_s8_s9_l128_d_raw_spectra_camaxtli_patera_region_v01::1.0
P,urn:nasa:pds:go_nims_io_rad:data_derived:241_g8i018tr_s9_s10_l8_d_raw_spectra_susanoo_patera-isum_patera_region_v01::1.0
P,urn:nasa:pds:go_nims_io_rad:data_derived:510_27i001tr_s14_s15_l206_d_raw_spectra_p162_v01::1.0
P,urn:nasa:pds:go_nims_io_rad:data_derived:586_32i008tr_s19_s20_l1193_d_raw_spectra_sobo_fluctus_v01::1.0
P,urn:nasa:pds:go_nims_io_rad:data_derived:354_11i010tr_s9_s10_l1_d_raw_spectra_culann-prometheus_region_v01::1.0
P,urn:nasa:pds:go_nims_io_rad:data_derived:252_g8i013tr_s14_s15_l6_d_raw_spectra_loki_patera_v01::1.0
P,urn:nasa:pds:go_nims_io_rad:data_derived:374_12i001tr_s13_s14_l19_d_raw_spectra_gish_bar_patera_v01::1.0
P,urn:nasa:pds:go_nims_io_rad:data_derived:134_e4i009tr_s5_s6_l12_d_raw_spectra_loki_patera_v01::1.0
P,urn:nasa:pds:go_nims_io_rad:data_derived:278_c9i001tr_s9_s10_l6_d_raw_spectra_culann_v01::1.0
P,urn:nasa:pds:go_nims_io_rad:data_derived:359_11i006tr_s12_s13_l4_d_raw_spectra_isum_patera-lei-kung_fluctus_region_v01::1.0
P,urn:nasa:pds:go_nims_io_rad:data_derived:365_11i004tr_s12_s13_l7_d_raw_spectra_isum_patera_v01::1.0
P,urn:nasa:pds:go_nims_io_rad:data_derived:313_10i005tr_s11_s12_l20_d_raw_spectra_arinna_fluctus_v01::1.0
P,urn:nasa:pds:go_nims_io_rad:data_derived:149_e4i027tr_s10_s11_l31_d_raw_spectra_ruwa_patera_v01::1.0
P,urn:nasa:pds:go_nims_io_rad:data_derived:085_e4i014tr_s15_s16_l24_d_raw_spectra_sigurd_patera-hi-iaka_patera_region_v01::1.0
P,urn:nasa:pds:go_nims_io_rad:data_derived:337_11i001tr_s10_s11_l13_d_raw_spectra_kanehekili_fluctus-janus_patera_region_v01::1.0
P,urn:nasa:pds:go_nims_io_rad:data_derived:573_31i005tr_s3_s4_l4766_d_raw_spectra_shamash_patera_v01::1.0
P,urn:nasa:pds:go_nims_io_rad:data_derived:032_g2i004tr_s12_s13_l5_d_raw_spectra_zamama_v01::1.0
P,urn:nasa:pds:go_nims_io_rad:data_derived:587_32i008tr_s17_s18_l1228_d_raw_spectra_p62_v01::1.0
P,urn:nasa:pds:go_nims_io_rad:data_derived:517_27i004tr_s19_s20_l105_d_raw_spectra_isum_patera_v01::1.0
P,urn:nasa:pds:go_nims_io_rad:data_derived:259_c9i008tr_s11_s12_l135_d_raw_spectra_janus_patera_and-or_kanehekili_8_v01::1.0
P,urn:nasa:pds:go_nims_io_rad:data_derived:566_31i005tr_s14_s15_l3879_d_raw_spectra_itzamna_patera_v01::1.0
P,urn:nasa:pds:go_nims_io_rad:data_derived:599_32i008tr_s11_s12_l3989_d_raw_spectra_p128_v01::1.0
P,urn:nasa:pds:go_nims_io_rad:data_derived:225_g8i007tr_s14_s15_l5_d_raw_spectra_prometheus-tupan_patera_region_v01::1.0
P,urn:nasa:pds:go_nims_io_rad:data_derived:012_g2i001tr_s8_s9_l13_d_raw_spectra_culann_v01::1.0
P,urn:nasa:pds:go_nims_io_rad:data_derived:319_10i005tr_s8_s9_l57_d_raw_spectra_shamash_patera_v01::1.0
P,urn:nasa:pds:go_nims_io_rad:data_derived:104_e4i005tr_s7_s8_l22_d_raw_spectra_ulgen_patera_v01::1.0
P,urn:nasa:pds:go_nims_io_rad:data_derived:235_g8i004tr_s15_s16_l1_d_raw_spectra_pillan_v01::1.0
P,urn:nasa:pds:go_nims_io_rad:data_derived:261_c9i008tr_s12_s13_l173_d_raw_spectra_janus_patera_and-or_kanehekili_9_v01::1.0
P,urn:nasa:pds:go_nims_io_rad:data_derived:461_16i001tr_s7_s8_l14_d_raw_spectra_isum_patera-susanoo_patera_region_v01::1.0
P,urn:nasa:pds:go_nims_io_rad:data_derived:155_e6i001tr_s10_s11_l14_d_raw_spectra_arinna_fluctus_v01::1.0
P,urn:nasa:pds:go_nims_io_rad:data_derived:389_14i001tr_s9_s10_l31_d_raw_spectra_isum_patera_v01::1.0
P,urn:nasa:pds:go_nims_io_rad:data_derived:361_11i006tr_s12_s13_l7_d_raw_spectra_zamama_region_v01::1.0
P,urn:nasa:pds:go_nims_io_rad:data_derived:525_29i002tr_s9_s10_l362_d_raw_spectra_loki_patera_v01::1.0
P,urn:nasa:pds:go_nims_io_rad:data_derived:227_g8i007tr_s13_s14_l7_d_raw_spectra_zamama_region_v01::1.0
P,urn:nasa:pds:go_nims_io_rad:data_derived:553_31i005tr_s19_s20_l2208_d_raw_spectra_gish_bar_mons_v01::1.0
P,urn:nasa:pds:go_nims_io_rad:data_derived:391_14i001tr_s17_s18_l46_d_raw_spectra_aidne_patera_v01::1.0
P,urn:nasa:pds:go_nims_io_rad:data_derived:168_e6i003tr_s14_s15_l19_d_raw_spectra_marduk_fluctus_v01::1.0
P,urn:nasa:pds:go_nims_io_rad:data_derived:340_11i002tr_s9_s10_l10_d_raw_spectra_itzamna_patera-sigurd_patera_region_v01::1.0
P,urn:nasa:pds:go_nims_io_rad:data_derived:314_10i005tr_s2_s3_l23_d_raw_spectra_tupan_patera_v01::1.0
P,urn:nasa:pds:go_nims_io_rad:data_derived:491_24i019tr_s7_s8_l882_d_raw_spectra_aidne_patera_v01::1.0
P,urn:nasa:pds:go_nims_io_rad:data_derived:095_e4i007tr_s15_s16_l18_d_raw_spectra_mulungu_patera_v01::1.0
P,urn:nasa:pds:go_nims_io_rad:data_derived:210_g8i008tr_s13_s14_l4_d_raw_spectra_sigurd-hi-iaka-gish_bar_region_v01::1.0
P,urn:nasa:pds:go_nims_io_rad:data_derived:176_e6i002tr_s10_s11_l4_d_raw_spectra_264_w_52_n-unnamed_v01::1.0
P,urn:nasa:pds:go_nims_io_rad:data_derived:069_c3i002tr_s14_s15_l67_d_raw_spectra_ot_patera_v01::1.0
P,urn:nasa:pds:go_nims_io_rad:data_derived:053_c3i001tr_s13_s12_l17_d_raw_spectra_amirani_v01::1.0
P,urn:nasa:pds:go_nims_io_rad:data_derived:125_e4i023tr_s10_s11_l25_d_raw_spectra_tol-ava_patera_region_v01::1.0
P,urn:nasa:pds:go_nims_io_rad:data_derived:578_31i007tr_s13_s14_l120_d_raw_spectra_isum_patera_v01::1.0
P,urn:nasa:pds:go_nims_io_rad:data_derived:594_32i008tr_s12_s13_l2766_d_raw_spectra_prometheus_v01::1.0
P,urn:nasa:pds:go_nims_io_rad:data_derived:524_29i002tr_s11_s12_l156_d_raw_spectra_kanehekili-janus_patera_region_v01::1.0
P,urn:nasa:pds:go_nims_io_rad:data_derived:200_g7i004tr_s9_s10_l3_d_raw_spectra_loki_patera_v01::1.0
P,urn:nasa:pds:go_nims_io_rad:data_derived:299_10i001tr_s11_s12_l17_d_raw_spectra_tawhaki_patera-hi-iaka_patera_region_v01::1.0
P,urn:nasa:pds:go_nims_io_rad:data_derived:290_c9i005tr_s9_s10_l11_d_raw_spectra_culann_v01::1.0
P,urn:nasa:pds:go_nims_io_rad:data_derived:403_14i001tr_s13_s14_l106_d_raw_spectra_malik_patera_v01::1.0
P,urn:nasa:pds:go_nims_io_rad:data_derived:315_10i005tr_s18_s19_l49_d_raw_spectra_zamama_v01::1.0
P,urn:nasa:pds:go_nims_io_rad:data_derived:044_g2i003tr_s7_s8_l9_d_raw_spectra_babbar_patera_v01::1.0
P,urn:nasa:pds:go_nims_io_rad:data_derived:539_30i002tr_s7_s8_l264_d_raw_spectra_janus_patera_v01::1.0
P,urn:nasa:pds:go_nims_io_rad:data_derived:438_15i005tr_s9_s10_l19_d_raw_spectra_isum_patera_v01::1.0
P,urn:nasa:pds:go_nims_io_rad:data_derived:128_e4i024tr_s14_s15_l22_d_raw_spectra_dazhbog_patera_v01::1.0
P,urn:nasa:pds:go_nims_io_rad:data_derived:045_g2i003tr_s10_s11_l10_d_raw_spectra_daedalus_patera_v01::1.0
P,urn:nasa:pds:go_nims_io_rad:data_derived:186_g7i005tr_s12_s13_l7_d_raw_spectra_culann_v01::1.0
P,urn:nasa:pds:go_nims_io_rad:data_derived:546_31i005tr_s18_s19_l1723_d_raw_spectra_maui_patera_v01::1.0
P,urn:nasa:pds:go_nims_io_rad:data_derived:344_11i008tr_s8_s9_l10_d_raw_spectra_malik_patera_v01::1.0
P,urn:nasa:pds:go_nims_io_rad:data_derived:554_31i005tr_s15_s16_l2218_d_raw_spectra_estan_patera_v01::1.0
P,urn:nasa:pds:go_nims_io_rad:data_derived:475_21i001tr_s8_s9_l45_d_raw_spectra_amirani-mid_and_northern_flow_field_v01::1.0
P,urn:nasa:pds:go_nims_io_rad:data_derived:574_31i005tr_s10_s11_l5115_d_raw_spectra_catha_patera_v01::1.0
P,urn:nasa:pds:go_nims_io_rad:data_derived:469_16i002tr_s11_s12_l20_d_raw_spectra_culann-tupan_patera_region_v01::1.0
P,urn:nasa:pds:go_nims_io_rad:data_derived:325_10i009tr_s8_s9_l1_d_raw_spectra_culann_v01::1.0
P,urn:nasa:pds:go_nims_io_rad:data_derived:353_11i009tr_s8_s9_l10_d_raw_spectra_malik_patera_v01::1.0
P,urn:nasa:pds:go_nims_io_rad:data_derived:025_g2i002tr_s8_s9_l19_d_raw_spectra_marduk_fluctus_v01::1.0
P,urn:nasa:pds:go_nims_io_rad:data_derived:248_g8i006tr_s14_s15_l4_d_raw_spectra_loki_patera_v01::1.0
P,urn:nasa:pds:go_nims_io_rad:data_derived:345_11i003tr_s11_s12_l2_d_raw_spectra_zamama_and_prometheus_v01::1.0
P,urn:nasa:pds:go_nims_io_rad:data_derived:222_g8i003tr_s13_s14_l4_d_raw_spectra_amirani_v01::1.0
P,urn:nasa:pds:go_nims_io_rad:data_derived:402_14i001tr_s10_s11_l105_d_raw_spectra_culann_patera_v01::1.0
P,urn:nasa:pds:go_nims_io_rad:data_derived:057_c3i001tr_s11_s12_l22_d_raw_spectra_gish_bar_patera_v01::1.0
P,urn:nasa:pds:go_nims_io_rad:data_derived:184_g7i002tr_s12_s13_l15_d_raw_spectra_amirani_v01::1.0
P,urn:nasa:pds:go_nims_io_rad:data_derived:427_15i501tr_s13_s14_l87_d_raw_spectra_culann_patera_v01::1.0
P,urn:nasa:pds:go_nims_io_rad:data_derived:423_15i501tr_s13_s14_l64_d_raw_spectra_sigurd_patera-itzamna_patera_region_v01::1.0
P,urn:nasa:pds:go_nims_io_rad:data_derived:312_10i005tr_s5_s6_l18_d_raw_spectra_prometheus_v01::1.0
P,urn:nasa:pds:go_nims_io_rad:data_derived:421_15i501tr_s8_s9_l62_d_raw_spectra_amirani_v01::1.0
P,urn:nasa:pds:go_nims_io_rad:data_derived:572_31i005tr_s14_s15_l4429_d_raw_spectra_altjirra_patera_v01::1.0
P,urn:nasa:pds:go_nims_io_rad:data_derived:010_g2i001tr_s8_s9_l10_d_raw_spectra_aidne_patera_v01::1.0
P,urn:nasa:pds:go_nims_io_rad:data_derived:441_15i005tr_s18_s19_l32_d_raw_spectra_culann_v01::1.0
P,urn:nasa:pds:go_nims_io_rad:data_derived:360_11i006tr_s8_s9_l6_d_raw_spectra_haokah_patera_v01::1.0
P,urn:nasa:pds:go_nims_io_rad:data_derived:487_24i011tr_s10_s11_l12_d_raw_spectra_marduk_fluctus_v01::1.0
P,urn:nasa:pds:go_nims_io_rad:data_derived:473_21i001tr_s9_s10_l29_d_raw_spectra_thor_v01::1.0
P,urn:nasa:pds:go_nims_io_rad:data_derived:013_g2i001tr_s13_s14_l13_d_raw_spectra_amirani_and_maui_patera_v01::1.0
P,urn:nasa:pds:go_nims_io_rad:data_derived:533_30i002tr_s18_s19_l115_d_raw_spectra_kanehekili_v01::1.0
P,urn:nasa:pds:go_nims_io_rad:data_derived:562_31i005tr_s11_s12_l3239_d_raw_spectra_prometheus_v01::1.0
P,urn:nasa:pds:go_nims_io_rad:data_derived:230_g8i015tr_s12_s13_l1_d_raw_spectra_marduk_fluctus_v01::1.0
P,urn:nasa:pds:go_nims_io_rad:data_derived:047_c3i001tr_s12_s13_l4_d_raw_spectra_isum_patera_v01::1.0
P,urn:nasa:pds:go_nims_io_rad:data_derived:501_24i019tr_s16_s17_l2605_d_raw_spectra_wabasso_patera_1_v01::1.0
P,urn:nasa:pds:go_nims_io_rad:data_derived:523_29i002tr_s11_s12_l88_d_raw_spectra_shamshu_patera_region_v01::1.0
P,urn:nasa:pds:go_nims_io_rad:data_derived:388_14i001tr_s12_s14_l27_d_raw_spectra_mulungu_patera-susanoo_patera_region_v01::1.0
P,urn:nasa:pds:go_nims_io_rad:data_derived:323_10i006tr_s9_s10_l21_d_raw_spectra_malik_patera_v01::1.0
P,urn:nasa:pds:go_nims_io_rad:data_derived:199_g7i003tr_s12_s13_l24_d_raw_spectra_pele_v01::1.0
P,urn:nasa:pds:go_nims_io_rad:data_derived:213_g8i001tr_s14_s15_l4_d_raw_spectra_hi-iaka_patera-tawhiki_patera_region_v01::1.0
P,urn:nasa:pds:go_nims_io_rad:data_derived:267_c9i009tr_s11_s12_l32_d_raw_spectra_janus_patera_and-or_kanehekili_2_v01::1.0
P,urn:nasa:pds:go_nims_io_rad:data_derived:416_15i501tr_s13_s14_l51_d_raw_spectra_culann_patera_v01::1.0
P,urn:nasa:pds:go_nims_io_rad:data_derived:332_10i002tr_s7_s8_l12_d_raw_spectra_rata_patera_v01::1.0
P,urn:nasa:pds:go_nims_io_rad:data_derived:110_e4i006tr_s13_s14_l23_d_raw_spectra_loki_patera_region_v01::1.0
P,urn:nasa:pds:go_nims_io_rad:data_derived:075_c3i002tr_s19_s20_l86_d_raw_spectra_zamama_v01::1.0
P,urn:nasa:pds:go_nims_io_rad:data_derived:585_32i008tr_s14_s15_l1177_d_raw_spectra_arinna_fluctus_v01::1.0
P,urn:nasa:pds:go_nims_io_rad:data_derived:164_e6i003tr_s13_s14_l7_d_raw_spectra_pele_v01::1.0
P,urn:nasa:pds:go_nims_io_rad:data_derived:583_32i008tr_s18_s19_l885_d_raw_spectra_zamama_v01::1.0
P,urn:nasa:pds:go_nims_io_rad:data_derived:007_g2i001tr_s10_s9_l7_d_raw_spectra_zamama_v01::1.0
P,urn:nasa:pds:go_nims_io_rad:data_derived:532_30i002tr_s16_s17_l107_d_raw_spectra_janus_patera_v01::1.0
P,urn:nasa:pds:go_nims_io_rad:data_derived:446_15i005tr_s8_s9_l64_d_raw_spectra_marduk_fluctus_v01::1.0
P,urn:nasa:pds:go_nims_io_rad:data_derived:482_21i004tr_s12_s13_l71_d_raw_spectra_malik_patera-tube_only_v01::1.0
P,urn:nasa:pds:go_nims_io_rad:data_derived:356_11i005tr_s12_s13_l6_d_raw_spectra_zamama_v01::1.0
P,urn:nasa:pds:go_nims_io_rad:data_derived:201_g7i004tr_s7_s8_l5_d_raw_spectra_amaterasu_patera_v01::1.0
P,urn:nasa:pds:go_nims_io_rad:data_derived:223_g8i003tr_s15_s16_l5_d_raw_spectra_malik_patera_region_v01::1.0
P,urn:nasa:pds:go_nims_io_rad:data_derived:400_14i001tr_s5_s6_l102_d_raw_spectra_aidne_patera_v01::1.0
P,urn:nasa:pds:go_nims_io_rad:data_derived:545_31i005tr_s15_s16_l1639_d_raw_spectra_maju_patera_v01::1.0
P,urn:nasa:pds:go_nims_io_rad:data_derived:049_c3i001tr_s6_s7_l8_d_raw_spectra_culann_v01::1.0
P,urn:nasa:pds:go_nims_io_rad:data_derived:033_g2i004tr_s10_s11_l6_d_raw_spectra_aidne_patera_v01::1.0
P,urn:nasa:pds:go_nims_io_rad:data_derived:078_c3i002tr_s14_s15_l93_d_raw_spectra_prometheus_v01::1.0
P,urn:nasa:pds:go_nims_io_rad:data_derived:141_e4i026tr_s8_s9_l18_d_raw_spectra_aten_patera_region_v01::1.0
P,urn:nasa:pds:go_nims_io_rad:data_derived:073_c3i002tr_s4_s5_l78_d_raw_spectra_sethlaus_patera_v01::1.0
P,urn:nasa:pds:go_nims_io_rad:data_derived:043_g2i003tr_s10_s11_l6_d_raw_spectra_loki_patera_v01::1.0
P,urn:nasa:pds:go_nims_io_rad:data_derived:117_e4i021tr_s10_s11_l29_d_raw_spectra_ruwa_patera-kanehekili_region_v01::1.0
P,urn:nasa:pds:go_nims_io_rad:data_derived:580_32i008tr_s14_s15_l404_d_raw_spectra_isum_patera_v01::1.0
P,urn:nasa:pds:go_nims_io_rad:data_derived:077_c3i002tr_s10_s11_l90_d_raw_spectra_culann_v01::1.0
P,urn:nasa:pds:go_nims_io_rad:data_derived:472_21i001tr_s4_s5_l18_d_raw_spectra_arinna_fluctus_v01::1.0
P,urn:nasa:pds:go_nims_io_rad:data_derived:347_11i003tr_s8_s9_l6_d_raw_spectra_tupan_patera_v01::1.0
P,urn:nasa:pds:go_nims_io_rad:data_derived:151_e6i001tr_s12_s13_l8_d_raw_spectra_aidne_patera_v01::1.0
P,urn:nasa:pds:go_nims_io_rad:data_derived:456_15i005tr_s7_s8_l118_d_raw_spectra_zamama_v01::1.0
P,urn:nasa:pds:go_nims_io_rad:data_derived:571_31i005tr_s14_s15_l4242_d_raw_spectra_malik_patera_v01::1.0
P,urn:nasa:pds:go_nims_io_rad:data_derived:152_e6i001tr_s10_s11_l10_d_raw_spectra_zamama_v01::1.0
P,urn:nasa:pds:go_nims_io_rad:data_derived:362_11i006tr_s9_s10_l8_d_raw_spectra_culann_and-or_wabasso_patera_v01::1.0
P,urn:nasa:pds:go_nims_io_rad:data_derived:039_g2i004tr_s8_s9_l25_d_raw_spectra_pele_v01::1.0
P,urn:nasa:pds:go_nims_io_rad:data_derived:052_c3i001tr_s4_s5_l15_d_raw_spectra_malik_patera_v01::1.0
P,urn:nasa:pds:go_nims_io_rad:data_derived:486_24i018tr_s19_s20_l755_d_raw_spectra_p62_v01::1.0
P,urn:nasa:pds:go_nims_io_rad:data_derived:105_e4i005tr_s14_s15_l22_d_raw_spectra_dazhbog_patera_v01::1.0
P,urn:nasa:pds:go_nims_io_rad:data_derived:135_e4i009tr_s6_s7_l13_d_raw_spectra_daedalus_patera_v01::1.0
P,urn:nasa:pds:go_nims_io_rad:data_derived:558_31i005tr_s8_s9_l2437_d_raw_spectra_tien_mu_patera_v01::1.0
P,urn:nasa:pds:go_nims_io_rad:data_derived:335_11i001tr_s10_s11_l8_d_raw_spectra_hi-iaka_patera_region_v01::1.0
P,urn:nasa:pds:go_nims_io_rad:data_derived:256_c9i008tr_s12_s13_l74_d_raw_spectra_janus_patera_and-or_kanehekili_4_v01::1.0
P,urn:nasa:pds:go_nims_io_rad:data_derived:285_c9i005tr_s9_s10_l3_d_raw_spectra_marduk_fluctus_v01::1.0
P,urn:nasa:pds:go_nims_io_rad:data_derived:148_e4i027tr_s9_s10_l31_d_raw_spectra_kanehekili_fluctus-uta_patera_region_v01::1.0
P,urn:nasa:pds:go_nims_io_rad:data_derived:529_30i002tr_s13_s14_l65_d_raw_spectra_gish_bar_patera_v01::1.0
P,urn:nasa:pds:go_nims_io_rad:data_derived:589_32i008tr_s13_s14_l1408_d_raw_spectra_dusura_patera_v01::1.0
P,urn:nasa:pds:go_nims_io_rad:data_derived:038_g2i004tr_s9_s10_l22_d_raw_spectra_reiden_patera-pillan_region_v01::1.0
P,urn:nasa:pds:go_nims_io_rad:data_derived:398_14i001tr_s10_s11_l87_d_raw_spectra_marduk_fluctus_v01::1.0
P,urn:nasa:pds:go_nims_io_rad:data_derived:050_c3i001tr_s8_s9_l10_d_raw_spectra_prometheus_v01::1.0
P,urn:nasa:pds:go_nims_io_rad:data_derived:448_15i005tr_s8_s9_l81_d_raw_spectra_culann_v01::1.0
P,urn:nasa:pds:go_nims_io_rad:data_derived:453_15i005tr_s7_s8_l103_d_raw_spectra_mulungu_patera-susanoo_patera_region_v01::1.0
P,urn:nasa:pds:go_nims_io_rad:data_derived:561_31i005tr_s13_s14_l3117_d_raw_spectra_north_of_tawhaki_patera_v01::1.0
P,urn:nasa:pds:go_nims_io_rad:data_derived:367_11i004tr_s7_s8_l11_d_raw_spectra_sethlaus_patera_v01::1.0
P,urn:nasa:pds:go_nims_io_rad:data_derived:358_11i006tr_s9_s10_l4_d_raw_spectra_marduk_fluctus_v01::1.0
P,urn:nasa:pds:go_nims_io_rad:data_derived:189_g7i005tr_s13_s14_l14_d_raw_spectra_marduk_fluctus_v01::1.0
P,urn:nasa:pds:go_nims_io_rad:data_derived:124_e4i023tr_s12_s13_l24_d_raw_spectra_loki_patera_v01::1.0
P,urn:nasa:pds:go_nims_io_rad:data_derived:489_24i019tr_s4_s5_l332_d_raw_spectra_ot_patera_v01::1.0
P,urn:nasa:pds:go_nims_io_rad:data_derived:008_g2i001tr_s12_s13_l8_d_raw_spectra_arinna_fluctus_v01::1.0
P,urn:nasa:pds:go_nims_io_rad:data_derived:593_32i008tr_s18_s19_l2634_d_raw_spectra_culann_v01::1.0
P,urn:nasa:pds:go_nims_io_rad:data_derived:570_31i005tr_s5_s6_l4085_d_raw_spectra_hi-iaka_patera_v01::1.0
P,urn:nasa:pds:go_nims_io_rad:data_derived:376_12i001tr_s9_s10_l20_d_raw_spectra_sigurd_patera_region_v01::1.0
P,urn:nasa:pds:go_nims_io_rad:data_derived:205_g7i004tr_s11_s12_l16_d_raw_spectra_pillan_v01::1.0
P,urn:nasa:pds:go_nims_io_rad:data_derived:179_e6i002tr_s8_s9_l11_d_raw_spectra_loki_patera_v01::1.0
P,urn:nasa:pds:go_nims_io_rad:data_derived:121_e4i022tr_s8_s9_l26_d_raw_spectra_masaya_patera_region_v01::1.0
P,urn:nasa:pds:go_nims_io_rad:data_derived:557_31i005tr_s1_s2_l2334_d_raw_spectra_p62_2_v01::1.0
P,urn:nasa:pds:go_nims_io_rad:data_derived:352_11i009tr_s8_s9_l8_d_raw_spectra_tupan_patera_v01::1.0
P,urn:nasa:pds:go_nims_io_rad:data_derived:500_24i019tr_s7_s8_l2287_d_raw_spectra_gabija_patera-kurdalagon_region_v01::1.0
P,urn:nasa:pds:go_nims_io_rad:data_derived:369_11i007tr_s13_s14_l7_d_raw_spectra_isum_patera_v01::1.0
P,urn:nasa:pds:go_nims_io_rad:data_derived:242_g8i018tr_s11_s12_l12_d_raw_spectra_pillan_v01::1.0
P,urn:nasa:pds:go_nims_io_rad:data_derived:385_14i001tr_s19_s20_l15_d_raw_spectra_pillan_v01::1.0
P,urn:nasa:pds:go_nims_io_rad:data_derived:170_e6i003tr_s7_s8_l28_d_raw_spectra_culann_v01::1.0
P,urn:nasa:pds:go_nims_io_rad:data_derived:582_32i008tr_s10_s11_l697_d_raw_spectra_fo_patera_v01::1.0
P,urn:nasa:pds:go_nims_io_rad:data_derived:098_e4i007tr_s4_s5_l32_d_raw_spectra_ulgen_patera_on_limb_v01::1.0
P,urn:nasa:pds:go_nims_io_rad:data_derived:071_c3i002tr_s9_s10_l71_d_raw_spectra_marduk_fluctus_v01::1.0
P,urn:nasa:pds:go_nims_io_rad:data_derived:342_11i008tr_s9_s10_l6_d_raw_spectra_culann_and_prometheus_v01::1.0
P,urn:nasa:pds:go_nims_io_rad:data_derived:165_e6i003tr_s12_s13_l11_d_raw_spectra_pillan_patera-reiden_patera_region_v01::1.0
P,urn:nasa:pds:go_nims_io_rad:data_derived:239_g8i011tr_s15_s16_l3_d_raw_spectra_pele_v01::1.0
P,urn:nasa:pds:go_nims_io_rad:data_derived:109_e4i006tr_s7_s8_l22_d_raw_spectra_ulgen_patera_v01::1.0
P,urn:nasa:pds:go_nims_io_rad:data_derived:333_10i008tr_s14_s15_l1_d_raw_spectra_zamama_v01::1.0
P,urn:nasa:pds:go_nims_io_rad:data_derived:603_32i008tr_s8_s9_l4454_d_raw_spectra_malik_patera_v01::1.0
