source_id,name,longitude,latitude,observation_time,brightness_value,brightness_unit,instrument,source,wavelength_um
dekleer2019-Nusku Patera-20170527-BrAlpha,Nusku Patera,-6.2000000000000455,-65.0,2017-05-27,4.0,GW/um/sr filter_integrated_flux_density,Keck/Gemini AO,"de Kleer et al. 2019 AJ Table 5, filter BrAlpha",4.05
dekleer2019-Uta-20131203-Lp,Uta,-20.100000000000023,-33.8,2013-12-03,2.7,GW/um/sr filter_integrated_flux_density,Keck/Gemini AO,"de Kleer et al. 2019 AJ Table 5, filter Lp",3.78
dekleer2019-Uta-20140120-PAH,Uta,-20.899999999999977,-34.9,2014-01-20,1.6,GW/um/sr filter_integrated_flux_density,Keck/Gemini AO,"de Kleer et al. 2019 AJ Table 5, filter PAH",3.29
dekleer2019-Uta-20140120-Lp,Uta,-20.899999999999977,-34.9,2014-01-20,3.1,GW/um/sr filter_integrated_flux_density,Keck/Gemini AO,"de Kleer et al. 2019 AJ Table 5, filter Lp",3.78
dekleer2019-Uta-20140120-Ms,Uta,-20.899999999999977,-34.9,2014-01-20,5.4,GW/um/sr filter_integrated_flux_density,Keck/Gemini AO,"de Kleer et al. 2019 AJ Table 5, filter Ms",4.67
dekleer2019-Uta-20140210-Lp,Uta,-23.399999999999977,-34.1,2014-02-10,5.1,GW/um/sr filter_integrated_flux_density,Keck/Gemini AO,"de Kleer et al. 2019 AJ Table 5, filter Lp",3.78
dekleer2019-Uta-20140210-Ms,Uta,-23.399999999999977,-34.1,2014-02-10,4.6,GW/um/sr filter_integrated_flux_density,Keck/Gemini AO,"de Kleer et al. 2019 AJ Table 5, filter Ms",4.67
dekleer2019-Uta-20140307-Lp,Uta,-25.899999999999977,-34.9,2014-03-07,2.2,GW/um/sr filter_integrated_flux_density,Keck/Gemini AO,"de Kleer et al. 2019 AJ Table 5, filter Lp",3.78
dekleer2019-Uta-20140314-Lp,Uta,-24.799999999999955,-34.7,2014-03-14,3.3,GW/um/sr filter_integrated_flux_density,Keck/Gemini AO,"de Kleer et al. 2019 AJ Table 5, filter Lp",3.78
dekleer2019-Uta-20141030-Lp,Uta,-21.200000000000045,-33.7,2014-10-30,3.0,GW/um/sr filter_integrated_flux_density,Keck/Gemini AO,"de Kleer et al. 2019 AJ Table 5, filter Lp",3.78
dekleer2019-Uta-20141030-Ms,Uta,-21.200000000000045,-33.7,2014-10-30,5.8,GW/um/sr filter_integrated_flux_density,Keck/Gemini AO,"de Kleer et al. 2019 AJ Table 5, filter Ms",4.67
dekleer2019-Uta-20141129-Lp,Uta,-20.600000000000023,-35.5,2014-11-29,3.2,GW/um/sr filter_integrated_flux_density,Keck/Gemini AO,"de Kleer et al. 2019 AJ Table 5, filter Lp",3.78
dekleer2019-Uta-20141208-Lp,Uta,-19.100000000000023,-34.1,2014-12-08,3.4,GW/um/sr filter_integrated_flux_density,Keck/Gemini AO,"de Kleer et al. 2019 AJ Table 5, filter Lp",3.78
dekleer2019-Uta-20141215-Lp,Uta,-19.600000000000023,-34.2,2014-12-15,2.9,GW/um/sr filter_integrated_flux_density,Keck/Gemini AO,"de Kleer et al. 2019 AJ Table 5, filter Lp",3.78
dekleer2019-Uta-20150112-Lp,Uta,-22.600000000000023,-35.4,2015-01-12,3.2,GW/um/sr filter_integrated_flux_density,Keck/Gemini AO,"de Kleer et al. 2019 AJ Table 5, filter Lp",3.78
dekleer2019-Uta-20150112-Ms,Uta,-22.600000000000023,-35.4,2015-01-12,4.9,GW/um/sr filter_integrated_flux_density,Keck/Gemini AO,"de Kleer et al. 2019 AJ Table 5, filter Ms",4.67
dekleer2019-Uta-20150116-Lp,Uta,-21.0,-34.1,2015-01-16,3.4,GW/um/sr filter_integrated_flux_density,Keck/Gemini AO,"de Kleer et al. 2019 AJ Table 5, filter Lp",3.78
dekleer2019-Uta-20150116-Ms,Uta,-21.0,-34.1,2015-01-16,4.6,GW/um/sr filter_integrated_flux_density,Keck/Gemini AO,"de Kleer et al. 2019 AJ Table 5, filter Ms",4.67
dekleer2019-Uta-20150326-Lp,Uta,-22.100000000000023,-37.0,2015-03-26,3.4,GW/um/sr filter_integrated_flux_density,Keck/Gemini AO,"de Kleer et al. 2019 AJ Table 5, filter Lp",3.78
dekleer2019-Uta-20150328-Lp,Uta,-25.299999999999955,-34.6,2015-03-28,3.2,GW/um/sr filter_integrated_flux_density,Keck/Gemini AO,"de Kleer et al. 2019 AJ Table 5, filter Lp",3.78
dekleer2019-Uta-20150402-Lp,Uta,-23.899999999999977,-33.5,2015-04-02,3.5,GW/um/sr filter_integrated_flux_density,Keck/Gemini AO,"de Kleer et al. 2019 AJ Table 5, filter Lp",3.78
dekleer2019-Uta-20150402-Ms,Uta,-23.899999999999977,-33.5,2015-04-02,4.7,GW/um/sr filter_integrated_flux_density,Keck/Gemini AO,"de Kleer et al. 2019 AJ Table 5, filter Ms",4.67
dekleer2019-Uta-20150404-Lp,Uta,-24.799999999999955,-33.9,2015-04-04,3.9,GW/um/sr filter_integrated_flux_density,Keck/Gemini AO,"de Kleer et al. 2019 AJ Table 5, filter Lp",3.78
dekleer2019-Uta-20150404-Ms,Uta,-24.799999999999955,-33.9,2015-04-04,6.1,GW/um/sr filter_integrated_flux_density,Keck/Gemini AO,"de Kleer et al. 2019 AJ Table 5, filter Ms",4.67
dekleer2019-Uta-20150420-Lp,Uta,-27.200000000000045,-34.6,2015-04-20,3.7,GW/um/sr filter_integrated_flux_density,Keck/Gemini AO,"de Kleer et al. 2019 AJ Table 5, filter Lp",3.78
dekleer2019-Uta-20150427-Lp,Uta,-24.399999999999977,-35.8,2015-04-27,4.0,GW/um/sr filter_integrated_flux_density,Keck/Gemini AO,"de Kleer et al. 2019 AJ Table 5, filter Lp",3.78
dekleer2019-Uta-20150429-Lp,Uta,-23.399999999999977,-34.7,2015-04-29,4.1,GW/um/sr filter_integrated_flux_density,Keck/Gemini AO,"de Kleer et al. 2019 AJ Table 5, filter Lp",3.78
dekleer2019-Uta-20150429-Ms,Uta,-23.399999999999977,-34.7,2015-04-29,5.4,GW/um/sr filter_integrated_flux_density,Keck/Gemini AO,"de Kleer et al. 2019 AJ Table 5, filter Ms",4.67
dekleer2019-Uta-20150605-PAH,Uta,-23.5,-32.2,2015-06-05,3.3,GW/um/sr filter_integrated_flux_density,Keck/Gemini AO,"de Kleer et al. 2019 AJ Table 5, filter PAH",3.29
dekleer2019-Uta-20150605-Lp,Uta,-23.5,-32.2,2015-06-05,4.8,GW/um/sr filter_integrated_flux_density,Keck/Gemini AO,"de Kleer et al. 2019 AJ Table 5, filter Lp",3.78
dekleer2019-Uta-20150605-Ms,Uta,-23.5,-32.2,2015-06-05,7.1,GW/um/sr filter_integrated_flux_density,Keck/Gemini AO,"de Kleer et al. 2019 AJ Table 5, filter Ms",4.67
dekleer2019-Uta-20151123-Lp,Uta,-21.299999999999955,-35.5,2015-11-23,3.3,GW/um/sr filter_integrated_flux_density,Keck/Gemini AO,"de Kleer et al. 2019 AJ Table 5, filter Lp",3.78
dekleer2019-Uta-20151123-Ms,Uta,-21.299999999999955,-35.5,2015-11-23,5.2,GW/um/sr filter_integrated_flux_density,Keck/Gemini AO,"de Kleer et al. 2019 AJ Table 5, filter Ms",4.67
dekleer2019-Uta-20151225-Lp,Uta,-22.700000000000045,-34.6,2015-12-25,4.0,GW/um/sr filter_integrated_flux_density,Keck/Gemini AO,"de Kleer et al. 2019 AJ Table 5, filter Lp",3.78
dekleer2019-Uta-20151225-Ms,Uta,-22.700000000000045,-34.6,2015-12-25,6.1,GW/um/sr filter_integrated_flux_density,Keck/Gemini AO,"de Kleer et al. 2019 AJ Table 5, filter Ms",4.67
dekleer2019-Uta-20160211-Lp,Uta,-18.100000000000023,-32.3,2016-02-11,2.1,GW/um/sr filter_integrated_flux_density,Keck/Gemini AO,"de Kleer et al. 2019 AJ Table 5, filter Lp",3.78
dekleer2019-Uta-20160218-Lp,Uta,-18.200000000000045,-31.9,2016-02-18,3.8,GW/um/sr filter_integrated_flux_density,Keck/Gemini AO,"de Kleer et al. 2019 AJ Table 5, filter Lp",3.78
dekleer2019-Uta-20160220-Lp,Uta,-22.200000000000045,-32.3,2016-02-20,2.8,GW/um/sr filter_integrated_flux_density,Keck/Gemini AO,"de Kleer et al. 2019 AJ Table 5, filter Lp",3.78
dekleer2019-Uta-20160312-Lp,Uta,-19.600000000000023,-35.9,2016-03-12,4.0,GW/um/sr filter_integrated_flux_density,Keck/Gemini AO,"de Kleer et al. 2019 AJ Table 5, filter Lp",3.78
dekleer2019-Uta-20160314-Lp,Uta,-20.899999999999977,-32.7,2016-03-14,2.0,GW/um/sr filter_integrated_flux_density,Keck/Gemini AO,"de Kleer et al. 2019 AJ Table 5, filter Lp",3.78
dekleer2019-Uta-20160501-Lp,Uta,-19.5,-32.0,2016-05-01,2.7,GW/um/sr filter_integrated_flux_density,Keck/Gemini AO,"de Kleer et al. 2019 AJ Table 5, filter Lp",3.78
dekleer2019-Uta-20160508-Lp,Uta,-24.100000000000023,-32.8,2016-05-08,2.5,GW/um/sr filter_integrated_flux_density,Keck/Gemini AO,"de Kleer et al. 2019 AJ Table 5, filter Lp",3.78
dekleer2019-Uta-20160513-Lp,Uta,-22.200000000000045,-34.7,2016-05-13,5.1,GW/um/sr filter_integrated_flux_density,Keck/Gemini AO,"de Kleer et al. 2019 AJ Table 5, filter Lp",3.78
dekleer2019-Uta-20160515-PAH,Uta,-23.5,-35.4,2016-05-15,2.6,GW/um/sr filter_integrated_flux_density,Keck/Gemini AO,"de Kleer et al. 2019 AJ Table 5, filter PAH",3.29
dekleer2019-Uta-20160515-Lp,Uta,-23.5,-35.4,2016-05-15,3.2,GW/um/sr filter_integrated_flux_density,Keck/Gemini AO,"de Kleer et al. 2019 AJ Table 5, filter Lp",3.78
dekleer2019-Uta-20160515-Ms,Uta,-23.5,-35.4,2016-05-15,5.4,GW/um/sr filter_integrated_flux_density,Keck/Gemini AO,"de Kleer et al. 2019 AJ Table 5, filter Ms",4.67
dekleer2019-Uta-20160517-Lp,Uta,-21.0,-33.3,2016-05-17,4.6,GW/um/sr filter_integrated_flux_density,Keck/Gemini AO,"de Kleer et al. 2019 AJ Table 5, filter Lp",3.78
dekleer2019-Uta-20160524-Lp,Uta,-22.200000000000045,-31.5,2016-05-24,3.1,GW/um/sr filter_integrated_flux_density,Keck/Gemini AO,"de Kleer et al. 2019 AJ Table 5, filter Lp",3.78
dekleer2019-Uta-20160531-Lp,Uta,-21.899999999999977,-32.0,2016-05-31,3.7,GW/um/sr filter_integrated_flux_density,Keck/Gemini AO,"de Kleer et al. 2019 AJ Table 5, filter Lp",3.78
dekleer2019-Uta-20160607-Lp,Uta,-24.0,-34.7,2016-06-07,3.4,GW/um/sr filter_integrated_flux_density,Keck/Gemini AO,"de Kleer et al. 2019 AJ Table 5, filter Lp",3.78
dekleer2019-Uta-20160616-Lp,Uta,-18.5,-34.9,2016-06-16,3.7,GW/um/sr filter_integrated_flux_density,Keck/Gemini AO,"de Kleer et al. 2019 AJ Table 5, filter Lp",3.78
dekleer2019-Uta-20161222-PAH,Uta,-20.100000000000023,-35.3,2016-12-22,3.3,GW/um/sr filter_integrated_flux_density,Keck/Gemini AO,"de Kleer et al. 2019 AJ Table 5, filter PAH",3.29
dekleer2019-Uta-20161222-Lp,Uta,-20.100000000000023,-35.3,2016-12-22,6.6,GW/um/sr filter_integrated_flux_density,Keck/Gemini AO,"de Kleer et al. 2019 AJ Table 5, filter Lp",3.78
dekleer2019-Uta-20161222-BrAlphaCont,Uta,-20.100000000000023,-35.3,2016-12-22,7.8,GW/um/sr filter_integrated_flux_density,Keck/Gemini AO,"de Kleer et al. 2019 AJ Table 5, filter BrAlphaCont",3.99
dekleer2019-Uta-20161222-BrAlpha,Uta,-20.100000000000023,-35.3,2016-12-22,9.7,GW/um/sr filter_integrated_flux_density,Keck/Gemini AO,"de Kleer et al. 2019 AJ Table 5, filter BrAlpha",4.05
dekleer2019-Uta-20161222-Ms,Uta,-20.100000000000023,-35.3,2016-12-22,7.5,GW/um/sr filter_integrated_flux_density,Keck/Gemini AO,"de Kleer et al. 2019 AJ Table 5, filter Ms",4.67
dekleer2019-Uta-20170103-BrAlpha,Uta,-17.899999999999977,-34.4,2017-01-03,8.0,GW/um/sr filter_integrated_flux_density,Keck/Gemini AO,"de Kleer et al. 2019 AJ Table 5, filter BrAlpha",4.05
dekleer2019-Uta-20170103-Ms,Uta,-17.899999999999977,-34.4,2017-01-03,8.9,GW/um/sr filter_integrated_flux_density,Keck/Gemini AO,"de Kleer et al. 2019 AJ Table 5, filter Ms",4.67
dekleer2019-Uta-20170107-Lp,Uta,-20.399999999999977,-35.6,2017-01-07,3.7,GW/um/sr filter_integrated_flux_density,Keck/Gemini AO,"de Kleer et al. 2019 AJ Table 5, filter Lp",3.78
dekleer2019-Uta-20170107-BrAlphaCont,Uta,-20.399999999999977,-35.6,2017-01-07,5.3,GW/um/sr filter_integrated_flux_density,Keck/Gemini AO,"de Kleer et al. 2019 AJ Table 5, filter BrAlphaCont",3.99
dekleer2019-Uta-20170107-BrAlpha,Uta,-20.399999999999977,-35.6,2017-01-07,6.6,GW/um/sr filter_integrated_flux_density,Keck/Gemini AO,"de Kleer et al. 2019 AJ Table 5, filter BrAlpha",4.05
dekleer2019-Uta-20170107-Ms,Uta,-20.399999999999977,-35.6,2017-01-07,7.0,GW/um/sr filter_integrated_flux_density,Keck/Gemini AO,"de Kleer et al. 2019 AJ Table 5, filter Ms",4.67
dekleer2019-Uta-20170114-Lp,Uta,-19.600000000000023,-33.6,2017-01-14,3.1,GW/um/sr filter_integrated_flux_density,Keck/Gemini AO,"de Kleer et al. 2019 AJ Table 5, filter Lp",3.78
dekleer2019-Uta-20170123-Lp,Uta,-20.600000000000023,-34.7,2017-01-23,5.0,GW/um/sr filter_integrated_flux_density,Keck/Gemini AO,"de Kleer et al. 2019 AJ Table 5, filter Lp",3.78
dekleer2019-Uta-20170130-Lp,Uta,-19.100000000000023,-36.5,2017-01-30,3.2,GW/um/sr filter_integrated_flux_density,Keck/Gemini AO,"de Kleer et al. 2019 AJ Table 5, filter Lp",3.78
dekleer2019-Uta-20170206-Lp,Uta,-19.200000000000045,-35.6,2017-02-06,3.5,GW/um/sr filter_integrated_flux_density,Keck/Gemini AO,"de Kleer et al. 2019 AJ Table 5, filter Lp",3.78
dekleer2019-Uta-20170206-BrAlphaCont,Uta,-19.200000000000045,-35.6,2017-02-06,4.5,GW/um/sr filter_integrated_flux_density,Keck/Gemini AO,"de Kleer et al. 2019 AJ Table 5, filter BrAlphaCont",3.99
dekleer2019-Uta-20170206-BrAlpha,Uta,-19.200000000000045,-35.6,2017-02-06,4.7,GW/um/sr filter_integrated_flux_density,Keck/Gemini AO,"de Kleer et al. 2019 AJ Table 5, filter BrAlpha",4.05
dekleer2019-Uta-20170206-Ms,Uta,-19.200000000000045,-35.6,2017-02-06,7.3,GW/um/sr filter_integrated_flux_density,Keck/Gemini AO,"de Kleer et al. 2019 AJ Table 5, filter Ms",4.67
dekleer2019-Uta-20170402-Lp,Uta,-19.700000000000045,-31.5,2017-04-02,2.1,GW/um/sr filter_integrated_flux_density,Keck/Gemini AO,"de Kleer et al. 2019 AJ Table 5, filter Lp",3.78
dekleer2019-Uta-20170404-Lp,Uta,-21.0,-34.4,2017-04-04,4.1,GW/um/sr filter_integrated_flux_density,Keck/Gemini AO,"de Kleer et al. 2019 AJ Table 5, filter Lp",3.78
dekleer2019-Uta-20170511-Lp,Uta,-20.299999999999955,-33.1,2017-05-11,3.2,GW/um/sr filter_integrated_flux_density,Keck/Gemini AO,"de Kleer et al. 2019 AJ Table 5, filter Lp",3.78
dekleer2019-Uta-20170527-H2O,Uta,-24.700000000000045,-34.4,2017-05-27,1.1,GW/um/sr filter_integrated_flux_density,Keck/Gemini AO,"de Kleer et al. 2019 AJ Table 5, filter H2O",3.06
dekleer2019-Uta-20170527-PAH,Uta,-24.700000000000045,-34.4,2017-05-27,2.1,GW/um/sr filter_integrated_flux_density,Keck/Gemini AO,"de Kleer et al. 2019 AJ Table 5, filter PAH",3.29
dekleer2019-Uta-20170527-Lp,Uta,-24.700000000000045,-34.4,2017-05-27,3.5,GW/um/sr filter_integrated_flux_density,Keck/Gemini AO,"de Kleer et al. 2019 AJ Table 5, filter Lp",3.78
dekleer2019-Uta-20170527-BrAlphaCont,Uta,-24.700000000000045,-34.4,2017-05-27,7.0,GW/um/sr filter_integrated_flux_density,Keck/Gemini AO,"de Kleer et al. 2019 AJ Table 5, filter BrAlphaCont",3.99
dekleer2019-Uta-20170527-BrAlpha,Uta,-24.700000000000045,-34.4,2017-05-27,9.8,GW/um/sr filter_integrated_flux_density,Keck/Gemini AO,"de Kleer et al. 2019 AJ Table 5, filter BrAlpha",4.05
dekleer2019-Uta-20170527-Ms,Uta,-24.700000000000045,-34.4,2017-05-27,8.3,GW/um/sr filter_integrated_flux_density,Keck/Gemini AO,"de Kleer et al. 2019 AJ Table 5, filter Ms",4.67
dekleer2019-Uta-20170603-Lp,Uta,-22.600000000000023,-34.0,2017-06-03,2.5,GW/um/sr filter_integrated_flux_density,Keck/Gemini AO,"de Kleer et al. 2019 AJ Table 5, filter Lp",3.78
dekleer2019-Uta-20170705-Lp,Uta,-21.299999999999955,-34.7,2017-07-05,3.5,GW/um/sr filter_integrated_flux_density,Keck/Gemini AO,"de Kleer et al. 2019 AJ Table 5, filter Lp",3.78
dekleer2019-Uta-20170721-Lp,Uta,-25.700000000000045,-35.8,2017-07-21,6.6,GW/um/sr filter_integrated_flux_density,Keck/Gemini AO,"de Kleer et al. 2019 AJ Table 5, filter Lp",3.78
dekleer2019-Uta-20170721-BrAlphaCont,Uta,-25.700000000000045,-35.8,2017-07-21,7.9,GW/um/sr filter_integrated_flux_density,Keck/Gemini AO,"de Kleer et al. 2019 AJ Table 5, filter BrAlphaCont",3.99
dekleer2019-Uta-20170721-Ms,Uta,-25.700000000000045,-35.8,2017-07-21,8.3,GW/um/sr filter_integrated_flux_density,Keck/Gemini AO,"de Kleer et al. 2019 AJ Table 5, filter Ms",4.67
dekleer2019-Uta-20171211-Lp,Uta,-20.600000000000023,-33.9,2017-12-11,4.5,GW/um/sr filter_integrated_flux_density,Keck/Gemini AO,"de Kleer et al. 2019 AJ Table 5, filter Lp",3.78
dekleer2019-Uta-20180117-Lp,Uta,-19.600000000000023,-33.8,2018-01-17,4.7,GW/um/sr filter_integrated_flux_density,Keck/Gemini AO,"de Kleer et al. 2019 AJ Table 5, filter Lp",3.78
dekleer2019-Uta-20180119-Lp,Uta,-16.799999999999955,-36.0,2018-01-19,5.7,GW/um/sr filter_integrated_flux_density,Keck/Gemini AO,"de Kleer et al. 2019 AJ Table 5, filter Lp",3.78
dekleer2019-Uta-20180119-Ms,Uta,-16.799999999999955,-36.0,2018-01-19,9.1,GW/um/sr filter_integrated_flux_density,Keck/Gemini AO,"de Kleer et al. 2019 AJ Table 5, filter Ms",4.67
dekleer2019-Uta-20180507-Lp,Uta,-22.0,-35.8,2018-05-07,3.0,GW/um/sr filter_integrated_flux_density,Keck/Gemini AO,"de Kleer et al. 2019 AJ Table 5, filter Lp",3.78
dekleer2019-Uta-20180606-Lp,Uta,-19.700000000000045,-31.0,2018-06-06,2.4,GW/um/sr filter_integrated_flux_density,Keck/Gemini AO,"de Kleer et al. 2019 AJ Table 5, filter Lp",3.78
dekleer2019-Uta-20180615-Lp,Uta,-20.0,-32.5,2018-06-15,2.9,GW/um/sr filter_integrated_flux_density,Keck/Gemini AO,"de Kleer et al. 2019 AJ Table 5, filter Lp",3.78
dekleer2019-Uta-20180622-Lp,Uta,-17.899999999999977,-30.1,2018-06-22,3.0,GW/um/sr filter_integrated_flux_density,Keck/Gemini AO,"de Kleer et al. 2019 AJ Table 5, filter Lp",3.78
dekleer2019-Uta-20180701-Lp,Uta,-21.299999999999955,-33.1,2018-07-01,5.3,GW/um/sr filter_integrated_flux_density,Keck/Gemini AO,"de Kleer et al. 2019 AJ Table 5, filter Lp",3.78
dekleer2019-Kanehekili Fluctus-20140120-Lp,Kanehekili Fluctus,-32.30000000000001,-17.3,2014-01-20,1.5,GW/um/sr filter_integrated_flux_density,Keck/Gemini AO,"de Kleer et al. 2019 AJ Table 5, filter Lp",3.78
dekleer2019-Kanehekili Fluctus-20140120-Ms,Kanehekili Fluctus,-32.30000000000001,-17.3,2014-01-20,3.3,GW/um/sr filter_integrated_flux_density,Keck/Gemini AO,"de Kleer et al. 2019 AJ Table 5, filter Ms",4.67
dekleer2019-Kanehekili Fluctus-20141030-Lp,Kanehekili Fluctus,-30.899999999999977,-19.1,2014-10-30,1.0,GW/um/sr filter_integrated_flux_density,Keck/Gemini AO,"de Kleer et al. 2019 AJ Table 5, filter Lp",3.78
dekleer2019-Kanehekili Fluctus-20141030-Ms,Kanehekili Fluctus,-30.899999999999977,-19.1,2014-10-30,1.5,GW/um/sr filter_integrated_flux_density,Keck/Gemini AO,"de Kleer et al. 2019 AJ Table 5, filter Ms",4.67
dekleer2019-Kanehekili Fluctus-20150116-Ms,Kanehekili Fluctus,-31.30000000000001,-16.6,2015-01-16,1.4,GW/um/sr filter_integrated_flux_density,Keck/Gemini AO,"de Kleer et al. 2019 AJ Table 5, filter Ms",4.67
dekleer2019-Kanehekili Fluctus-20150402-Ms,Kanehekili Fluctus,-34.39999999999998,-15.7,2015-04-02,1.4,GW/um/sr filter_integrated_flux_density,Keck/Gemini AO,"de Kleer et al. 2019 AJ Table 5, filter Ms",4.67
dekleer2019-Kanehekili Fluctus-20150404-Lp,Kanehekili Fluctus,-35.19999999999999,-17.6,2015-04-04,1.0,GW/um/sr filter_integrated_flux_density,Keck/Gemini AO,"de Kleer et al. 2019 AJ Table 5, filter Lp",3.78
dekleer2019-Kanehekili Fluctus-20150404-Ms,Kanehekili Fluctus,-35.19999999999999,-17.6,2015-04-04,2.0,GW/um/sr filter_integrated_flux_density,Keck/Gemini AO,"de Kleer et al. 2019 AJ Table 5, filter Ms",4.67
dekleer2019-Kanehekili Fluctus-20150429-Ms,Kanehekili Fluctus,-36.5,-15.2,2015-04-29,1.4,GW/um/sr filter_integrated_flux_density,Keck/Gemini AO,"de Kleer et al. 2019 AJ Table 5, filter Ms",4.67
dekleer2019-Kanehekili Fluctus-20150605-Ms,Kanehekili Fluctus,-34.5,-16.1,2015-06-05,1.3,GW/um/sr filter_integrated_flux_density,Keck/Gemini AO,"de Kleer et al. 2019 AJ Table 5, filter Ms",4.67
dekleer2019-Kanehekili Fluctus-20170527-BrAlphaCont,Kanehekili Fluctus,-34.5,-17.7,2017-05-27,1.7,GW/um/sr filter_integrated_flux_density,Keck/Gemini AO,"de Kleer et al. 2019 AJ Table 5, filter BrAlphaCont",3.99
dekleer2019-Kanehekili Fluctus-20170527-BrAlpha,Kanehekili Fluctus,-34.5,-17.7,2017-05-27,2.4,GW/um/sr filter_integrated_flux_density,Keck/Gemini AO,"de Kleer et al. 2019 AJ Table 5, filter BrAlpha",4.05
dekleer2019-Janus Patera-20130902-Lp,Janus Patera,-37.0,-4.5,2013-09-02,5.0,GW/um/sr filter_integrated_flux_density,Keck/Gemini AO,"de Kleer et al. 2019 AJ Table 5, filter Lp",3.78
dekleer2019-Janus Patera-20130904-Lp,Janus Patera,-36.19999999999999,-4.4,2013-09-04,4.6,GW/um/sr filter_integrated_flux_density,Keck/Gemini AO,"de Kleer et al. 2019 AJ Table 5, filter Lp",3.78
dekleer2019-Janus Patera-20130907-Lp,Janus Patera,-37.30000000000001,-4.6,2013-09-07,11.0,GW/um/sr filter_integrated_flux_density,Keck/Gemini AO,"de Kleer et al. 2019 AJ Table 5, filter Lp",3.78
dekleer2019-Janus Patera-20130909-Lp,Janus Patera,-36.5,-5.0,2013-09-09,5.2,GW/um/sr filter_integrated_flux_density,Keck/Gemini AO,"de Kleer et al. 2019 AJ Table 5, filter Lp",3.78
dekleer2019-Janus Patera-20131126-Lp,Janus Patera,-37.89999999999998,-4.8,2013-11-26,3.5,GW/um/sr filter_integrated_flux_density,Keck/Gemini AO,"de Kleer et al. 2019 AJ Table 5, filter Lp",3.78
dekleer2019-Janus Patera-20131203-Lp,Janus Patera,-37.69999999999999,-4.0,2013-12-03,6.1,GW/um/sr filter_integrated_flux_density,Keck/Gemini AO,"de Kleer et al. 2019 AJ Table 5, filter Lp",3.78
dekleer2019-Janus Patera-20131205-Lp,Janus Patera,-38.0,-4.4,2013-12-05,2.5,GW/um/sr filter_integrated_flux_density,Keck/Gemini AO,"de Kleer et al. 2019 AJ Table 5, filter Lp",3.78
dekleer2019-Janus Patera-20131212-Lp,Janus Patera,-34.10000000000002,-5.3,2013-12-12,3.9,GW/um/sr filter_integrated_flux_density,Keck/Gemini AO,"de Kleer et al. 2019 AJ Table 5, filter Lp",3.78
dekleer2019-Janus Patera-20140120-H2O,Janus Patera,-38.0,-4.8,2014-01-20,3.5,GW/um/sr filter_integrated_flux_density,Keck/Gemini AO,"de Kleer et al. 2019 AJ Table 5, filter H2O",3.06
dekleer2019-Janus Patera-20140120-PAH,Janus Patera,-38.0,-4.8,2014-01-20,4.2,GW/um/sr filter_integrated_flux_density,Keck/Gemini AO,"de Kleer et al. 2019 AJ Table 5, filter PAH",3.29
dekleer2019-Janus Patera-20140120-Lp,Janus Patera,-38.0,-4.8,2014-01-20,4.4,GW/um/sr filter_integrated_flux_density,Keck/Gemini AO,"de Kleer et al. 2019 AJ Table 5, filter Lp",3.78
dekleer2019-Janus Patera-20140120-Ms,Janus Patera,-38.0,-4.8,2014-01-20,4.7,GW/um/sr filter_integrated_flux_density,Keck/Gemini AO,"de Kleer et al. 2019 AJ Table 5, filter Ms",4.67
dekleer2019-Janus Patera-20140307-Lp,Janus Patera,-39.69999999999999,-3.7,2014-03-07,3.0,GW/um/sr filter_integrated_flux_density,Keck/Gemini AO,"de Kleer et al. 2019 AJ Table 5, filter Lp",3.78
dekleer2019-Janus Patera-20140314-Lp,Janus Patera,-39.0,-3.9,2014-03-14,3.6,GW/um/sr filter_integrated_flux_density,Keck/Gemini AO,"de Kleer et al. 2019 AJ Table 5, filter Lp",3.78
dekleer2019-Janus Patera-20141009-Lp,Janus Patera,-39.60000000000002,-3.8,2014-10-09,5.3,GW/um/sr filter_integrated_flux_density,Keck/Gemini AO,"de Kleer et al. 2019 AJ Table 5, filter Lp",3.78
dekleer2019-Janus Patera-20141023-Lp,Janus Patera,-40.5,-3.2,2014-10-23,4.1,GW/um/sr filter_integrated_flux_density,Keck/Gemini AO,"de Kleer et al. 2019 AJ Table 5, filter Lp",3.78
dekleer2019-Janus Patera-20141030-Lp,Janus Patera,-36.60000000000002,-4.8,2014-10-30,5.1,GW/um/sr filter_integrated_flux_density,Keck/Gemini AO,"de Kleer et al. 2019 AJ Table 5, filter Lp",3.78
dekleer2019-Janus Patera-20141030-Ms,Janus Patera,-36.60000000000002,-4.8,2014-10-30,4.8,GW/um/sr filter_integrated_flux_density,Keck/Gemini AO,"de Kleer et al. 2019 AJ Table 5, filter Ms",4.67
dekleer2019-Janus Patera-20141127-Lp,Janus Patera,-39.19999999999999,-4.3,2014-11-27,8.4,GW/um/sr filter_integrated_flux_density,Keck/Gemini AO,"de Kleer et al. 2019 AJ Table 5, filter Lp",3.78
dekleer2019-Janus Patera-20141129-Lp,Janus Patera,-37.39999999999998,-4.3,2014-11-29,4.6,GW/um/sr filter_integrated_flux_density,Keck/Gemini AO,"de Kleer et al. 2019 AJ Table 5, filter Lp",3.78
dekleer2019-Janus Patera-20141201-Lp,Janus Patera,-37.80000000000001,-4.8,2014-12-01,3.7,GW/um/sr filter_integrated_flux_density,Keck/Gemini AO,"de Kleer et al. 2019 AJ Table 5, filter Lp",3.78
dekleer2019-Janus Patera-20141208-Lp,Janus Patera,-35.60000000000002,-5.0,2014-12-08,5.1,GW/um/sr filter_integrated_flux_density,Keck/Gemini AO,"de Kleer et al. 2019 AJ Table 5, filter Lp",3.78
dekleer2019-Janus Patera-20141215-Lp,Janus Patera,-36.89999999999998,-5.4,2014-12-15,4.7,GW/um/sr filter_integrated_flux_density,Keck/Gemini AO,"de Kleer et al. 2019 AJ Table 5, filter Lp",3.78
dekleer2019-Janus Patera-20150112-PAH,Janus Patera,-34.60000000000002,-4.8,2015-01-12,5.0,GW/um/sr filter_integrated_flux_density,Keck/Gemini AO,"de Kleer et al. 2019 AJ Table 5, filter PAH",3.29
dekleer2019-Janus Patera-20150112-Lp,Janus Patera,-34.60000000000002,-4.8,2015-01-12,6.0,GW/um/sr filter_integrated_flux_density,Keck/Gemini AO,"de Kleer et al. 2019 AJ Table 5, filter Lp",3.78
dekleer2019-Janus Patera-20150112-Ms,Janus Patera,-34.60000000000002,-4.8,2015-01-12,5.7,GW/um/sr filter_integrated_flux_density,Keck/Gemini AO,"de Kleer et al. 2019 AJ Table 5, filter Ms",4.67
dekleer2019-Janus Patera-20150116-Lp,Janus Patera,-37.0,-4.5,2015-01-16,3.9,GW/um/sr filter_integrated_flux_density,Keck/Gemini AO,"de Kleer et al. 2019 AJ Table 5, filter Lp",3.78
dekleer2019-Janus Patera-20150116-Ms,Janus Patera,-37.0,-4.5,2015-01-16,4.5,GW/um/sr filter_integrated_flux_density,Keck/Gemini AO,"de Kleer et al. 2019 AJ Table 5, filter Ms",4.67
dekleer2019-Janus Patera-20150326-Lp,Janus Patera,-38.5,-3.7,2015-03-26,4.5,GW/um/sr filter_integrated_flux_density,Keck/Gemini AO,"de Kleer et al. 2019 AJ Table 5, filter Lp",3.78
dekleer2019-Janus Patera-20150328-Lp,Janus Patera,-41.30000000000001,-4.9,2015-03-28,3.9,GW/um/sr filter_integrated_flux_density,Keck/Gemini AO,"de Kleer et al. 2019 AJ Table 5, filter Lp",3.78
dekleer2019-Janus Patera-20150402-Lp,Janus Patera,-40.80000000000001,-4.4,2015-04-02,4.5,GW/um/sr filter_integrated_flux_density,Keck/Gemini AO,"de Kleer et al. 2019 AJ Table 5, filter Lp",3.78
dekleer2019-Janus Patera-20150402-Ms,Janus Patera,-40.80000000000001,-4.4,2015-04-02,4.4,GW/um/sr filter_integrated_flux_density,Keck/Gemini AO,"de Kleer et al. 2019 AJ Table 5, filter Ms",4.67
dekleer2019-Janus Patera-20150404-Lp,Janus Patera,-40.89999999999998,-4.1,2015-04-04,5.9,GW/um/sr filter_integrated_flux_density,Keck/Gemini AO,"de Kleer et al. 2019 AJ Table 5, filter Lp",3.78
dekleer2019-Janus Patera-20150404-Ms,Janus Patera,-40.89999999999998,-4.1,2015-04-04,5.7,GW/um/sr filter_integrated_flux_density,Keck/Gemini AO,"de Kleer et al. 2019 AJ Table 5, filter Ms",4.67
dekleer2019-Janus Patera-20150406-Lp,Janus Patera,-40.30000000000001,-3.6,2015-04-06,3.2,GW/um/sr filter_integrated_flux_density,Keck/Gemini AO,"de Kleer et al. 2019 AJ Table 5, filter Lp",3.78
dekleer2019-Janus Patera-20150420-Lp,Janus Patera,-39.80000000000001,-5.5,2015-04-20,4.3,GW/um/sr filter_integrated_flux_density,Keck/Gemini AO,"de Kleer et al. 2019 AJ Table 5, filter Lp",3.78
dekleer2019-Janus Patera-20150427-Lp,Janus Patera,-41.80000000000001,-4.6,2015-04-27,5.3,GW/um/sr filter_integrated_flux_density,Keck/Gemini AO,"de Kleer et al. 2019 AJ Table 5, filter Lp",3.78
dekleer2019-Janus Patera-20150429-Lp,Janus Patera,-39.5,-4.4,2015-04-29,2.2,GW/um/sr filter_integrated_flux_density,Keck/Gemini AO,"de Kleer et al. 2019 AJ Table 5, filter Lp",3.78
dekleer2019-Janus Patera-20150429-Ms,Janus Patera,-39.5,-4.4,2015-04-29,2.2,GW/um/sr filter_integrated_flux_density,Keck/Gemini AO,"de Kleer et al. 2019 AJ Table 5, filter Ms",4.67
dekleer2019-Janus Patera-20150605-PAH,Janus Patera,-38.69999999999999,-2.8,2015-06-05,2.1,GW/um/sr filter_integrated_flux_density,Keck/Gemini AO,"de Kleer et al. 2019 AJ Table 5, filter PAH",3.29
dekleer2019-Janus Patera-20150605-Lp,Janus Patera,-38.69999999999999,-2.8,2015-06-05,3.4,GW/um/sr filter_integrated_flux_density,Keck/Gemini AO,"de Kleer et al. 2019 AJ Table 5, filter Lp",3.78
dekleer2019-Janus Patera-20150605-Ms,Janus Patera,-38.69999999999999,-2.8,2015-06-05,3.3,GW/um/sr filter_integrated_flux_density,Keck/Gemini AO,"de Kleer et al. 2019 AJ Table 5, filter Ms",4.67
dekleer2019-Janus Patera-20151222-Lp,Janus Patera,-36.5,-3.5,2015-12-22,5.0,GW/um/sr filter_integrated_flux_density,Keck/Gemini AO,"de Kleer et al. 2019 AJ Table 5, filter Lp",3.78
dekleer2019-Janus Patera-20151222-Ms,Janus Patera,-36.5,-3.5,2015-12-22,7.4,GW/um/sr filter_integrated_flux_density,Keck/Gemini AO,"de Kleer et al. 2019 AJ Table 5, filter Ms",4.67
dekleer2019-Janus Patera-20151225-Lp,Janus Patera,-37.30000000000001,-3.6,2015-12-25,7.5,GW/um/sr filter_integrated_flux_density,Keck/Gemini AO,"de Kleer et al. 2019 AJ Table 5, filter Lp",3.78
dekleer2019-Janus Patera-20151225-Ms,Janus Patera,-37.30000000000001,-3.6,2015-12-25,6.5,GW/um/sr filter_integrated_flux_density,Keck/Gemini AO,"de Kleer et al. 2019 AJ Table 5, filter Ms",4.67
dekleer2019-Janus Patera-20160204-Lp,Janus Patera,-38.0,-5.8,2016-02-04,3.6,GW/um/sr filter_integrated_flux_density,Keck/Gemini AO,"de Kleer et al. 2019 AJ Table 5, filter Lp",3.78
dekleer2019-Janus Patera-20160211-Lp,Janus Patera,-33.69999999999999,-5.1,2016-02-11,3.9,GW/um/sr filter_integrated_flux_density,Keck/Gemini AO,"de Kleer et al. 2019 AJ Table 5, filter Lp",3.78
dekleer2019-Janus Patera-20160218-Lp,Janus Patera,-34.80000000000001,-1.6,2016-02-18,3.5,GW/um/sr filter_integrated_flux_density,Keck/Gemini AO,"de Kleer et al. 2019 AJ Table 5, filter Lp",3.78
dekleer2019-Janus Patera-20160220-Lp,Janus Patera,-37.19999999999999,-0.7,2016-02-20,4.1,GW/um/sr filter_integrated_flux_density,Keck/Gemini AO,"de Kleer et al. 2019 AJ Table 5, filter Lp",3.78
dekleer2019-Janus Patera-20160312-Lp,Janus Patera,-36.10000000000002,-2.5,2016-03-12,6.9,GW/um/sr filter_integrated_flux_density,Keck/Gemini AO,"de Kleer et al. 2019 AJ Table 5, filter Lp",3.78
dekleer2019-Janus Patera-20160314-Lp,Janus Patera,-35.80000000000001,-1.6,2016-03-14,3.2,GW/um/sr filter_integrated_flux_density,Keck/Gemini AO,"de Kleer et al. 2019 AJ Table 5, filter Lp",3.78
dekleer2019-Janus Patera-20160501-Lp,Janus Patera,-37.10000000000002,-1.3,2016-05-01,4.3,GW/um/sr filter_integrated_flux_density,Keck/Gemini AO,"de Kleer et al. 2019 AJ Table 5, filter Lp",3.78
dekleer2019-Janus Patera-20160508-Lp,Janus Patera,-40.39999999999998,-2.0,2016-05-08,6.4,GW/um/sr filter_integrated_flux_density,Keck/Gemini AO,"de Kleer et al. 2019 AJ Table 5, filter Lp",3.78
dekleer2019-Janus Patera-20160510-Lp,Janus Patera,-38.10000000000002,-1.4,2016-05-10,3.2,GW/um/sr filter_integrated_flux_density,Keck/Gemini AO,"de Kleer et al. 2019 AJ Table 5, filter Lp",3.78
dekleer2019-Janus Patera-20160513-Lp,Janus Patera,-36.39999999999998,-2.6,2016-05-13,6.4,GW/um/sr filter_integrated_flux_density,Keck/Gemini AO,"de Kleer et al. 2019 AJ Table 5, filter Lp",3.78
dekleer2019-Janus Patera-20160515-PAH,Janus Patera,-39.5,-6.1,2016-05-15,5.0,GW/um/sr filter_integrated_flux_density,Keck/Gemini AO,"de Kleer et al. 2019 AJ Table 5, filter PAH",3.29
dekleer2019-Janus Patera-20160515-Lp,Janus Patera,-39.5,-6.1,2016-05-15,4.9,GW/um/sr filter_integrated_flux_density,Keck/Gemini AO,"de Kleer et al. 2019 AJ Table 5, filter Lp",3.78
dekleer2019-Janus Patera-20160515-Ms,Janus Patera,-39.5,-6.1,2016-05-15,5.1,GW/um/sr filter_integrated_flux_density,Keck/Gemini AO,"de Kleer et al. 2019 AJ Table 5, filter Ms",4.67
dekleer2019-Janus Patera-20160517-Lp,Janus Patera,-39.89999999999998,-2.4,2016-05-17,3.5,GW/um/sr filter_integrated_flux_density,Keck/Gemini AO,"de Kleer et al. 2019 AJ Table 5, filter Lp",3.78
dekleer2019-Janus Patera-20160524-Lp,Janus Patera,-38.69999999999999,-1.0,2016-05-24,4.7,GW/um/sr filter_integrated_flux_density,Keck/Gemini AO,"de Kleer et al. 2019 AJ Table 5, filter Lp",3.78
dekleer2019-Janus Patera-20160531-Lp,Janus Patera,-36.39999999999998,-1.0,2016-05-31,4.4,GW/um/sr filter_integrated_flux_density,Keck/Gemini AO,"de Kleer et al. 2019 AJ Table 5, filter Lp",3.78
dekleer2019-Janus Patera-20160602-Lp,Janus Patera,-33.30000000000001,-1.0,2016-06-02,3.0,GW/um/sr filter_integrated_flux_density,Keck/Gemini AO,"de Kleer et al. 2019 AJ Table 5, filter Lp",3.78
dekleer2019-Janus Patera-20160607-Lp,Janus Patera,-39.30000000000001,-2.8,2016-06-07,4.5,GW/um/sr filter_integrated_flux_density,Keck/Gemini AO,"de Kleer et al. 2019 AJ Table 5, filter Lp",3.78
dekleer2019-Janus Patera-20160609-Lp,Janus Patera,-39.80000000000001,-3.0,2016-06-09,2.8,GW/um/sr filter_integrated_flux_density,Keck/Gemini AO,"de Kleer et al. 2019 AJ Table 5, filter Lp",3.78
dekleer2019-Janus Patera-20160616-Lp,Janus Patera,-36.39999999999998,-4.2,2016-06-16,3.2,GW/um/sr filter_integrated_flux_density,Keck/Gemini AO,"de Kleer et al. 2019 AJ Table 5, filter Lp",3.78
dekleer2019-Janus Patera-20161122-Lp,Janus Patera,-35.5,-2.9,2016-11-22,5.0,GW/um/sr filter_integrated_flux_density,Keck/Gemini AO,"de Kleer et al. 2019 AJ Table 5, filter Lp",3.78
dekleer2019-Janus Patera-20161129-Lp,Janus Patera,-34.5,-3.7,2016-11-29,5.2,GW/um/sr filter_integrated_flux_density,Keck/Gemini AO,"de Kleer et al. 2019 AJ Table 5, filter Lp",3.78
dekleer2019-Janus Patera-20161222-PAH,Janus Patera,-36.89999999999998,-5.7,2016-12-22,6.2,GW/um/sr filter_integrated_flux_density,Keck/Gemini AO,"de Kleer et al. 2019 AJ Table 5, filter PAH",3.29
dekleer2019-Janus Patera-20161222-Lp,Janus Patera,-36.89999999999998,-5.7,2016-12-22,8.3,GW/um/sr filter_integrated_flux_density,Keck/Gemini AO,"de Kleer et al. 2019 AJ Table 5, filter Lp",3.78
dekleer2019-Janus Patera-20161222-BrAlphaCont,Janus Patera,-36.89999999999998,-5.7,2016-12-22,8.9,GW/um/sr filter_integrated_flux_density,Keck/Gemini AO,"de Kleer et al. 2019 AJ Table 5, filter BrAlphaCont",3.99
dekleer2019-Janus Patera-20161222-BrAlpha,Janus Patera,-36.89999999999998,-5.7,2016-12-22,11.0,GW/um/sr filter_integrated_flux_density,Keck/Gemini AO,"de Kleer et al. 2019 AJ Table 5, filter BrAlpha",4.05
dekleer2019-Janus Patera-20161222-Ms,Janus Patera,-36.89999999999998,-5.7,2016-12-22,6.9,GW/um/sr filter_integrated_flux_density,Keck/Gemini AO,"de Kleer et al. 2019 AJ Table 5, filter Ms",4.67
dekleer2019-Janus Patera-20161224-Lp,Janus Patera,-39.60000000000002,-3.0,2016-12-24,8.7,GW/um/sr filter_integrated_flux_density,Keck/Gemini AO,"de Kleer et al. 2019 AJ Table 5, filter Lp",3.78
dekleer2019-Janus Patera-20170107-H2O,Janus Patera,-37.0,-5.1,2017-01-07,4.2,GW/um/sr filter_integrated_flux_density,Keck/Gemini AO,"de Kleer et al. 2019 AJ Table 5, filter H2O",3.06
dekleer2019-Janus Patera-20170107-PAH,Janus Patera,-37.0,-5.1,2017-01-07,5.9,GW/um/sr filter_integrated_flux_density,Keck/Gemini AO,"de Kleer et al. 2019 AJ Table 5, filter PAH",3.29
dekleer2019-Janus Patera-20170107-Lp,Janus Patera,-37.0,-5.1,2017-01-07,7.1,GW/um/sr filter_integrated_flux_density,Keck/Gemini AO,"de Kleer et al. 2019 AJ Table 5, filter Lp",3.78
dekleer2019-Janus Patera-20170107-BrAlphaCont,Janus Patera,-37.0,-5.1,2017-01-07,7.5,GW/um/sr filter_integrated_flux_density,Keck/Gemini AO,"de Kleer et al. 2019 AJ Table 5, filter BrAlphaCont",3.99
dekleer2019-Janus Patera-20170107-BrAlpha,Janus Patera,-37.0,-5.1,2017-01-07,9.0,GW/um/sr filter_integrated_flux_density,Keck/Gemini AO,"de Kleer et al. 2019 AJ Table 5, filter BrAlpha",4.05
dekleer2019-Janus Patera-20170107-Ms,Janus Patera,-37.0,-5.1,2017-01-07,7.1,GW/um/sr filter_integrated_flux_density,Keck/Gemini AO,"de Kleer et al. 2019 AJ Table 5, filter Ms",4.67
dekleer2019-Janus Patera-20170114-Lp,Janus Patera,-34.39999999999998,-0.5,2017-01-14,5.3,GW/um/sr filter_integrated_flux_density,Keck/Gemini AO,"de Kleer et al. 2019 AJ Table 5, filter Lp",3.78
dekleer2019-Janus Patera-20170123-H2O,Janus Patera,-38.30000000000001,-5.4,2017-01-23,3.0,GW/um/sr filter_integrated_flux_density,Keck/Gemini AO,"de Kleer et al. 2019 AJ Table 5, filter H2O",3.06
dekleer2019-Janus Patera-20170123-PAH,Janus Patera,-38.30000000000001,-5.4,2017-01-23,4.5,GW/um/sr filter_integrated_flux_density,Keck/Gemini AO,"de Kleer et al. 2019 AJ Table 5, filter PAH",3.29
dekleer2019-Janus Patera-20170123-Lp,Janus Patera,-38.30000000000001,-5.4,2017-01-23,5.7,GW/um/sr filter_integrated_flux_density,Keck/Gemini AO,"de Kleer et al. 2019 AJ Table 5, filter Lp",3.78
dekleer2019-Janus Patera-20170130-Lp,Janus Patera,-35.69999999999999,-3.1,2017-01-30,5.4,GW/um/sr filter_integrated_flux_density,Keck/Gemini AO,"de Kleer et al. 2019 AJ Table 5, filter Lp",3.78
dekleer2019-Janus Patera-20170206-H2O,Janus Patera,-35.69999999999999,-5.0,2017-02-06,3.3,GW/um/sr filter_integrated_flux_density,Keck/Gemini AO,"de Kleer et al. 2019 AJ Table 5, filter H2O",3.06
dekleer2019-Janus Patera-20170206-Lp,Janus Patera,-35.69999999999999,-5.0,2017-02-06,5.1,GW/um/sr filter_integrated_flux_density,Keck/Gemini AO,"de Kleer et al. 2019 AJ Table 5, filter Lp",3.78
dekleer2019-Janus Patera-20170206-BrAlphaCont,Janus Patera,-35.69999999999999,-5.0,2017-02-06,6.3,GW/um/sr filter_integrated_flux_density,Keck/Gemini AO,"de Kleer et al. 2019 AJ Table 5, filter BrAlphaCont",3.99
dekleer2019-Janus Patera-20170206-BrAlpha,Janus Patera,-35.69999999999999,-5.0,2017-02-06,6.1,GW/um/sr filter_integrated_flux_density,Keck/Gemini AO,"de Kleer et al. 2019 AJ Table 5, filter BrAlpha",4.05
dekleer2019-Janus Patera-20170206-Ms,Janus Patera,-35.69999999999999,-5.0,2017-02-06,6.6,GW/um/sr filter_integrated_flux_density,Keck/Gemini AO,"de Kleer et al. 2019 AJ Table 5, filter Ms",4.67
dekleer2019-Janus Patera-20170224-Lp,Janus Patera,-34.19999999999999,-1.2,2017-02-24,3.1,GW/um/sr filter_integrated_flux_density,Keck/Gemini AO,"de Kleer et al. 2019 AJ Table 5, filter Lp",3.78
dekleer2019-Janus Patera-20170402-Lp,Janus Patera,-36.30000000000001,-2.3,2017-04-02,3.2,GW/um/sr filter_integrated_flux_density,Keck/Gemini AO,"de Kleer et al. 2019 AJ Table 5, filter Lp",3.78
dekleer2019-Janus Patera-20170404-Lp,Janus Patera,-36.5,-1.9,2017-04-04,3.5,GW/um/sr filter_integrated_flux_density,Keck/Gemini AO,"de Kleer et al. 2019 AJ Table 5, filter Lp",3.78
dekleer2019-Janus Patera-20170504-Lp,Janus Patera,-39.19999999999999,-1.5,2017-05-04,3.0,GW/um/sr filter_integrated_flux_density,Keck/Gemini AO,"de Kleer et al. 2019 AJ Table 5, filter Lp",3.78
dekleer2019-Janus Patera-20170506-Lp,Janus Patera,-37.89999999999998,-1.3,2017-05-06,5.8,GW/um/sr filter_integrated_flux_density,Keck/Gemini AO,"de Kleer et al. 2019 AJ Table 5, filter Lp",3.78
dekleer2019-Janus Patera-20170511-Lp,Janus Patera,-35.89999999999998,-0.7,2017-05-11,3.3,GW/um/sr filter_integrated_flux_density,Keck/Gemini AO,"de Kleer et al. 2019 AJ Table 5, filter Lp",3.78
dekleer2019-Janus Patera-20170522-Lp,Janus Patera,-38.60000000000002,-1.4,2017-05-22,4.9,GW/um/sr filter_integrated_flux_density,Keck/Gemini AO,"de Kleer et al. 2019 AJ Table 5, filter Lp",3.78
dekleer2019-Janus Patera-20170527-H2O,Janus Patera,-40.60000000000002,-4.8,2017-05-27,2.6,GW/um/sr filter_integrated_flux_density,Keck/Gemini AO,"de Kleer et al. 2019 AJ Table 5, filter H2O",3.06
dekleer2019-Janus Patera-20170527-PAH,Janus Patera,-40.60000000000002,-4.8,2017-05-27,3.9,GW/um/sr filter_integrated_flux_density,Keck/Gemini AO,"de Kleer et al. 2019 AJ Table 5, filter PAH",3.29
dekleer2019-Janus Patera-20170527-Lp,Janus Patera,-40.60000000000002,-4.8,2017-05-27,3.9,GW/um/sr filter_integrated_flux_density,Keck/Gemini AO,"de Kleer et al. 2019 AJ Table 5, filter Lp",3.78
dekleer2019-Janus Patera-20170527-BrAlphaCont,Janus Patera,-40.60000000000002,-4.8,2017-05-27,7.3,GW/um/sr filter_integrated_flux_density,Keck/Gemini AO,"de Kleer et al. 2019 AJ Table 5, filter BrAlphaCont",3.99
dekleer2019-Janus Patera-20170527-BrAlpha,Janus Patera,-40.60000000000002,-4.8,2017-05-27,9.6,GW/um/sr filter_integrated_flux_density,Keck/Gemini AO,"de Kleer et al. 2019 AJ Table 5, filter BrAlpha",4.05
dekleer2019-Janus Patera-20170527-Ms,Janus Patera,-40.60000000000002,-4.8,2017-05-27,5.9,GW/um/sr filter_integrated_flux_density,Keck/Gemini AO,"de Kleer et al. 2019 AJ Table 5, filter Ms",4.67
dekleer2019-Janus Patera-20170529-Lp,Janus Patera,-37.10000000000002,-2.5,2017-05-29,5.5,GW/um/sr filter_integrated_flux_density,Keck/Gemini AO,"de Kleer et al. 2019 AJ Table 5, filter Lp",3.78
dekleer2019-Janus Patera-20170603-Lp,Janus Patera,-38.80000000000001,-1.0,2017-06-03,3.7,GW/um/sr filter_integrated_flux_density,Keck/Gemini AO,"de Kleer et al. 2019 AJ Table 5, filter Lp",3.78
dekleer2019-Janus Patera-20170628-Lp,Janus Patera,-39.89999999999998,-4.8,2017-06-28,4.4,GW/um/sr filter_integrated_flux_density,Keck/Gemini AO,"de Kleer et al. 2019 AJ Table 5, filter Lp",3.78
dekleer2019-Janus Patera-20170705-Lp,Janus Patera,-39.39999999999998,-2.3,2017-07-05,5.4,GW/um/sr filter_integrated_flux_density,Keck/Gemini AO,"de Kleer et al. 2019 AJ Table 5, filter Lp",3.78
dekleer2019-Janus Patera-20170721-H2O,Janus Patera,-40.0,-6.6,2017-07-21,2.9,GW/um/sr filter_integrated_flux_density,Keck/Gemini AO,"de Kleer et al. 2019 AJ Table 5, filter H2O",3.06
dekleer2019-Janus Patera-20170721-PAH,Janus Patera,-40.0,-6.6,2017-07-21,5.0,GW/um/sr filter_integrated_flux_density,Keck/Gemini AO,"de Kleer et al. 2019 AJ Table 5, filter PAH",3.29
dekleer2019-Janus Patera-20170721-Lp,Janus Patera,-40.0,-6.6,2017-07-21,8.6,GW/um/sr filter_integrated_flux_density,Keck/Gemini AO,"de Kleer et al. 2019 AJ Table 5, filter Lp",3.78
dekleer2019-Janus Patera-20170721-BrAlphaCont,Janus Patera,-40.0,-6.6,2017-07-21,8.3,GW/um/sr filter_integrated_flux_density,Keck/Gemini AO,"de Kleer et al. 2019 AJ Table 5, filter BrAlphaCont",3.99
dekleer2019-Janus Patera-20170721-Ms,Janus Patera,-40.0,-6.6,2017-07-21,7.6,GW/um/sr filter_integrated_flux_density,Keck/Gemini AO,"de Kleer et al. 2019 AJ Table 5, filter Ms",4.67
dekleer2019-Janus Patera-20170723-BrAlpha,Janus Patera,-41.5,-5.1,2017-07-23,6.9,GW/um/sr filter_integrated_flux_density,Keck/Gemini AO,"de Kleer et al. 2019 AJ Table 5, filter BrAlpha",4.05
dekleer2019-Janus Patera-20171211-Lp,Janus Patera,-37.39999999999998,-5.5,2017-12-11,3.6,GW/um/sr filter_integrated_flux_density,Keck/Gemini AO,"de Kleer et al. 2019 AJ Table 5, filter Lp",3.78
dekleer2019-Janus Patera-20171213-Lp,Janus Patera,-38.0,-5.5,2017-12-13,6.4,GW/um/sr filter_integrated_flux_density,Keck/Gemini AO,"de Kleer et al. 2019 AJ Table 5, filter Lp",3.78
dekleer2019-Janus Patera-20171213-Ms,Janus Patera,-38.0,-5.5,2017-12-13,8.0,GW/um/sr filter_integrated_flux_density,Keck/Gemini AO,"de Kleer et al. 2019 AJ Table 5, filter Ms",4.67
dekleer2019-Janus Patera-20180117-Lp,Janus Patera,-36.19999999999999,-4.3,2018-01-17,3.3,GW/um/sr filter_integrated_flux_density,Keck/Gemini AO,"de Kleer et al. 2019 AJ Table 5, filter Lp",3.78
dekleer2019-Janus Patera-20180119-PAH,Janus Patera,-36.0,-5.3,2018-01-19,6.1,GW/um/sr filter_integrated_flux_density,Keck/Gemini AO,"de Kleer et al. 2019 AJ Table 5, filter PAH",3.29
dekleer2019-Janus Patera-20180119-Lp,Janus Patera,-36.0,-5.3,2018-01-19,6.3,GW/um/sr filter_integrated_flux_density,Keck/Gemini AO,"de Kleer et al. 2019 AJ Table 5, filter Lp",3.78
dekleer2019-Janus Patera-20180119-Ms,Janus Patera,-36.0,-5.3,2018-01-19,7.1,GW/um/sr filter_integrated_flux_density,Keck/Gemini AO,"de Kleer et al. 2019 AJ Table 5, filter Ms",4.67
dekleer2019-Janus Patera-20180315-Lp,Janus Patera,-34.69999999999999,-1.2,2018-03-15,5.3,GW/um/sr filter_integrated_flux_density,Keck/Gemini AO,"de Kleer et al. 2019 AJ Table 5, filter Lp",3.78
dekleer2019-Janus Patera-20180507-Lp,Janus Patera,-37.89999999999998,-3.9,2018-05-07,3.2,GW/um/sr filter_integrated_flux_density,Keck/Gemini AO,"de Kleer et al. 2019 AJ Table 5, filter Lp",3.78
dekleer2019-Janus Patera-20180606-Lp,Janus Patera,-37.39999999999998,-4.2,2018-06-06,4.3,GW/um/sr filter_integrated_flux_density,Keck/Gemini AO,"de Kleer et al. 2019 AJ Table 5, filter Lp",3.78
dekleer2019-Janus Patera-20180615-Lp,Janus Patera,-36.5,-0.5,2018-06-15,4.7,GW/um/sr filter_integrated_flux_density,Keck/Gemini AO,"de Kleer et al. 2019 AJ Table 5, filter Lp",3.78
dekleer2019-Janus Patera-20180617-Lp,Janus Patera,-36.5,-2.6,2018-06-17,3.5,GW/um/sr filter_integrated_flux_density,Keck/Gemini AO,"de Kleer et al. 2019 AJ Table 5, filter Lp",3.78
dekleer2019-Janus Patera-20180622-Lp,Janus Patera,-37.39999999999998,-0.9,2018-06-22,3.6,GW/um/sr filter_integrated_flux_density,Keck/Gemini AO,"de Kleer et al. 2019 AJ Table 5, filter Lp",3.78
dekleer2019-Janus Patera-20180701-Lp,Janus Patera,-37.0,-3.3,2018-07-01,4.0,GW/um/sr filter_integrated_flux_density,Keck/Gemini AO,"de Kleer et al. 2019 AJ Table 5, filter Lp",3.78
dekleer2019-UP 38W-20180119-Ms,UP 38W,-37.69999999999999,-25.3,2018-01-19,1.9,GW/um/sr filter_integrated_flux_density,Keck/Gemini AO,"de Kleer et al. 2019 AJ Table 5, filter Ms",4.67
dekleer2019-Pfu374-20140120-Ms,Pfu374,-47.69999999999999,-23.7,2014-01-20,1.3,GW/um/sr filter_integrated_flux_density,Keck/Gemini AO,"de Kleer et al. 2019 AJ Table 5, filter Ms",4.67
dekleer2019-Pfu374-20150116-Ms,Pfu374,-49.69999999999999,-25.7,2015-01-16,0.94,GW/um/sr filter_integrated_flux_density,Keck/Gemini AO,"de Kleer et al. 2019 AJ Table 5, filter Ms",4.67
dekleer2019-Pfu374-20150429-Ms,Pfu374,-52.39999999999998,-24.3,2015-04-29,1.0,GW/um/sr filter_integrated_flux_density,Keck/Gemini AO,"de Kleer et al. 2019 AJ Table 5, filter Ms",4.67
dekleer2019-Masubi-20140120-Lp,Masubi,-52.5,-42.9,2014-01-20,2.4,GW/um/sr filter_integrated_flux_density,Keck/Gemini AO,"de Kleer et al. 2019 AJ Table 5, filter Lp",3.78
dekleer2019-Masubi-20140120-Ms,Masubi,-52.5,-42.9,2014-01-20,3.4,GW/um/sr filter_integrated_flux_density,Keck/Gemini AO,"de Kleer et al. 2019 AJ Table 5, filter Ms",4.67
dekleer2019-Masubi-20150116-Lp,Masubi,-54.89999999999998,-42.5,2015-01-16,2.9,GW/um/sr filter_integrated_flux_density,Keck/Gemini AO,"de Kleer et al. 2019 AJ Table 5, filter Lp",3.78
dekleer2019-Masubi-20150116-Ms,Masubi,-54.89999999999998,-42.5,2015-01-16,3.1,GW/um/sr filter_integrated_flux_density,Keck/Gemini AO,"de Kleer et al. 2019 AJ Table 5, filter Ms",4.67
dekleer2019-Masubi-20150404-Ms,Masubi,-56.5,-41.4,2015-04-04,2.5,GW/um/sr filter_integrated_flux_density,Keck/Gemini AO,"de Kleer et al. 2019 AJ Table 5, filter Ms",4.67
dekleer2019-Masubi-20150429-Lp,Masubi,-56.80000000000001,-41.6,2015-04-29,2.7,GW/um/sr filter_integrated_flux_density,Keck/Gemini AO,"de Kleer et al. 2019 AJ Table 5, filter Lp",3.78
dekleer2019-Masubi-20150429-Ms,Masubi,-56.80000000000001,-41.6,2015-04-29,2.9,GW/um/sr filter_integrated_flux_density,Keck/Gemini AO,"de Kleer et al. 2019 AJ Table 5, filter Ms",4.67
dekleer2019-Masubi-20150605-Ms,Masubi,-54.80000000000001,-42.7,2015-06-05,3.0,GW/um/sr filter_integrated_flux_density,Keck/Gemini AO,"de Kleer et al. 2019 AJ Table 5, filter Ms",4.67
dekleer2019-Masubi-20161222-Ms,Masubi,-50.80000000000001,-44.1,2016-12-22,2.5,GW/um/sr filter_integrated_flux_density,Keck/Gemini AO,"de Kleer et al. 2019 AJ Table 5, filter Ms",4.67
dekleer2019-Masubi-20170107-BrAlpha,Masubi,-51.60000000000002,-45.2,2017-01-07,3.4,GW/um/sr filter_integrated_flux_density,Keck/Gemini AO,"de Kleer et al. 2019 AJ Table 5, filter BrAlpha",4.05
dekleer2019-Masubi-20170107-Ms,Masubi,-51.60000000000002,-45.2,2017-01-07,3.0,GW/um/sr filter_integrated_flux_density,Keck/Gemini AO,"de Kleer et al. 2019 AJ Table 5, filter Ms",4.67
dekleer2019-Masubi-20170206-Lp,Masubi,-52.0,-45.4,2017-02-06,1.7,GW/um/sr filter_integrated_flux_density,Keck/Gemini AO,"de Kleer et al. 2019 AJ Table 5, filter Lp",3.78
dekleer2019-Masubi-20170206-BrAlphaCont,Masubi,-52.0,-45.4,2017-02-06,2.2,GW/um/sr filter_integrated_flux_density,Keck/Gemini AO,"de Kleer et al. 2019 AJ Table 5, filter BrAlphaCont",3.99
dekleer2019-Masubi-20170206-BrAlpha,Masubi,-52.0,-45.4,2017-02-06,1.6,GW/um/sr filter_integrated_flux_density,Keck/Gemini AO,"de Kleer et al. 2019 AJ Table 5, filter BrAlpha",4.05
dekleer2019-Masubi-20170206-Ms,Masubi,-52.0,-45.4,2017-02-06,2.8,GW/um/sr filter_integrated_flux_density,Keck/Gemini AO,"de Kleer et al. 2019 AJ Table 5, filter Ms",4.67
dekleer2019-Masubi-20180119-Ms,Masubi,-53.69999999999999,-43.7,2018-01-19,3.0,GW/um/sr filter_integrated_flux_density,Keck/Gemini AO,"de Kleer et al. 2019 AJ Table 5, filter Ms",4.67
dekleer2019-PFd1691-20160501-Lp,PFd1691,-57.19999999999999,12.2,2016-05-01,3.9,GW/um/sr filter_integrated_flux_density,Keck/Gemini AO,"de Kleer et al. 2019 AJ Table 5, filter Lp",3.78
dekleer2019-PFd1691-20160503-Lp,PFd1691,-60.69999999999999,15.0,2016-05-03,4.3,GW/um/sr filter_integrated_flux_density,Keck/Gemini AO,"de Kleer et al. 2019 AJ Table 5, filter Lp",3.78
dekleer2019-PFd1691-20160508-Lp,PFd1691,-58.80000000000001,11.9,2016-05-08,3.6,GW/um/sr filter_integrated_flux_density,Keck/Gemini AO,"de Kleer et al. 2019 AJ Table 5, filter Lp",3.78
dekleer2019-PFd1691-20160510-Lp,PFd1691,-56.80000000000001,14.7,2016-05-10,3.7,GW/um/sr filter_integrated_flux_density,Keck/Gemini AO,"de Kleer et al. 2019 AJ Table 5, filter Lp",3.78
dekleer2019-PFd1691-20160515-Lp,PFd1691,-61.0,8.6,2016-05-15,2.8,GW/um/sr filter_integrated_flux_density,Keck/Gemini AO,"de Kleer et al. 2019 AJ Table 5, filter Lp",3.78
dekleer2019-PFd1691-20160515-Ms,PFd1691,-61.0,8.6,2016-05-15,4.4,GW/um/sr filter_integrated_flux_density,Keck/Gemini AO,"de Kleer et al. 2019 AJ Table 5, filter Ms",4.67
dekleer2019-PFd1691-20160517-Lp,PFd1691,-58.5,10.6,2016-05-17,3.3,GW/um/sr filter_integrated_flux_density,Keck/Gemini AO,"de Kleer et al. 2019 AJ Table 5, filter Lp",3.78
dekleer2019-PFd1691-20160524-Lp,PFd1691,-59.19999999999999,13.5,2016-05-24,2.6,GW/um/sr filter_integrated_flux_density,Keck/Gemini AO,"de Kleer et al. 2019 AJ Table 5, filter Lp",3.78
dekleer2019-PFd1691-20160531-Lp,PFd1691,-55.10000000000002,12.8,2016-05-31,2.5,GW/um/sr filter_integrated_flux_density,Keck/Gemini AO,"de Kleer et al. 2019 AJ Table 5, filter Lp",3.78
dekleer2019-PFd1691-20160602-Lp,PFd1691,-54.60000000000002,7.6,2016-06-02,2.5,GW/um/sr filter_integrated_flux_density,Keck/Gemini AO,"de Kleer et al. 2019 AJ Table 5, filter Lp",3.78
dekleer2019-PFd1691-20160607-Lp,PFd1691,-58.80000000000001,10.2,2016-06-07,2.6,GW/um/sr filter_integrated_flux_density,Keck/Gemini AO,"de Kleer et al. 2019 AJ Table 5, filter Lp",3.78
dekleer2019-PFd1691-20160609-Lp,PFd1691,-59.19999999999999,10.4,2016-06-09,2.3,GW/um/sr filter_integrated_flux_density,Keck/Gemini AO,"de Kleer et al. 2019 AJ Table 5, filter Lp",3.78
dekleer2019-PFd1691-20160616-Lp,PFd1691,-54.5,6.7,2016-06-16,1.6,GW/um/sr filter_integrated_flux_density,Keck/Gemini AO,"de Kleer et al. 2019 AJ Table 5, filter Lp",3.78
dekleer2019-PFd1691-20161222-Lp,PFd1691,-56.89999999999998,7.1,2016-12-22,2.2,GW/um/sr filter_integrated_flux_density,Keck/Gemini AO,"de Kleer et al. 2019 AJ Table 5, filter Lp",3.78
dekleer2019-PFd1691-20161222-BrAlphaCont,PFd1691,-56.89999999999998,7.1,2016-12-22,2.5,GW/um/sr filter_integrated_flux_density,Keck/Gemini AO,"de Kleer et al. 2019 AJ Table 5, filter BrAlphaCont",3.99
dekleer2019-PFd1691-20161222-BrAlpha,PFd1691,-56.89999999999998,7.1,2016-12-22,2.7,GW/um/sr filter_integrated_flux_density,Keck/Gemini AO,"de Kleer et al. 2019 AJ Table 5, filter BrAlpha",4.05
dekleer2019-PFd1691-20161222-Ms,PFd1691,-56.89999999999998,7.1,2016-12-22,2.6,GW/um/sr filter_integrated_flux_density,Keck/Gemini AO,"de Kleer et al. 2019 AJ Table 5, filter Ms",4.67
dekleer2019-PFd1691-20170107-Lp,PFd1691,-57.19999999999999,8.4,2017-01-07,2.0,GW/um/sr filter_integrated_flux_density,Keck/Gemini AO,"de Kleer et al. 2019 AJ Table 5, filter Lp",3.78
dekleer2019-PFd1691-20170107-BrAlphaCont,PFd1691,-57.19999999999999,8.4,2017-01-07,2.0,GW/um/sr filter_integrated_flux_density,Keck/Gemini AO,"de Kleer et al. 2019 AJ Table 5, filter BrAlphaCont",3.99
dekleer2019-PFd1691-20170107-BrAlpha,PFd1691,-57.19999999999999,8.4,2017-01-07,2.1,GW/um/sr filter_integrated_flux_density,Keck/Gemini AO,"de Kleer et al. 2019 AJ Table 5, filter BrAlpha",4.05
dekleer2019-PFd1691-20170107-Ms,PFd1691,-57.19999999999999,8.4,2017-01-07,2.6,GW/um/sr filter_integrated_flux_density,Keck/Gemini AO,"de Kleer et al. 2019 AJ Table 5, filter Ms",4.67
dekleer2019-PFd1691-20170123-Lp,PFd1691,-60.5,10.5,2017-01-23,1.9,GW/um/sr filter_integrated_flux_density,Keck/Gemini AO,"de Kleer et al. 2019 AJ Table 5, filter Lp",3.78
dekleer2019-PFd1691-20170206-Lp,PFd1691,-57.39999999999998,8.8,2017-02-06,1.3,GW/um/sr filter_integrated_flux_density,Keck/Gemini AO,"de Kleer et al. 2019 AJ Table 5, filter Lp",3.78
dekleer2019-PFd1691-20170206-BrAlphaCont,PFd1691,-57.39999999999998,8.8,2017-02-06,1.2,GW/um/sr filter_integrated_flux_density,Keck/Gemini AO,"de Kleer et al. 2019 AJ Table 5, filter BrAlphaCont",3.99
dekleer2019-PFd1691-20170206-BrAlpha,PFd1691,-57.39999999999998,8.8,2017-02-06,1.2,GW/um/sr filter_integrated_flux_density,Keck/Gemini AO,"de Kleer et al. 2019 AJ Table 5, filter BrAlpha",4.05
dekleer2019-PFd1691-20170206-Ms,PFd1691,-57.39999999999998,8.8,2017-02-06,1.9,GW/um/sr filter_integrated_flux_density,Keck/Gemini AO,"de Kleer et al. 2019 AJ Table 5, filter Ms",4.67
dekleer2019-PFd1691-20170527-Lp,PFd1691,-61.69999999999999,9.9,2017-05-27,1.5,GW/um/sr filter_integrated_flux_density,Keck/Gemini AO,"de Kleer et al. 2019 AJ Table 5, filter Lp",3.78
dekleer2019-PFd1691-20170527-BrAlphaCont,PFd1691,-61.69999999999999,9.9,2017-05-27,2.7,GW/um/sr filter_integrated_flux_density,Keck/Gemini AO,"de Kleer et al. 2019 AJ Table 5, filter BrAlphaCont",3.99
dekleer2019-PFd1691-20170527-BrAlpha,PFd1691,-61.69999999999999,9.9,2017-05-27,3.0,GW/um/sr filter_integrated_flux_density,Keck/Gemini AO,"de Kleer et al. 2019 AJ Table 5, filter BrAlpha",4.05
dekleer2019-PFd1691-20170527-Ms,PFd1691,-61.69999999999999,9.9,2017-05-27,2.6,GW/um/sr filter_integrated_flux_density,Keck/Gemini AO,"de Kleer et al. 2019 AJ Table 5, filter Ms",4.67
dekleer2019-PFd1691-20170721-Lp,PFd1691,-61.60000000000002,7.6,2017-07-21,1.8,GW/um/sr filter_integrated_flux_density,Keck/Gemini AO,"de Kleer et al. 2019 AJ Table 5, filter Lp",3.78
dekleer2019-PFd1691-20170723-Lp,PFd1691,-60.10000000000002,8.7,2017-07-23,1.9,GW/um/sr filter_integrated_flux_density,Keck/Gemini AO,"de Kleer et al. 2019 AJ Table 5, filter Lp",3.78
dekleer2019-PFd1691-20170723-BrAlpha,PFd1691,-60.10000000000002,8.7,2017-07-23,2.1,GW/um/sr filter_integrated_flux_density,Keck/Gemini AO,"de Kleer et al. 2019 AJ Table 5, filter BrAlpha",4.05
dekleer2019-PFd1691-20171211-Lp,PFd1691,-57.19999999999999,8.3,2017-12-11,2.4,GW/um/sr filter_integrated_flux_density,Keck/Gemini AO,"de Kleer et al. 2019 AJ Table 5, filter Lp",3.78
dekleer2019-PFd1691-20180117-Lp,PFd1691,-54.39999999999998,8.3,2018-01-17,3.0,GW/um/sr filter_integrated_flux_density,Keck/Gemini AO,"de Kleer et al. 2019 AJ Table 5, filter Lp",3.78
dekleer2019-PFd1691-20180119-PAH,PFd1691,-58.0,8.5,2018-01-19,2.8,GW/um/sr filter_integrated_flux_density,Keck/Gemini AO,"de Kleer et al. 2019 AJ Table 5, filter PAH",3.29
dekleer2019-PFd1691-20180119-Lp,PFd1691,-58.0,8.5,2018-01-19,2.4,GW/um/sr filter_integrated_flux_density,Keck/Gemini AO,"de Kleer et al. 2019 AJ Table 5, filter Lp",3.78
dekleer2019-PFd1691-20180119-Ms,PFd1691,-58.0,8.5,2018-01-19,2.3,GW/um/sr filter_integrated_flux_density,Keck/Gemini AO,"de Kleer et al. 2019 AJ Table 5, filter Ms",4.67
dekleer2019-Laki-Oi Patera-20160515-Ms,Laki-Oi Patera,-60.69999999999999,-46.4,2016-05-15,4.0,GW/um/sr filter_integrated_flux_density,Keck/Gemini AO,"de Kleer et al. 2019 AJ Table 5, filter Ms",4.67
dekleer2019-Laki-Oi Patera-20170527-BrAlphaCont,Laki-Oi Patera,-57.5,-43.9,2017-05-27,3.8,GW/um/sr filter_integrated_flux_density,Keck/Gemini AO,"de Kleer et al. 2019 AJ Table 5, filter BrAlphaCont",3.99
dekleer2019-Laki-Oi Patera-20170527-BrAlpha,Laki-Oi Patera,-57.5,-43.9,2017-05-27,4.8,GW/um/sr filter_integrated_flux_density,Keck/Gemini AO,"de Kleer et al. 2019 AJ Table 5, filter BrAlpha",4.05
dekleer2019-Laki-Oi Patera-20170527-Ms,Laki-Oi Patera,-57.5,-43.9,2017-05-27,5.1,GW/um/sr filter_integrated_flux_density,Keck/Gemini AO,"de Kleer et al. 2019 AJ Table 5, filter Ms",4.67
dekleer2019-Laki-Oi Patera-20170721-Lp,Laki-Oi Patera,-58.60000000000002,-45.2,2017-07-21,2.7,GW/um/sr filter_integrated_flux_density,Keck/Gemini AO,"de Kleer et al. 2019 AJ Table 5, filter Lp",3.78
dekleer2019-Laki-Oi Patera-20170721-BrAlphaCont,Laki-Oi Patera,-58.60000000000002,-45.2,2017-07-21,3.3,GW/um/sr filter_integrated_flux_density,Keck/Gemini AO,"de Kleer et al. 2019 AJ Table 5, filter BrAlphaCont",3.99
dekleer2019-Laki-Oi Patera-20170721-Ms,Laki-Oi Patera,-58.60000000000002,-45.2,2017-07-21,4.0,GW/um/sr filter_integrated_flux_density,Keck/Gemini AO,"de Kleer et al. 2019 AJ Table 5, filter Ms",4.67
dekleer2019-Laki-Oi Patera-20170723-BrAlpha,Laki-Oi Patera,-62.5,-42.0,2017-07-23,2.8,GW/um/sr filter_integrated_flux_density,Keck/Gemini AO,"de Kleer et al. 2019 AJ Table 5, filter BrAlpha",4.05
dekleer2019-Shamshu Patera-20170527-BrAlpha,Shamshu Patera,-61.5,-8.3,2017-05-27,2.2,GW/um/sr filter_integrated_flux_density,Keck/Gemini AO,"de Kleer et al. 2019 AJ Table 5, filter BrAlpha",4.05
dekleer2019-Shamshu Patera-20170527-Ms,Shamshu Patera,-61.5,-8.3,2017-05-27,1.2,GW/um/sr filter_integrated_flux_density,Keck/Gemini AO,"de Kleer et al. 2019 AJ Table 5, filter Ms",4.67
dekleer2019-Tejeto Patera-20160501-Lp,Tejeto Patera,-65.89999999999998,-44.0,2016-05-01,4.4,GW/um/sr filter_integrated_flux_density,Keck/Gemini AO,"de Kleer et al. 2019 AJ Table 5, filter Lp",3.78
dekleer2019-Tejeto Patera-20160503-Lp,Tejeto Patera,-71.5,-42.6,2016-05-03,5.5,GW/um/sr filter_integrated_flux_density,Keck/Gemini AO,"de Kleer et al. 2019 AJ Table 5, filter Lp",3.78
dekleer2019-Tejeto Patera-20160510-Lp,Tejeto Patera,-68.39999999999998,-42.1,2016-05-10,3.6,GW/um/sr filter_integrated_flux_density,Keck/Gemini AO,"de Kleer et al. 2019 AJ Table 5, filter Lp",3.78
dekleer2019-Tejeto Patera-20160517-Lp,Tejeto Patera,-68.89999999999998,-43.1,2016-05-17,4.2,GW/um/sr filter_integrated_flux_density,Keck/Gemini AO,"de Kleer et al. 2019 AJ Table 5, filter Lp",3.78
dekleer2019-Chalybes Regio-20130902-Lp,Chalybes Regio,-63.39999999999998,52.0,2013-09-02,8.1,GW/um/sr filter_integrated_flux_density,Keck/Gemini AO,"de Kleer et al. 2019 AJ Table 5, filter Lp",3.78
dekleer2019-Chalybes Regio-20131126-Lp,Chalybes Regio,-65.80000000000001,54.5,2013-11-26,4.9,GW/um/sr filter_integrated_flux_density,Keck/Gemini AO,"de Kleer et al. 2019 AJ Table 5, filter Lp",3.78
dekleer2019-Chalybes Regio-20131203-Lp,Chalybes Regio,-69.0,56.6,2013-12-03,8.7,GW/um/sr filter_integrated_flux_density,Keck/Gemini AO,"de Kleer et al. 2019 AJ Table 5, filter Lp",3.78
dekleer2019-Chalybes Regio-20131205-Lp,Chalybes Regio,-66.80000000000001,57.3,2013-12-05,6.5,GW/um/sr filter_integrated_flux_density,Keck/Gemini AO,"de Kleer et al. 2019 AJ Table 5, filter Lp",3.78
dekleer2019-Chalybes Regio-20131212-Lp,Chalybes Regio,-66.5,56.3,2013-12-12,4.8,GW/um/sr filter_integrated_flux_density,Keck/Gemini AO,"de Kleer et al. 2019 AJ Table 5, filter Lp",3.78
dekleer2019-Chalybes Regio-20140120-H2O,Chalybes Regio,-66.60000000000002,55.7,2014-01-20,4.3,GW/um/sr filter_integrated_flux_density,Keck/Gemini AO,"de Kleer et al. 2019 AJ Table 5, filter H2O",3.06
dekleer2019-Chalybes Regio-20140120-PAH,Chalybes Regio,-66.60000000000002,55.7,2014-01-20,6.4,GW/um/sr filter_integrated_flux_density,Keck/Gemini AO,"de Kleer et al. 2019 AJ Table 5, filter PAH",3.29
dekleer2019-Chalybes Regio-20140120-Lp,Chalybes Regio,-66.60000000000002,55.7,2014-01-20,7.4,GW/um/sr filter_integrated_flux_density,Keck/Gemini AO,"de Kleer et al. 2019 AJ Table 5, filter Lp",3.78
dekleer2019-Chalybes Regio-20140120-Ms,Chalybes Regio,-66.60000000000002,55.7,2014-01-20,9.7,GW/um/sr filter_integrated_flux_density,Keck/Gemini AO,"de Kleer et al. 2019 AJ Table 5, filter Ms",4.67
dekleer2019-Chalybes Regio-20140307-Lp,Chalybes Regio,-75.80000000000001,56.6,2014-03-07,9.7,GW/um/sr filter_integrated_flux_density,Keck/Gemini AO,"de Kleer et al. 2019 AJ Table 5, filter Lp",3.78
dekleer2019-Chalybes Regio-20140311-Lp,Chalybes Regio,-71.80000000000001,58.4,2014-03-11,9.0,GW/um/sr filter_integrated_flux_density,Keck/Gemini AO,"de Kleer et al. 2019 AJ Table 5, filter Lp",3.78
dekleer2019-Chalybes Regio-20140311-Ms,Chalybes Regio,-71.80000000000001,58.4,2014-03-11,8.2,GW/um/sr filter_integrated_flux_density,Keck/Gemini AO,"de Kleer et al. 2019 AJ Table 5, filter Ms",4.67
dekleer2019-Chalybes Regio-20140314-Lp,Chalybes Regio,-68.80000000000001,51.9,2014-03-14,8.1,GW/um/sr filter_integrated_flux_density,Keck/Gemini AO,"de Kleer et al. 2019 AJ Table 5, filter Lp",3.78
dekleer2019-Chalybes Regio-20141030-Lp,Chalybes Regio,-67.19999999999999,57.9,2014-10-30,8.0,GW/um/sr filter_integrated_flux_density,Keck/Gemini AO,"de Kleer et al. 2019 AJ Table 5, filter Lp",3.78
dekleer2019-Chalybes Regio-20141030-Ms,Chalybes Regio,-67.19999999999999,57.9,2014-10-30,11.0,GW/um/sr filter_integrated_flux_density,Keck/Gemini AO,"de Kleer et al. 2019 AJ Table 5, filter Ms",4.67
dekleer2019-Chalybes Regio-20141215-Lp,Chalybes Regio,-65.39999999999998,54.8,2014-12-15,6.1,GW/um/sr filter_integrated_flux_density,Keck/Gemini AO,"de Kleer et al. 2019 AJ Table 5, filter Lp",3.78
dekleer2019-Chalybes Regio-20150116-Lp,Chalybes Regio,-64.80000000000001,55.6,2015-01-16,4.5,GW/um/sr filter_integrated_flux_density,Keck/Gemini AO,"de Kleer et al. 2019 AJ Table 5, filter Lp",3.78
dekleer2019-Chalybes Regio-20150116-Ms,Chalybes Regio,-64.80000000000001,55.6,2015-01-16,7.7,GW/um/sr filter_integrated_flux_density,Keck/Gemini AO,"de Kleer et al. 2019 AJ Table 5, filter Ms",4.67
dekleer2019-Chalybes Regio-20150326-Lp,Chalybes Regio,-72.30000000000001,57.2,2015-03-26,9.4,GW/um/sr filter_integrated_flux_density,Keck/Gemini AO,"de Kleer et al. 2019 AJ Table 5, filter Lp",3.78
dekleer2019-Chalybes Regio-20150328-Lp,Chalybes Regio,-75.69999999999999,55.1,2015-03-28,7.0,GW/um/sr filter_integrated_flux_density,Keck/Gemini AO,"de Kleer et al. 2019 AJ Table 5, filter Lp",3.78
dekleer2019-Chalybes Regio-20150401-Ms,Chalybes Regio,-77.5,56.1,2015-04-01,6.2,GW/um/sr filter_integrated_flux_density,Keck/Gemini AO,"de Kleer et al. 2019 AJ Table 5, filter Ms",4.67
dekleer2019-Chalybes Regio-20150404-Lp,Chalybes Regio,-68.0,54.9,2015-04-04,7.2,GW/um/sr filter_integrated_flux_density,Keck/Gemini AO,"de Kleer et al. 2019 AJ Table 5, filter Lp",3.78
dekleer2019-Chalybes Regio-20150404-Ms,Chalybes Regio,-68.0,54.9,2015-04-04,11.0,GW/um/sr filter_integrated_flux_density,Keck/Gemini AO,"de Kleer et al. 2019 AJ Table 5, filter Ms",4.67
dekleer2019-Chalybes Regio-20150406-Lp,Chalybes Regio,-75.10000000000002,56.9,2015-04-06,5.8,GW/um/sr filter_integrated_flux_density,Keck/Gemini AO,"de Kleer et al. 2019 AJ Table 5, filter Lp",3.78
dekleer2019-Chalybes Regio-20150420-Lp,Chalybes Regio,-73.19999999999999,54.0,2015-04-20,9.9,GW/um/sr filter_integrated_flux_density,Keck/Gemini AO,"de Kleer et al. 2019 AJ Table 5, filter Lp",3.78
dekleer2019-Chalybes Regio-20150427-Lp,Chalybes Regio,-67.5,51.0,2015-04-27,7.5,GW/um/sr filter_integrated_flux_density,Keck/Gemini AO,"de Kleer et al. 2019 AJ Table 5, filter Lp",3.78
dekleer2019-Chalybes Regio-20150429-PAH,Chalybes Regio,-70.10000000000002,55.4,2015-04-29,4.0,GW/um/sr filter_integrated_flux_density,Keck/Gemini AO,"de Kleer et al. 2019 AJ Table 5, filter PAH",3.29
dekleer2019-Chalybes Regio-20150429-Lp,Chalybes Regio,-70.10000000000002,55.4,2015-04-29,5.0,GW/um/sr filter_integrated_flux_density,Keck/Gemini AO,"de Kleer et al. 2019 AJ Table 5, filter Lp",3.78
dekleer2019-Chalybes Regio-20150429-Ms,Chalybes Regio,-70.10000000000002,55.4,2015-04-29,7.9,GW/um/sr filter_integrated_flux_density,Keck/Gemini AO,"de Kleer et al. 2019 AJ Table 5, filter Ms",4.67
dekleer2019-Chalybes Regio-20150605-PAH,Chalybes Regio,-68.5,55.0,2015-06-05,9.5,GW/um/sr filter_integrated_flux_density,Keck/Gemini AO,"de Kleer et al. 2019 AJ Table 5, filter PAH",3.29
dekleer2019-Chalybes Regio-20150605-Lp,Chalybes Regio,-68.5,55.0,2015-06-05,8.7,GW/um/sr filter_integrated_flux_density,Keck/Gemini AO,"de Kleer et al. 2019 AJ Table 5, filter Lp",3.78
dekleer2019-Chalybes Regio-20150605-Ms,Chalybes Regio,-68.5,55.0,2015-06-05,11.0,GW/um/sr filter_integrated_flux_density,Keck/Gemini AO,"de Kleer et al. 2019 AJ Table 5, filter Ms",4.67
dekleer2019-Chalybes Regio-20151222-Lp,Chalybes Regio,-57.60000000000002,59.3,2015-12-22,6.0,GW/um/sr filter_integrated_flux_density,Keck/Gemini AO,"de Kleer et al. 2019 AJ Table 5, filter Lp",3.78
dekleer2019-Chalybes Regio-20151222-Ms,Chalybes Regio,-57.60000000000002,59.3,2015-12-22,14.0,GW/um/sr filter_integrated_flux_density,Keck/Gemini AO,"de Kleer et al. 2019 AJ Table 5, filter Ms",4.67
dekleer2019-Chalybes Regio-20160204-Lp,Chalybes Regio,-67.19999999999999,54.9,2016-02-04,6.9,GW/um/sr filter_integrated_flux_density,Keck/Gemini AO,"de Kleer et al. 2019 AJ Table 5, filter Lp",3.78
dekleer2019-Chalybes Regio-20160211-Lp,Chalybes Regio,-61.39999999999998,54.4,2016-02-11,6.4,GW/um/sr filter_integrated_flux_density,Keck/Gemini AO,"de Kleer et al. 2019 AJ Table 5, filter Lp",3.78
dekleer2019-Chalybes Regio-20160220-Lp,Chalybes Regio,-71.80000000000001,61.2,2016-02-20,7.3,GW/um/sr filter_integrated_flux_density,Keck/Gemini AO,"de Kleer et al. 2019 AJ Table 5, filter Lp",3.78
dekleer2019-Chalybes Regio-20160314-Lp,Chalybes Regio,-62.10000000000002,57.3,2016-03-14,7.9,GW/um/sr filter_integrated_flux_density,Keck/Gemini AO,"de Kleer et al. 2019 AJ Table 5, filter Lp",3.78
dekleer2019-Chalybes Regio-20160501-Lp,Chalybes Regio,-71.39999999999998,59.9,2016-05-01,7.8,GW/um/sr filter_integrated_flux_density,Keck/Gemini AO,"de Kleer et al. 2019 AJ Table 5, filter Lp",3.78
dekleer2019-Chalybes Regio-20160503-Lp,Chalybes Regio,-68.19999999999999,63.0,2016-05-03,14.0,GW/um/sr filter_integrated_flux_density,Keck/Gemini AO,"de Kleer et al. 2019 AJ Table 5, filter Lp",3.78
dekleer2019-Chalybes Regio-20160508-Lp,Chalybes Regio,-72.5,59.7,2016-05-08,11.0,GW/um/sr filter_integrated_flux_density,Keck/Gemini AO,"de Kleer et al. 2019 AJ Table 5, filter Lp",3.78
dekleer2019-Chalybes Regio-20160510-Lp,Chalybes Regio,-69.19999999999999,59.8,2016-05-10,8.0,GW/um/sr filter_integrated_flux_density,Keck/Gemini AO,"de Kleer et al. 2019 AJ Table 5, filter Lp",3.78
dekleer2019-Chalybes Regio-20160515-PAH,Chalybes Regio,-65.89999999999998,50.7,2016-05-15,7.8,GW/um/sr filter_integrated_flux_density,Keck/Gemini AO,"de Kleer et al. 2019 AJ Table 5, filter PAH",3.29
dekleer2019-Chalybes Regio-20160515-Lp,Chalybes Regio,-65.89999999999998,50.7,2016-05-15,6.0,GW/um/sr filter_integrated_flux_density,Keck/Gemini AO,"de Kleer et al. 2019 AJ Table 5, filter Lp",3.78
dekleer2019-Chalybes Regio-20160515-Ms,Chalybes Regio,-65.89999999999998,50.7,2016-05-15,9.6,GW/um/sr filter_integrated_flux_density,Keck/Gemini AO,"de Kleer et al. 2019 AJ Table 5, filter Ms",4.67
dekleer2019-Chalybes Regio-20160517-Lp,Chalybes Regio,-70.5,62.1,2016-05-17,10.0,GW/um/sr filter_integrated_flux_density,Keck/Gemini AO,"de Kleer et al. 2019 AJ Table 5, filter Lp",3.78
dekleer2019-Chalybes Regio-20160524-Lp,Chalybes Regio,-71.39999999999998,61.2,2016-05-24,11.0,GW/um/sr filter_integrated_flux_density,Keck/Gemini AO,"de Kleer et al. 2019 AJ Table 5, filter Lp",3.78
dekleer2019-Chalybes Regio-20160531-Lp,Chalybes Regio,-63.30000000000001,56.1,2016-05-31,8.3,GW/um/sr filter_integrated_flux_density,Keck/Gemini AO,"de Kleer et al. 2019 AJ Table 5, filter Lp",3.78
dekleer2019-Chalybes Regio-20160602-Lp,Chalybes Regio,-65.89999999999998,59.6,2016-06-02,10.0,GW/um/sr filter_integrated_flux_density,Keck/Gemini AO,"de Kleer et al. 2019 AJ Table 5, filter Lp",3.78
dekleer2019-Chalybes Regio-20160607-Lp,Chalybes Regio,-71.19999999999999,57.8,2016-06-07,9.9,GW/um/sr filter_integrated_flux_density,Keck/Gemini AO,"de Kleer et al. 2019 AJ Table 5, filter Lp",3.78
dekleer2019-Chalybes Regio-20160609-Lp,Chalybes Regio,-74.69999999999999,58.4,2016-06-09,9.6,GW/um/sr filter_integrated_flux_density,Keck/Gemini AO,"de Kleer et al. 2019 AJ Table 5, filter Lp",3.78
dekleer2019-Chalybes Regio-20160616-Lp,Chalybes Regio,-63.0,53.2,2016-06-16,8.1,GW/um/sr filter_integrated_flux_density,Keck/Gemini AO,"de Kleer et al. 2019 AJ Table 5, filter Lp",3.78
dekleer2019-Chalybes Regio-20160625-Lp,Chalybes Regio,-73.89999999999998,56.2,2016-06-25,11.0,GW/um/sr filter_integrated_flux_density,Keck/Gemini AO,"de Kleer et al. 2019 AJ Table 5, filter Lp",3.78
dekleer2019-Chalybes Regio-20161122-Lp,Chalybes Regio,-64.69999999999999,57.2,2016-11-22,17.0,GW/um/sr filter_integrated_flux_density,Keck/Gemini AO,"de Kleer et al. 2019 AJ Table 5, filter Lp",3.78
dekleer2019-Chalybes Regio-20161124-Lp,Chalybes Regio,-70.89999999999998,50.1,2016-11-24,12.0,GW/um/sr filter_integrated_flux_density,Keck/Gemini AO,"de Kleer et al. 2019 AJ Table 5, filter Lp",3.78
dekleer2019-Chalybes Regio-20161129-Lp,Chalybes Regio,-63.69999999999999,54.9,2016-11-29,14.0,GW/um/sr filter_integrated_flux_density,Keck/Gemini AO,"de Kleer et al. 2019 AJ Table 5, filter Lp",3.78
dekleer2019-Chalybes Regio-20161222-PAH,Chalybes Regio,-63.39999999999998,49.0,2016-12-22,10.0,GW/um/sr filter_integrated_flux_density,Keck/Gemini AO,"de Kleer et al. 2019 AJ Table 5, filter PAH",3.29
dekleer2019-Chalybes Regio-20161222-Lp,Chalybes Regio,-63.39999999999998,49.0,2016-12-22,9.3,GW/um/sr filter_integrated_flux_density,Keck/Gemini AO,"de Kleer et al. 2019 AJ Table 5, filter Lp",3.78
dekleer2019-Chalybes Regio-20161222-BrAlphaCont,Chalybes Regio,-63.39999999999998,49.0,2016-12-22,10.0,GW/um/sr filter_integrated_flux_density,Keck/Gemini AO,"de Kleer et al. 2019 AJ Table 5, filter BrAlphaCont",3.99
dekleer2019-Chalybes Regio-20161222-BrAlpha,Chalybes Regio,-63.39999999999998,49.0,2016-12-22,10.0,GW/um/sr filter_integrated_flux_density,Keck/Gemini AO,"de Kleer et al. 2019 AJ Table 5, filter BrAlpha",4.05
dekleer2019-Chalybes Regio-20161222-Ms,Chalybes Regio,-63.39999999999998,49.0,2016-12-22,11.0,GW/um/sr filter_integrated_flux_density,Keck/Gemini AO,"de Kleer et al. 2019 AJ Table 5, filter Ms",4.67
dekleer2019-Chalybes Regio-20161224-Lp,Chalybes Regio,-70.30000000000001,54.5,2016-12-24,11.0,GW/um/sr filter_integrated_flux_density,Keck/Gemini AO,"de Kleer et al. 2019 AJ Table 5, filter Lp",3.78
dekleer2019-Chalybes Regio-20170104-Ms,Chalybes Regio,-80.0,50.8,2017-01-04,6.9,GW/um/sr filter_integrated_flux_density,Keck/Gemini AO,"de Kleer et al. 2019 AJ Table 5, filter Ms",4.67
dekleer2019-Chalybes Regio-20170107-PAH,Chalybes Regio,-64.19999999999999,50.9,2017-01-07,9.2,GW/um/sr filter_integrated_flux_density,Keck/Gemini AO,"de Kleer et al. 2019 AJ Table 5, filter PAH",3.29
dekleer2019-Chalybes Regio-20170107-Lp,Chalybes Regio,-64.19999999999999,50.9,2017-01-07,6.9,GW/um/sr filter_integrated_flux_density,Keck/Gemini AO,"de Kleer et al. 2019 AJ Table 5, filter Lp",3.78
dekleer2019-Chalybes Regio-20170107-BrAlphaCont,Chalybes Regio,-64.19999999999999,50.9,2017-01-07,8.2,GW/um/sr filter_integrated_flux_density,Keck/Gemini AO,"de Kleer et al. 2019 AJ Table 5, filter BrAlphaCont",3.99
dekleer2019-Chalybes Regio-20170107-BrAlpha,Chalybes Regio,-64.19999999999999,50.9,2017-01-07,8.0,GW/um/sr filter_integrated_flux_density,Keck/Gemini AO,"de Kleer et al. 2019 AJ Table 5, filter BrAlpha",4.05
dekleer2019-Chalybes Regio-20170107-Ms,Chalybes Regio,-64.19999999999999,50.9,2017-01-07,9.8,GW/um/sr filter_integrated_flux_density,Keck/Gemini AO,"de Kleer et al. 2019 AJ Table 5, filter Ms",4.67
dekleer2019-Chalybes Regio-20170109-Lp,Chalybes Regio,-66.0,56.8,2017-01-09,13.0,GW/um/sr filter_integrated_flux_density,Keck/Gemini AO,"de Kleer et al. 2019 AJ Table 5, filter Lp",3.78
dekleer2019-Chalybes Regio-20170114-Lp,Chalybes Regio,-66.5,61.2,2017-01-14,14.0,GW/um/sr filter_integrated_flux_density,Keck/Gemini AO,"de Kleer et al. 2019 AJ Table 5, filter Lp",3.78
dekleer2019-Chalybes Regio-20170123-H2O,Chalybes Regio,-74.30000000000001,50.8,2017-01-23,7.4,GW/um/sr filter_integrated_flux_density,Keck/Gemini AO,"de Kleer et al. 2019 AJ Table 5, filter H2O",3.06
dekleer2019-Chalybes Regio-20170123-PAH,Chalybes Regio,-74.30000000000001,50.8,2017-01-23,7.9,GW/um/sr filter_integrated_flux_density,Keck/Gemini AO,"de Kleer et al. 2019 AJ Table 5, filter PAH",3.29
dekleer2019-Chalybes Regio-20170123-Lp,Chalybes Regio,-74.30000000000001,50.8,2017-01-23,9.9,GW/um/sr filter_integrated_flux_density,Keck/Gemini AO,"de Kleer et al. 2019 AJ Table 5, filter Lp",3.78
dekleer2019-Chalybes Regio-20170125-Lp,Chalybes Regio,-63.30000000000001,57.8,2017-01-25,12.0,GW/um/sr filter_integrated_flux_density,Keck/Gemini AO,"de Kleer et al. 2019 AJ Table 5, filter Lp",3.78
dekleer2019-Chalybes Regio-20170130-Lp,Chalybes Regio,-66.39999999999998,55.3,2017-01-30,12.0,GW/um/sr filter_integrated_flux_density,Keck/Gemini AO,"de Kleer et al. 2019 AJ Table 5, filter Lp",3.78
dekleer2019-Chalybes Regio-20170206-H2O,Chalybes Regio,-64.60000000000002,50.6,2017-02-06,3.6,GW/um/sr filter_integrated_flux_density,Keck/Gemini AO,"de Kleer et al. 2019 AJ Table 5, filter H2O",3.06
dekleer2019-Chalybes Regio-20170206-Lp,Chalybes Regio,-64.60000000000002,50.6,2017-02-06,6.0,GW/um/sr filter_integrated_flux_density,Keck/Gemini AO,"de Kleer et al. 2019 AJ Table 5, filter Lp",3.78
dekleer2019-Chalybes Regio-20170206-BrAlphaCont,Chalybes Regio,-64.60000000000002,50.6,2017-02-06,7.0,GW/um/sr filter_integrated_flux_density,Keck/Gemini AO,"de Kleer et al. 2019 AJ Table 5, filter BrAlphaCont",3.99
dekleer2019-Chalybes Regio-20170206-BrAlpha,Chalybes Regio,-64.60000000000002,50.6,2017-02-06,7.2,GW/um/sr filter_integrated_flux_density,Keck/Gemini AO,"de Kleer et al. 2019 AJ Table 5, filter BrAlpha",4.05
dekleer2019-Chalybes Regio-20170206-Ms,Chalybes Regio,-64.60000000000002,50.6,2017-02-06,11.0,GW/um/sr filter_integrated_flux_density,Keck/Gemini AO,"de Kleer et al. 2019 AJ Table 5, filter Ms",4.67
dekleer2019-Chalybes Regio-20170224-Lp,Chalybes Regio,-62.39999999999998,58.4,2017-02-24,10.0,GW/um/sr filter_integrated_flux_density,Keck/Gemini AO,"de Kleer et al. 2019 AJ Table 5, filter Lp",3.78
dekleer2019-Chalybes Regio-20170305-Lp,Chalybes Regio,-70.10000000000002,54.8,2017-03-05,10.0,GW/um/sr filter_integrated_flux_density,Keck/Gemini AO,"de Kleer et al. 2019 AJ Table 5, filter Lp",3.78
dekleer2019-Chalybes Regio-20170402-Lp,Chalybes Regio,-66.39999999999998,54.9,2017-04-02,8.1,GW/um/sr filter_integrated_flux_density,Keck/Gemini AO,"de Kleer et al. 2019 AJ Table 5, filter Lp",3.78
dekleer2019-Chalybes Regio-20170404-Lp,Chalybes Regio,-70.5,56.6,2017-04-04,11.0,GW/um/sr filter_integrated_flux_density,Keck/Gemini AO,"de Kleer et al. 2019 AJ Table 5, filter Lp",3.78
dekleer2019-Chalybes Regio-20170504-Lp,Chalybes Regio,-76.10000000000002,54.4,2017-05-04,8.7,GW/um/sr filter_integrated_flux_density,Keck/Gemini AO,"de Kleer et al. 2019 AJ Table 5, filter Lp",3.78
dekleer2019-Chalybes Regio-20170506-Lp,Chalybes Regio,-73.5,57.3,2017-05-06,12.0,GW/um/sr filter_integrated_flux_density,Keck/Gemini AO,"de Kleer et al. 2019 AJ Table 5, filter Lp",3.78
dekleer2019-Chalybes Regio-20170511-Lp,Chalybes Regio,-74.39999999999998,59.5,2017-05-11,13.0,GW/um/sr filter_integrated_flux_density,Keck/Gemini AO,"de Kleer et al. 2019 AJ Table 5, filter Lp",3.78
dekleer2019-Chalybes Regio-20170522-Lp,Chalybes Regio,-76.89999999999998,54.4,2017-05-22,13.0,GW/um/sr filter_integrated_flux_density,Keck/Gemini AO,"de Kleer et al. 2019 AJ Table 5, filter Lp",3.78
dekleer2019-Chalybes Regio-20170527-H2O,Chalybes Regio,-72.10000000000002,51.3,2017-05-27,8.9,GW/um/sr filter_integrated_flux_density,Keck/Gemini AO,"de Kleer et al. 2019 AJ Table 5, filter H2O",3.06
dekleer2019-Chalybes Regio-20170527-PAH,Chalybes Regio,-72.10000000000002,51.3,2017-05-27,7.8,GW/um/sr filter_integrated_flux_density,Keck/Gemini AO,"de Kleer et al. 2019 AJ Table 5, filter PAH",3.29
dekleer2019-Chalybes Regio-20170527-Lp,Chalybes Regio,-72.10000000000002,51.3,2017-05-27,11.0,GW/um/sr filter_integrated_flux_density,Keck/Gemini AO,"de Kleer et al. 2019 AJ Table 5, filter Lp",3.78
dekleer2019-Chalybes Regio-20170527-BrAlphaCont,Chalybes Regio,-72.10000000000002,51.3,2017-05-27,14.0,GW/um/sr filter_integrated_flux_density,Keck/Gemini AO,"de Kleer et al. 2019 AJ Table 5, filter BrAlphaCont",3.99
dekleer2019-Chalybes Regio-20170527-BrAlpha,Chalybes Regio,-72.10000000000002,51.3,2017-05-27,21.0,GW/um/sr filter_integrated_flux_density,Keck/Gemini AO,"de Kleer et al. 2019 AJ Table 5, filter BrAlpha",4.05
dekleer2019-Chalybes Regio-20170527-Ms,Chalybes Regio,-72.10000000000002,51.3,2017-05-27,16.0,GW/um/sr filter_integrated_flux_density,Keck/Gemini AO,"de Kleer et al. 2019 AJ Table 5, filter Ms",4.67
dekleer2019-Chalybes Regio-20170529-Lp,Chalybes Regio,-73.0,53.3,2017-05-29,13.0,GW/um/sr filter_integrated_flux_density,Keck/Gemini AO,"de Kleer et al. 2019 AJ Table 5, filter Lp",3.78
dekleer2019-Chalybes Regio-20170531-Lp,Chalybes Regio,-62.30000000000001,56.7,2017-05-31,15.0,GW/um/sr filter_integrated_flux_density,Keck/Gemini AO,"de Kleer et al. 2019 AJ Table 5, filter Lp",3.78
dekleer2019-Chalybes Regio-20170603-Lp,Chalybes Regio,-75.30000000000001,59.1,2017-06-03,13.0,GW/um/sr filter_integrated_flux_density,Keck/Gemini AO,"de Kleer et al. 2019 AJ Table 5, filter Lp",3.78
dekleer2019-Chalybes Regio-20170616-Lp,Chalybes Regio,-84.80000000000001,50.9,2017-06-16,10.0,GW/um/sr filter_integrated_flux_density,Keck/Gemini AO,"de Kleer et al. 2019 AJ Table 5, filter Lp",3.78
dekleer2019-Chalybes Regio-20170628-Lp,Chalybes Regio,-70.19999999999999,52.8,2017-06-28,8.3,GW/um/sr filter_integrated_flux_density,Keck/Gemini AO,"de Kleer et al. 2019 AJ Table 5, filter Lp",3.78
dekleer2019-Chalybes Regio-20170630-Lp,Chalybes Regio,-72.30000000000001,57.4,2017-06-30,14.0,GW/um/sr filter_integrated_flux_density,Keck/Gemini AO,"de Kleer et al. 2019 AJ Table 5, filter Lp",3.78
dekleer2019-Chalybes Regio-20170705-Lp,Chalybes Regio,-71.89999999999998,57.0,2017-07-05,10.0,GW/um/sr filter_integrated_flux_density,Keck/Gemini AO,"de Kleer et al. 2019 AJ Table 5, filter Lp",3.78
dekleer2019-Chalybes Regio-20170707-Lp,Chalybes Regio,-66.10000000000002,59.3,2017-07-07,15.0,GW/um/sr filter_integrated_flux_density,Keck/Gemini AO,"de Kleer et al. 2019 AJ Table 5, filter Lp",3.78
dekleer2019-Chalybes Regio-20170721-PAH,Chalybes Regio,-75.60000000000002,46.8,2017-07-21,6.7,GW/um/sr filter_integrated_flux_density,Keck/Gemini AO,"de Kleer et al. 2019 AJ Table 5, filter PAH",3.29
dekleer2019-Chalybes Regio-20170721-Lp,Chalybes Regio,-75.60000000000002,46.8,2017-07-21,7.5,GW/um/sr filter_integrated_flux_density,Keck/Gemini AO,"de Kleer et al. 2019 AJ Table 5, filter Lp",3.78
dekleer2019-Chalybes Regio-20170721-Ms,Chalybes Regio,-75.60000000000002,46.8,2017-07-21,13.0,GW/um/sr filter_integrated_flux_density,Keck/Gemini AO,"de Kleer et al. 2019 AJ Table 5, filter Ms",4.67
dekleer2019-Chalybes Regio-20170723-PAH,Chalybes Regio,-78.80000000000001,48.3,2017-07-23,7.9,GW/um/sr filter_integrated_flux_density,Keck/Gemini AO,"de Kleer et al. 2019 AJ Table 5, filter PAH",3.29
dekleer2019-Chalybes Regio-20170723-Lp,Chalybes Regio,-78.80000000000001,48.3,2017-07-23,7.6,GW/um/sr filter_integrated_flux_density,Keck/Gemini AO,"de Kleer et al. 2019 AJ Table 5, filter Lp",3.78
dekleer2019-Chalybes Regio-20170723-BrAlphaCont,Chalybes Regio,-78.80000000000001,48.3,2017-07-23,9.6,GW/um/sr filter_integrated_flux_density,Keck/Gemini AO,"de Kleer et al. 2019 AJ Table 5, filter BrAlphaCont",3.99
dekleer2019-Chalybes Regio-20170723-BrAlpha,Chalybes Regio,-78.80000000000001,48.3,2017-07-23,14.0,GW/um/sr filter_integrated_flux_density,Keck/Gemini AO,"de Kleer et al. 2019 AJ Table 5, filter BrAlpha",4.05
dekleer2019-Chalybes Regio-20170723-Ms,Chalybes Regio,-78.80000000000001,48.3,2017-07-23,16.0,GW/um/sr filter_integrated_flux_density,Keck/Gemini AO,"de Kleer et al. 2019 AJ Table 5, filter Ms",4.67
dekleer2019-Chalybes Regio-20171211-Lp,Chalybes Regio,-72.69999999999999,46.4,2017-12-11,10.0,GW/um/sr filter_integrated_flux_density,Keck/Gemini AO,"de Kleer et al. 2019 AJ Table 5, filter Lp",3.78
dekleer2019-Chalybes Regio-20171213-Lp,Chalybes Regio,-77.0,49.0,2017-12-13,10.0,GW/um/sr filter_integrated_flux_density,Keck/Gemini AO,"de Kleer et al. 2019 AJ Table 5, filter Lp",3.78
dekleer2019-Chalybes Regio-20171213-Ms,Chalybes Regio,-77.0,49.0,2017-12-13,17.0,GW/um/sr filter_integrated_flux_density,Keck/Gemini AO,"de Kleer et al. 2019 AJ Table 5, filter Ms",4.67
dekleer2019-Chalybes Regio-20180114-Lp,Chalybes Regio,-82.10000000000002,49.3,2018-01-14,12.0,GW/um/sr filter_integrated_flux_density,Keck/Gemini AO,"de Kleer et al. 2019 AJ Table 5, filter Lp",3.78
dekleer2019-Chalybes Regio-20180114-BrAlpha,Chalybes Regio,-82.10000000000002,49.3,2018-01-14,11.0,GW/um/sr filter_integrated_flux_density,Keck/Gemini AO,"de Kleer et al. 2019 AJ Table 5, filter BrAlpha",4.05
dekleer2019-Chalybes Regio-20180114-Ms,Chalybes Regio,-82.10000000000002,49.3,2018-01-14,25.0,GW/um/sr filter_integrated_flux_density,Keck/Gemini AO,"de Kleer et al. 2019 AJ Table 5, filter Ms",4.67
dekleer2019-Chalybes Regio-20180117-Lp,Chalybes Regio,-59.60000000000002,48.7,2018-01-17,8.3,GW/um/sr filter_integrated_flux_density,Keck/Gemini AO,"de Kleer et al. 2019 AJ Table 5, filter Lp",3.78
dekleer2019-Chalybes Regio-20180119-PAH,Chalybes Regio,-73.69999999999999,48.9,2018-01-19,13.0,GW/um/sr filter_integrated_flux_density,Keck/Gemini AO,"de Kleer et al. 2019 AJ Table 5, filter PAH",3.29
dekleer2019-Chalybes Regio-20180119-Lp,Chalybes Regio,-73.69999999999999,48.9,2018-01-19,11.0,GW/um/sr filter_integrated_flux_density,Keck/Gemini AO,"de Kleer et al. 2019 AJ Table 5, filter Lp",3.78
dekleer2019-Chalybes Regio-20180119-Ms,Chalybes Regio,-73.69999999999999,48.9,2018-01-19,22.0,GW/um/sr filter_integrated_flux_density,Keck/Gemini AO,"de Kleer et al. 2019 AJ Table 5, filter Ms",4.67
dekleer2019-Chalybes Regio-20180315-Lp,Chalybes Regio,-71.60000000000002,54.0,2018-03-15,10.0,GW/um/sr filter_integrated_flux_density,Keck/Gemini AO,"de Kleer et al. 2019 AJ Table 5, filter Lp",3.78
dekleer2019-Chalybes Regio-20180507-Lp,Chalybes Regio,-79.89999999999998,55.5,2018-05-07,9.5,GW/um/sr filter_integrated_flux_density,Keck/Gemini AO,"de Kleer et al. 2019 AJ Table 5, filter Lp",3.78
dekleer2019-Chalybes Regio-20180617-Lp,Chalybes Regio,-77.80000000000001,50.3,2018-06-17,12.0,GW/um/sr filter_integrated_flux_density,Keck/Gemini AO,"de Kleer et al. 2019 AJ Table 5, filter Lp",3.78
dekleer2019-Chalybes Regio-20180712-Lp,Chalybes Regio,-69.80000000000001,60.5,2018-07-12,18.0,GW/um/sr filter_integrated_flux_density,Keck/Gemini AO,"de Kleer et al. 2019 AJ Table 5, filter Lp",3.78
dekleer2019-Zal Patera-20131126-Lp,Zal Patera,-71.60000000000002,38.8,2013-11-26,1.5,GW/um/sr filter_integrated_flux_density,Keck/Gemini AO,"de Kleer et al. 2019 AJ Table 5, filter Lp",3.78
dekleer2019-Zal Patera-20131128-Lp,Zal Patera,-72.60000000000002,37.8,2013-11-28,4.0,GW/um/sr filter_integrated_flux_density,Keck/Gemini AO,"de Kleer et al. 2019 AJ Table 5, filter Lp",3.78
dekleer2019-Zal Patera-20131205-Lp,Zal Patera,-72.30000000000001,41.2,2013-12-05,1.8,GW/um/sr filter_integrated_flux_density,Keck/Gemini AO,"de Kleer et al. 2019 AJ Table 5, filter Lp",3.78
dekleer2019-Zal Patera-20131212-Lp,Zal Patera,-72.30000000000001,39.3,2013-12-12,1.4,GW/um/sr filter_integrated_flux_density,Keck/Gemini AO,"de Kleer et al. 2019 AJ Table 5, filter Lp",3.78
dekleer2019-Zal Patera-20140120-Lp,Zal Patera,-73.60000000000002,37.6,2014-01-20,2.7,GW/um/sr filter_integrated_flux_density,Keck/Gemini AO,"de Kleer et al. 2019 AJ Table 5, filter Lp",3.78
dekleer2019-Zal Patera-20140120-Ms,Zal Patera,-73.60000000000002,37.6,2014-01-20,5.0,GW/um/sr filter_integrated_flux_density,Keck/Gemini AO,"de Kleer et al. 2019 AJ Table 5, filter Ms",4.67
dekleer2019-Zal Patera-20141030-Ms,Zal Patera,-76.60000000000002,37.0,2014-10-30,4.2,GW/um/sr filter_integrated_flux_density,Keck/Gemini AO,"de Kleer et al. 2019 AJ Table 5, filter Ms",4.67
dekleer2019-Zal Patera-20141201-Lp,Zal Patera,-73.5,38.6,2014-12-01,2.8,GW/um/sr filter_integrated_flux_density,Keck/Gemini AO,"de Kleer et al. 2019 AJ Table 5, filter Lp",3.78
dekleer2019-Zal Patera-20141208-Lp,Zal Patera,-69.80000000000001,37.3,2014-12-08,4.6,GW/um/sr filter_integrated_flux_density,Keck/Gemini AO,"de Kleer et al. 2019 AJ Table 5, filter Lp",3.78
dekleer2019-Zal Patera-20141210-Lp,Zal Patera,-71.10000000000002,41.3,2014-12-10,3.7,GW/um/sr filter_integrated_flux_density,Keck/Gemini AO,"de Kleer et al. 2019 AJ Table 5, filter Lp",3.78
dekleer2019-Zal Patera-20141215-Lp,Zal Patera,-71.10000000000002,40.7,2014-12-15,3.2,GW/um/sr filter_integrated_flux_density,Keck/Gemini AO,"de Kleer et al. 2019 AJ Table 5, filter Lp",3.78
dekleer2019-Zal Patera-20150111-Ms,Zal Patera,-78.60000000000002,37.6,2015-01-11,6.2,GW/um/sr filter_integrated_flux_density,Keck/Gemini AO,"de Kleer et al. 2019 AJ Table 5, filter Ms",4.67
dekleer2019-Zal Patera-20150116-Lp,Zal Patera,-73.80000000000001,38.4,2015-01-16,2.2,GW/um/sr filter_integrated_flux_density,Keck/Gemini AO,"de Kleer et al. 2019 AJ Table 5, filter Lp",3.78
dekleer2019-Zal Patera-20150116-Ms,Zal Patera,-73.80000000000001,38.4,2015-01-16,5.0,GW/um/sr filter_integrated_flux_density,Keck/Gemini AO,"de Kleer et al. 2019 AJ Table 5, filter Ms",4.67
dekleer2019-Zal Patera-20150328-Lp,Zal Patera,-78.69999999999999,36.5,2015-03-28,2.6,GW/um/sr filter_integrated_flux_density,Keck/Gemini AO,"de Kleer et al. 2019 AJ Table 5, filter Lp",3.78
dekleer2019-Zal Patera-20150401-Ms,Zal Patera,-77.30000000000001,38.5,2015-04-01,4.7,GW/um/sr filter_integrated_flux_density,Keck/Gemini AO,"de Kleer et al. 2019 AJ Table 5, filter Ms",4.67
dekleer2019-Zal Patera-20150404-Ms,Zal Patera,-78.5,36.7,2015-04-04,5.5,GW/um/sr filter_integrated_flux_density,Keck/Gemini AO,"de Kleer et al. 2019 AJ Table 5, filter Ms",4.67
dekleer2019-Zal Patera-20150420-Lp,Zal Patera,-73.39999999999998,38.3,2015-04-20,4.5,GW/um/sr filter_integrated_flux_density,Keck/Gemini AO,"de Kleer et al. 2019 AJ Table 5, filter Lp",3.78
dekleer2019-Zal Patera-20150422-Lp,Zal Patera,-78.69999999999999,35.4,2015-04-22,3.2,GW/um/sr filter_integrated_flux_density,Keck/Gemini AO,"de Kleer et al. 2019 AJ Table 5, filter Lp",3.78
dekleer2019-Zal Patera-20150429-Lp,Zal Patera,-75.60000000000002,39.5,2015-04-29,2.8,GW/um/sr filter_integrated_flux_density,Keck/Gemini AO,"de Kleer et al. 2019 AJ Table 5, filter Lp",3.78
dekleer2019-Zal Patera-20150429-Ms,Zal Patera,-75.60000000000002,39.5,2015-04-29,5.0,GW/um/sr filter_integrated_flux_density,Keck/Gemini AO,"de Kleer et al. 2019 AJ Table 5, filter Ms",4.67
dekleer2019-Zal Patera-20150605-Ms,Zal Patera,-74.89999999999998,37.9,2015-06-05,3.2,GW/um/sr filter_integrated_flux_density,Keck/Gemini AO,"de Kleer et al. 2019 AJ Table 5, filter Ms",4.67
dekleer2019-Zal Patera-20161222-Ms,Zal Patera,-74.30000000000001,33.4,2016-12-22,2.4,GW/um/sr filter_integrated_flux_density,Keck/Gemini AO,"de Kleer et al. 2019 AJ Table 5, filter Ms",4.67
dekleer2019-Zal Patera-20170107-Ms,Zal Patera,-76.39999999999998,34.2,2017-01-07,1.7,GW/um/sr filter_integrated_flux_density,Keck/Gemini AO,"de Kleer et al. 2019 AJ Table 5, filter Ms",4.67
dekleer2019-Zal Patera-20170527-BrAlpha,Zal Patera,-76.19999999999999,36.6,2017-05-27,4.9,GW/um/sr filter_integrated_flux_density,Keck/Gemini AO,"de Kleer et al. 2019 AJ Table 5, filter BrAlpha",4.05
dekleer2019-Zal Patera-20170527-Ms,Zal Patera,-76.19999999999999,36.6,2017-05-27,3.9,GW/um/sr filter_integrated_flux_density,Keck/Gemini AO,"de Kleer et al. 2019 AJ Table 5, filter Ms",4.67
dekleer2019-Zal Patera-20170721-Lp,Zal Patera,-76.80000000000001,38.0,2017-07-21,4.7,GW/um/sr filter_integrated_flux_density,Keck/Gemini AO,"de Kleer et al. 2019 AJ Table 5, filter Lp",3.78
dekleer2019-Zal Patera-20170721-BrAlphaCont,Zal Patera,-76.80000000000001,38.0,2017-07-21,7.4,GW/um/sr filter_integrated_flux_density,Keck/Gemini AO,"de Kleer et al. 2019 AJ Table 5, filter BrAlphaCont",3.99
dekleer2019-Zal Patera-20170723-Lp,Zal Patera,-79.10000000000002,34.2,2017-07-23,1.9,GW/um/sr filter_integrated_flux_density,Keck/Gemini AO,"de Kleer et al. 2019 AJ Table 5, filter Lp",3.78
dekleer2019-Tawhaki Patera-20130821-Ms,Tawhaki Patera,-78.10000000000002,3.6,2013-08-21,2.0,GW/um/sr filter_integrated_flux_density,Keck/Gemini AO,"de Kleer et al. 2019 AJ Table 5, filter Ms",4.67
dekleer2019-Tawhaki Patera-20131205-Lp,Tawhaki Patera,-73.39999999999998,2.5,2013-12-05,1.0,GW/um/sr filter_integrated_flux_density,Keck/Gemini AO,"de Kleer et al. 2019 AJ Table 5, filter Lp",3.78
dekleer2019-Tawhaki Patera-20131212-Lp,Tawhaki Patera,-74.39999999999998,2.5,2013-12-12,1.2,GW/um/sr filter_integrated_flux_density,Keck/Gemini AO,"de Kleer et al. 2019 AJ Table 5, filter Lp",3.78
dekleer2019-Tawhaki Patera-20131214-Lp,Tawhaki Patera,-75.10000000000002,2.8,2013-12-14,1.9,GW/um/sr filter_integrated_flux_density,Keck/Gemini AO,"de Kleer et al. 2019 AJ Table 5, filter Lp",3.78
dekleer2019-Tawhaki Patera-20140120-Lp,Tawhaki Patera,-74.10000000000002,2.1,2014-01-20,1.6,GW/um/sr filter_integrated_flux_density,Keck/Gemini AO,"de Kleer et al. 2019 AJ Table 5, filter Lp",3.78
dekleer2019-Tawhaki Patera-20140120-Ms,Tawhaki Patera,-74.10000000000002,2.1,2014-01-20,2.0,GW/um/sr filter_integrated_flux_density,Keck/Gemini AO,"de Kleer et al. 2019 AJ Table 5, filter Ms",4.67
dekleer2019-Tawhaki Patera-20140311-Lp,Tawhaki Patera,-75.10000000000002,3.7,2014-03-11,4.5,GW/um/sr filter_integrated_flux_density,Keck/Gemini AO,"de Kleer et al. 2019 AJ Table 5, filter Lp",3.78
dekleer2019-Tawhaki Patera-20140311-Ms,Tawhaki Patera,-75.10000000000002,3.7,2014-03-11,3.5,GW/um/sr filter_integrated_flux_density,Keck/Gemini AO,"de Kleer et al. 2019 AJ Table 5, filter Ms",4.67
dekleer2019-Tawhaki Patera-20150111-Lp,Tawhaki Patera,-74.80000000000001,2.7,2015-01-11,4.6,GW/um/sr filter_integrated_flux_density,Keck/Gemini AO,"de Kleer et al. 2019 AJ Table 5, filter Lp",3.78
dekleer2019-Tawhaki Patera-20150111-Ms,Tawhaki Patera,-74.80000000000001,2.7,2015-01-11,3.9,GW/um/sr filter_integrated_flux_density,Keck/Gemini AO,"de Kleer et al. 2019 AJ Table 5, filter Ms",4.67
dekleer2019-Tawhaki Patera-20150116-Ms,Tawhaki Patera,-76.30000000000001,4.2,2015-01-16,1.4,GW/um/sr filter_integrated_flux_density,Keck/Gemini AO,"de Kleer et al. 2019 AJ Table 5, filter Ms",4.67
dekleer2019-Tawhaki Patera-20150401-Lp,Tawhaki Patera,-76.5,3.7,2015-04-01,3.5,GW/um/sr filter_integrated_flux_density,Keck/Gemini AO,"de Kleer et al. 2019 AJ Table 5, filter Lp",3.78
dekleer2019-Tawhaki Patera-20150401-Ms,Tawhaki Patera,-76.5,3.7,2015-04-01,3.4,GW/um/sr filter_integrated_flux_density,Keck/Gemini AO,"de Kleer et al. 2019 AJ Table 5, filter Ms",4.67
dekleer2019-Tawhaki Patera-20150429-PAH,Tawhaki Patera,-76.80000000000001,3.1,2015-04-29,1.5,GW/um/sr filter_integrated_flux_density,Keck/Gemini AO,"de Kleer et al. 2019 AJ Table 5, filter PAH",3.29
dekleer2019-Tawhaki Patera-20150429-Lp,Tawhaki Patera,-76.80000000000001,3.1,2015-04-29,1.7,GW/um/sr filter_integrated_flux_density,Keck/Gemini AO,"de Kleer et al. 2019 AJ Table 5, filter Lp",3.78
dekleer2019-Tawhaki Patera-20150429-Ms,Tawhaki Patera,-76.80000000000001,3.1,2015-04-29,2.0,GW/um/sr filter_integrated_flux_density,Keck/Gemini AO,"de Kleer et al. 2019 AJ Table 5, filter Ms",4.67
dekleer2019-Tawhaki Patera-20150605-Lp,Tawhaki Patera,-77.19999999999999,4.3,2015-06-05,1.9,GW/um/sr filter_integrated_flux_density,Keck/Gemini AO,"de Kleer et al. 2019 AJ Table 5, filter Lp",3.78
dekleer2019-Tawhaki Patera-20160515-Lp,Tawhaki Patera,-75.60000000000002,1.5,2016-05-15,1.1,GW/um/sr filter_integrated_flux_density,Keck/Gemini AO,"de Kleer et al. 2019 AJ Table 5, filter Lp",3.78
dekleer2019-Tawhaki Patera-20170107-Lp,Tawhaki Patera,-73.80000000000001,1.6,2017-01-07,1.3,GW/um/sr filter_integrated_flux_density,Keck/Gemini AO,"de Kleer et al. 2019 AJ Table 5, filter Lp",3.78
dekleer2019-Tawhaki Patera-20170107-BrAlpha,Tawhaki Patera,-73.80000000000001,1.6,2017-01-07,2.0,GW/um/sr filter_integrated_flux_density,Keck/Gemini AO,"de Kleer et al. 2019 AJ Table 5, filter BrAlpha",4.05
dekleer2019-Tawhaki Patera-20170107-Ms,Tawhaki Patera,-73.80000000000001,1.6,2017-01-07,1.3,GW/um/sr filter_integrated_flux_density,Keck/Gemini AO,"de Kleer et al. 2019 AJ Table 5, filter Ms",4.67
dekleer2019-Tawhaki Patera-20170123-H2O,Tawhaki Patera,-75.60000000000002,1.6,2017-01-23,1.9,GW/um/sr filter_integrated_flux_density,Keck/Gemini AO,"de Kleer et al. 2019 AJ Table 5, filter H2O",3.06
dekleer2019-Tawhaki Patera-20170123-PAH,Tawhaki Patera,-75.60000000000002,1.6,2017-01-23,2.8,GW/um/sr filter_integrated_flux_density,Keck/Gemini AO,"de Kleer et al. 2019 AJ Table 5, filter PAH",3.29
dekleer2019-Tawhaki Patera-20170123-Lp,Tawhaki Patera,-75.60000000000002,1.6,2017-01-23,3.2,GW/um/sr filter_integrated_flux_density,Keck/Gemini AO,"de Kleer et al. 2019 AJ Table 5, filter Lp",3.78
dekleer2019-Tawhaki Patera-20170206-BrAlpha,Tawhaki Patera,-72.30000000000001,1.5,2017-02-06,1.0,GW/um/sr filter_integrated_flux_density,Keck/Gemini AO,"de Kleer et al. 2019 AJ Table 5, filter BrAlpha",4.05
dekleer2019-Tawhaki Patera-20170206-Ms,Tawhaki Patera,-72.30000000000001,1.5,2017-02-06,1.0,GW/um/sr filter_integrated_flux_density,Keck/Gemini AO,"de Kleer et al. 2019 AJ Table 5, filter Ms",4.67
dekleer2019-Tawhaki Patera-20170721-Lp,Tawhaki Patera,-76.69999999999999,1.1,2017-07-21,1.4,GW/um/sr filter_integrated_flux_density,Keck/Gemini AO,"de Kleer et al. 2019 AJ Table 5, filter Lp",3.78
dekleer2019-Tawhaki Patera-20170721-BrAlphaCont,Tawhaki Patera,-76.69999999999999,1.1,2017-07-21,1.8,GW/um/sr filter_integrated_flux_density,Keck/Gemini AO,"de Kleer et al. 2019 AJ Table 5, filter BrAlphaCont",3.99
dekleer2019-Tawhaki Patera-20170723-Lp,Tawhaki Patera,-77.39999999999998,1.7,2017-07-23,1.5,GW/um/sr filter_integrated_flux_density,Keck/Gemini AO,"de Kleer et al. 2019 AJ Table 5, filter Lp",3.78
dekleer2019-Tawhaki Patera-20170723-BrAlphaCont,Tawhaki Patera,-77.39999999999998,1.7,2017-07-23,1.7,GW/um/sr filter_integrated_flux_density,Keck/Gemini AO,"de Kleer et al. 2019 AJ Table 5, filter BrAlphaCont",3.99
dekleer2019-Tawhaki Patera-20180114-BrAlpha,Tawhaki Patera,-79.60000000000002,1.0,2018-01-14,2.2,GW/um/sr filter_integrated_flux_density,Keck/Gemini AO,"de Kleer et al. 2019 AJ Table 5, filter BrAlpha",4.05
dekleer2019-Tawhaki Patera-20180119-Lp,Tawhaki Patera,-73.69999999999999,0.7,2018-01-19,1.4,GW/um/sr filter_integrated_flux_density,Keck/Gemini AO,"de Kleer et al. 2019 AJ Table 5, filter Lp",3.78
dekleer2019-Tawhaki Patera-20180119-Ms,Tawhaki Patera,-73.69999999999999,0.7,2018-01-19,1.3,GW/um/sr filter_integrated_flux_density,Keck/Gemini AO,"de Kleer et al. 2019 AJ Table 5, filter Ms",4.67
dekleer2019-Ekhi Patera-20170723-H2O,Ekhi Patera,-86.69999999999999,-28.4,2017-07-23,3.2,GW/um/sr filter_integrated_flux_density,Keck/Gemini AO,"de Kleer et al. 2019 AJ Table 5, filter H2O",3.06
dekleer2019-Ekhi Patera-20170723-PAH,Ekhi Patera,-86.69999999999999,-28.4,2017-07-23,3.8,GW/um/sr filter_integrated_flux_density,Keck/Gemini AO,"de Kleer et al. 2019 AJ Table 5, filter PAH",3.29
dekleer2019-Ekhi Patera-20170723-Lp,Ekhi Patera,-86.69999999999999,-28.4,2017-07-23,3.9,GW/um/sr filter_integrated_flux_density,Keck/Gemini AO,"de Kleer et al. 2019 AJ Table 5, filter Lp",3.78
dekleer2019-Ekhi Patera-20170723-BrAlphaCont,Ekhi Patera,-86.69999999999999,-28.4,2017-07-23,3.8,GW/um/sr filter_integrated_flux_density,Keck/Gemini AO,"de Kleer et al. 2019 AJ Table 5, filter BrAlphaCont",3.99
dekleer2019-Ekhi Patera-20170723-BrAlpha,Ekhi Patera,-86.69999999999999,-28.4,2017-07-23,4.5,GW/um/sr filter_integrated_flux_density,Keck/Gemini AO,"de Kleer et al. 2019 AJ Table 5, filter BrAlpha",4.05
dekleer2019-Ekhi Patera-20170723-Ms,Ekhi Patera,-86.69999999999999,-28.4,2017-07-23,3.8,GW/um/sr filter_integrated_flux_density,Keck/Gemini AO,"de Kleer et al. 2019 AJ Table 5, filter Ms",4.67
dekleer2019-Gish Bar-20131126-Lp,Gish Bar,-87.89999999999998,14.5,2013-11-26,2.9,GW/um/sr filter_integrated_flux_density,Keck/Gemini AO,"de Kleer et al. 2019 AJ Table 5, filter Lp",3.78
dekleer2019-Gish Bar-20131128-Lp,Gish Bar,-87.0,15.7,2013-11-28,2.2,GW/um/sr filter_integrated_flux_density,Keck/Gemini AO,"de Kleer et al. 2019 AJ Table 5, filter Lp",3.78
dekleer2019-Gish Bar-20131203-Lp,Gish Bar,-90.19999999999999,15.4,2013-12-03,7.4,GW/um/sr filter_integrated_flux_density,Keck/Gemini AO,"de Kleer et al. 2019 AJ Table 5, filter Lp",3.78
dekleer2019-Gish Bar-20131205-Lp,Gish Bar,-87.30000000000001,15.8,2013-12-05,2.4,GW/um/sr filter_integrated_flux_density,Keck/Gemini AO,"de Kleer et al. 2019 AJ Table 5, filter Lp",3.78
dekleer2019-Gish Bar-20131212-Lp,Gish Bar,-86.10000000000002,14.5,2013-12-12,1.8,GW/um/sr filter_integrated_flux_density,Keck/Gemini AO,"de Kleer et al. 2019 AJ Table 5, filter Lp",3.78
dekleer2019-Gish Bar-20140120-Lp,Gish Bar,-89.5,15.2,2014-01-20,3.3,GW/um/sr filter_integrated_flux_density,Keck/Gemini AO,"de Kleer et al. 2019 AJ Table 5, filter Lp",3.78
dekleer2019-Gish Bar-20140120-Ms,Gish Bar,-89.5,15.2,2014-01-20,5.5,GW/um/sr filter_integrated_flux_density,Keck/Gemini AO,"de Kleer et al. 2019 AJ Table 5, filter Ms",4.67
dekleer2019-Gish Bar-20140311-Lp,Gish Bar,-90.5,16.1,2014-03-11,1.9,GW/um/sr filter_integrated_flux_density,Keck/Gemini AO,"de Kleer et al. 2019 AJ Table 5, filter Lp",3.78
dekleer2019-Gish Bar-20140311-Ms,Gish Bar,-90.5,16.1,2014-03-11,2.0,GW/um/sr filter_integrated_flux_density,Keck/Gemini AO,"de Kleer et al. 2019 AJ Table 5, filter Ms",4.67
dekleer2019-Gish Bar-20150111-Lp,Gish Bar,-89.30000000000001,14.5,2015-01-11,5.4,GW/um/sr filter_integrated_flux_density,Keck/Gemini AO,"de Kleer et al. 2019 AJ Table 5, filter Lp",3.78
dekleer2019-Gish Bar-20150111-Ms,Gish Bar,-89.30000000000001,14.5,2015-01-11,4.9,GW/um/sr filter_integrated_flux_density,Keck/Gemini AO,"de Kleer et al. 2019 AJ Table 5, filter Ms",4.67
dekleer2019-Gish Bar-20150113-Lp,Gish Bar,-89.60000000000002,14.2,2015-01-13,3.8,GW/um/sr filter_integrated_flux_density,Keck/Gemini AO,"de Kleer et al. 2019 AJ Table 5, filter Lp",3.78
dekleer2019-Gish Bar-20150116-Lp,Gish Bar,-88.69999999999999,14.7,2015-01-16,5.4,GW/um/sr filter_integrated_flux_density,Keck/Gemini AO,"de Kleer et al. 2019 AJ Table 5, filter Lp",3.78
dekleer2019-Gish Bar-20150116-Ms,Gish Bar,-88.69999999999999,14.7,2015-01-16,7.9,GW/um/sr filter_integrated_flux_density,Keck/Gemini AO,"de Kleer et al. 2019 AJ Table 5, filter Ms",4.67
dekleer2019-Gish Bar-20150401-Lp,Gish Bar,-91.89999999999998,16.1,2015-04-01,1.3,GW/um/sr filter_integrated_flux_density,Keck/Gemini AO,"de Kleer et al. 2019 AJ Table 5, filter Lp",3.78
dekleer2019-Gish Bar-20150401-Ms,Gish Bar,-91.89999999999998,16.1,2015-04-01,2.0,GW/um/sr filter_integrated_flux_density,Keck/Gemini AO,"de Kleer et al. 2019 AJ Table 5, filter Ms",4.67
dekleer2019-Gish Bar-20150404-Lp,Gish Bar,-90.69999999999999,15.9,2015-04-04,4.9,GW/um/sr filter_integrated_flux_density,Keck/Gemini AO,"de Kleer et al. 2019 AJ Table 5, filter Lp",3.78
dekleer2019-Gish Bar-20150429-Lp,Gish Bar,-89.80000000000001,15.2,2015-04-29,0.85,GW/um/sr filter_integrated_flux_density,Keck/Gemini AO,"de Kleer et al. 2019 AJ Table 5, filter Lp",3.78
dekleer2019-Gish Bar-20150429-Ms,Gish Bar,-89.80000000000001,15.2,2015-04-29,1.4,GW/um/sr filter_integrated_flux_density,Keck/Gemini AO,"de Kleer et al. 2019 AJ Table 5, filter Ms",4.67
dekleer2019-Gish Bar-20160220-Lp,Gish Bar,-89.0,20.1,2016-02-20,5.8,GW/um/sr filter_integrated_flux_density,Keck/Gemini AO,"de Kleer et al. 2019 AJ Table 5, filter Lp",3.78
dekleer2019-Gish Bar-20170107-BrAlpha,Gish Bar,-82.60000000000002,15.5,2017-01-07,1.9,GW/um/sr filter_integrated_flux_density,Keck/Gemini AO,"de Kleer et al. 2019 AJ Table 5, filter BrAlpha",4.05
dekleer2019-Gish Bar-20170206-BrAlpha,Gish Bar,-86.39999999999998,16.2,2017-02-06,1.5,GW/um/sr filter_integrated_flux_density,Keck/Gemini AO,"de Kleer et al. 2019 AJ Table 5, filter BrAlpha",4.05
dekleer2019-Gish Bar-20170206-Ms,Gish Bar,-86.39999999999998,16.2,2017-02-06,2.8,GW/um/sr filter_integrated_flux_density,Keck/Gemini AO,"de Kleer et al. 2019 AJ Table 5, filter Ms",4.67
dekleer2019-Gish Bar-20170723-BrAlpha,Gish Bar,-89.60000000000002,16.1,2017-07-23,2.2,GW/um/sr filter_integrated_flux_density,Keck/Gemini AO,"de Kleer et al. 2019 AJ Table 5, filter BrAlpha",4.05
dekleer2019-Gish Bar-20180315-Lp,Gish Bar,-88.19999999999999,16.9,2018-03-15,1.9,GW/um/sr filter_integrated_flux_density,Keck/Gemini AO,"de Kleer et al. 2019 AJ Table 5, filter Lp",3.78
dekleer2019-Aluna Patera-20150111-Ms,Aluna Patera,-91.60000000000002,41.5,2015-01-11,4.6,GW/um/sr filter_integrated_flux_density,Keck/Gemini AO,"de Kleer et al. 2019 AJ Table 5, filter Ms",4.67
dekleer2019-Aluna Patera-20150116-Ms,Aluna Patera,-88.69999999999999,42.0,2015-01-16,1.8,GW/um/sr filter_integrated_flux_density,Keck/Gemini AO,"de Kleer et al. 2019 AJ Table 5, filter Ms",4.67
dekleer2019-P207-20130821-Lp,P207,-91.10000000000002,-36.5,2013-08-21,5.0,GW/um/sr filter_integrated_flux_density,Keck/Gemini AO,"de Kleer et al. 2019 AJ Table 5, filter Lp",3.78
dekleer2019-P207-20130821-Ms,P207,-91.10000000000002,-36.5,2013-08-21,8.0,GW/um/sr filter_integrated_flux_density,Keck/Gemini AO,"de Kleer et al. 2019 AJ Table 5, filter Ms",4.67
dekleer2019-Shango Patera-20130821-Ms,Shango Patera,-100.0,33.5,2013-08-21,2.2,GW/um/sr filter_integrated_flux_density,Keck/Gemini AO,"de Kleer et al. 2019 AJ Table 5, filter Ms",4.67
dekleer2019-Shango Patera-20140120-Ms,Shango Patera,-92.89999999999998,32.0,2014-01-20,2.6,GW/um/sr filter_integrated_flux_density,Keck/Gemini AO,"de Kleer et al. 2019 AJ Table 5, filter Ms",4.67
dekleer2019-Shango Patera-20150429-Ms,Shango Patera,-95.60000000000002,34.2,2015-04-29,0.85,GW/um/sr filter_integrated_flux_density,Keck/Gemini AO,"de Kleer et al. 2019 AJ Table 5, filter Ms",4.67
dekleer2019-Itzamna Patera-20150111-Lp,Itzamna Patera,-98.69999999999999,-13.2,2015-01-11,2.7,GW/um/sr filter_integrated_flux_density,Keck/Gemini AO,"de Kleer et al. 2019 AJ Table 5, filter Lp",3.78
dekleer2019-Itzamna Patera-20150111-Ms,Itzamna Patera,-98.69999999999999,-13.2,2015-01-11,2.7,GW/um/sr filter_integrated_flux_density,Keck/Gemini AO,"de Kleer et al. 2019 AJ Table 5, filter Ms",4.67
dekleer2019-Itzamna Patera-20150116-Lp,Itzamna Patera,-98.0,-14.4,2015-01-16,1.3,GW/um/sr filter_integrated_flux_density,Keck/Gemini AO,"de Kleer et al. 2019 AJ Table 5, filter Lp",3.78
dekleer2019-Itzamna Patera-20150116-Ms,Itzamna Patera,-98.0,-14.4,2015-01-16,1.4,GW/um/sr filter_integrated_flux_density,Keck/Gemini AO,"de Kleer et al. 2019 AJ Table 5, filter Ms",4.67
dekleer2019-Itzamna Patera-20150401-Lp,Itzamna Patera,-100.60000000000002,-14.4,2015-04-01,1.1,GW/um/sr filter_integrated_flux_density,Keck/Gemini AO,"de Kleer et al. 2019 AJ Table 5, filter Lp",3.78
dekleer2019-Itzamna Patera-20150401-Ms,Itzamna Patera,-100.60000000000002,-14.4,2015-04-01,1.0,GW/um/sr filter_integrated_flux_density,Keck/Gemini AO,"de Kleer et al. 2019 AJ Table 5, filter Ms",4.67
dekleer2019-Itzamna Patera-20150429-Lp,Itzamna Patera,-99.0,-15.0,2015-04-29,1.5,GW/um/sr filter_integrated_flux_density,Keck/Gemini AO,"de Kleer et al. 2019 AJ Table 5, filter Lp",3.78
dekleer2019-Itzamna Patera-20150429-Ms,Itzamna Patera,-99.0,-15.0,2015-04-29,1.3,GW/um/sr filter_integrated_flux_density,Keck/Gemini AO,"de Kleer et al. 2019 AJ Table 5, filter Ms",4.67
dekleer2019-Itzamna Patera-20170721-BrAlphaCont,Itzamna Patera,-104.30000000000001,-17.6,2017-07-21,3.7,GW/um/sr filter_integrated_flux_density,Keck/Gemini AO,"de Kleer et al. 2019 AJ Table 5, filter BrAlphaCont",3.99
dekleer2019-Itzamna Patera-20170723-Lp,Itzamna Patera,-99.19999999999999,-14.0,2017-07-23,1.7,GW/um/sr filter_integrated_flux_density,Keck/Gemini AO,"de Kleer et al. 2019 AJ Table 5, filter Lp",3.78
dekleer2019-Itzamna Patera-20170723-BrAlphaCont,Itzamna Patera,-99.19999999999999,-14.0,2017-07-23,1.9,GW/um/sr filter_integrated_flux_density,Keck/Gemini AO,"de Kleer et al. 2019 AJ Table 5, filter BrAlphaCont",3.99
dekleer2019-Itzamna Patera-20170723-BrAlpha,Itzamna Patera,-99.19999999999999,-14.0,2017-07-23,2.6,GW/um/sr filter_integrated_flux_density,Keck/Gemini AO,"de Kleer et al. 2019 AJ Table 5, filter BrAlpha",4.05
dekleer2019-Itzamna Patera-20170723-Ms,Itzamna Patera,-99.19999999999999,-14.0,2017-07-23,1.7,GW/um/sr filter_integrated_flux_density,Keck/Gemini AO,"de Kleer et al. 2019 AJ Table 5, filter Ms",4.67
dekleer2019-Itzamna Patera-20171231-BrAlpha,Itzamna Patera,-94.69999999999999,-18.4,2017-12-31,3.0,GW/um/sr filter_integrated_flux_density,Keck/Gemini AO,"de Kleer et al. 2019 AJ Table 5, filter BrAlpha",4.05
dekleer2019-Itzamna Patera-20180114-BrAlpha,Itzamna Patera,-100.10000000000002,-15.5,2018-01-14,1.9,GW/um/sr filter_integrated_flux_density,Keck/Gemini AO,"de Kleer et al. 2019 AJ Table 5, filter BrAlpha",4.05
dekleer2019-Itzamna Patera-20180119-Lp,Itzamna Patera,-94.80000000000001,-16.8,2018-01-19,1.6,GW/um/sr filter_integrated_flux_density,Keck/Gemini AO,"de Kleer et al. 2019 AJ Table 5, filter Lp",3.78
dekleer2019-Arusha Patera-20171213-Lp,Arusha Patera,-99.60000000000002,-39.2,2017-12-13,3.4,GW/um/sr filter_integrated_flux_density,Keck/Gemini AO,"de Kleer et al. 2019 AJ Table 5, filter Lp",3.78
dekleer2019-Arusha Patera-20171213-Ms,Arusha Patera,-99.60000000000002,-39.2,2017-12-13,7.3,GW/um/sr filter_integrated_flux_density,Keck/Gemini AO,"de Kleer et al. 2019 AJ Table 5, filter Ms",4.67
dekleer2019-Arusha Patera-20171231-BrAlpha,Arusha Patera,-98.39999999999998,-40.5,2017-12-31,3.9,GW/um/sr filter_integrated_flux_density,Keck/Gemini AO,"de Kleer et al. 2019 AJ Table 5, filter BrAlpha",4.05
dekleer2019-Arusha Patera-20171231-Ms,Arusha Patera,-98.39999999999998,-40.5,2017-12-31,9.9,GW/um/sr filter_integrated_flux_density,Keck/Gemini AO,"de Kleer et al. 2019 AJ Table 5, filter Ms",4.67
dekleer2019-Arusha Patera-20180114-Lp,Arusha Patera,-102.60000000000002,-39.1,2018-01-14,3.3,GW/um/sr filter_integrated_flux_density,Keck/Gemini AO,"de Kleer et al. 2019 AJ Table 5, filter Lp",3.78
dekleer2019-Arusha Patera-20180114-BrAlpha,Arusha Patera,-102.60000000000002,-39.1,2018-01-14,4.5,GW/um/sr filter_integrated_flux_density,Keck/Gemini AO,"de Kleer et al. 2019 AJ Table 5, filter BrAlpha",4.05
dekleer2019-Arusha Patera-20180114-Ms,Arusha Patera,-102.60000000000002,-39.1,2018-01-14,9.0,GW/um/sr filter_integrated_flux_density,Keck/Gemini AO,"de Kleer et al. 2019 AJ Table 5, filter Ms",4.67
dekleer2019-Arusha Patera-20180119-Lp,Arusha Patera,-96.60000000000002,-39.9,2018-01-19,3.9,GW/um/sr filter_integrated_flux_density,Keck/Gemini AO,"de Kleer et al. 2019 AJ Table 5, filter Lp",3.78
dekleer2019-Arusha Patera-20180119-Ms,Arusha Patera,-96.60000000000002,-39.9,2018-01-19,6.3,GW/um/sr filter_integrated_flux_density,Keck/Gemini AO,"de Kleer et al. 2019 AJ Table 5, filter Ms",4.67
dekleer2019-Sigurd Patera-20140307-Lp,Sigurd Patera,-98.89999999999998,-5.1,2014-03-07,5.5,GW/um/sr filter_integrated_flux_density,Keck/Gemini AO,"de Kleer et al. 2019 AJ Table 5, filter Lp",3.78
dekleer2019-Sigurd Patera-20140311-Lp,Sigurd Patera,-99.60000000000002,-5.0,2014-03-11,6.0,GW/um/sr filter_integrated_flux_density,Keck/Gemini AO,"de Kleer et al. 2019 AJ Table 5, filter Lp",3.78
dekleer2019-Sigurd Patera-20140311-Ms,Sigurd Patera,-99.60000000000002,-5.0,2014-03-11,11.0,GW/um/sr filter_integrated_flux_density,Keck/Gemini AO,"de Kleer et al. 2019 AJ Table 5, filter Ms",4.67
dekleer2019-Sigurd Patera-20140327-Lp,Sigurd Patera,-100.60000000000002,-7.3,2014-03-27,4.8,GW/um/sr filter_integrated_flux_density,Keck/Gemini AO,"de Kleer et al. 2019 AJ Table 5, filter Lp",3.78
dekleer2019-Sigurd Patera-20140403-Lp,Sigurd Patera,-100.89999999999998,-5.0,2014-04-03,3.7,GW/um/sr filter_integrated_flux_density,Keck/Gemini AO,"de Kleer et al. 2019 AJ Table 5, filter Lp",3.78
dekleer2019-Sigurd Patera-20150111-Ms,Sigurd Patera,-97.5,-5.7,2015-01-11,2.3,GW/um/sr filter_integrated_flux_density,Keck/Gemini AO,"de Kleer et al. 2019 AJ Table 5, filter Ms",4.67
dekleer2019-Sigurd Patera-20150116-Ms,Sigurd Patera,-95.5,-5.2,2015-01-16,0.89,GW/um/sr filter_integrated_flux_density,Keck/Gemini AO,"de Kleer et al. 2019 AJ Table 5, filter Ms",4.67
dekleer2019-Sigurd Patera-20150401-Ms,Sigurd Patera,-101.5,-3.5,2015-04-01,1.1,GW/um/sr filter_integrated_flux_density,Keck/Gemini AO,"de Kleer et al. 2019 AJ Table 5, filter Ms",4.67
dekleer2019-Sigurd Patera-20150429-Ms,Sigurd Patera,-96.0,-4.3,2015-04-29,1.0,GW/um/sr filter_integrated_flux_density,Keck/Gemini AO,"de Kleer et al. 2019 AJ Table 5, filter Ms",4.67
dekleer2019-P197-20140311-Lp,P197,-110.60000000000002,-44.2,2014-03-11,3.5,GW/um/sr filter_integrated_flux_density,Keck/Gemini AO,"de Kleer et al. 2019 AJ Table 5, filter Lp",3.78
dekleer2019-P197-20140311-Ms,P197,-110.60000000000002,-44.2,2014-03-11,1.5,GW/um/sr filter_integrated_flux_density,Keck/Gemini AO,"de Kleer et al. 2019 AJ Table 5, filter Ms",4.67
dekleer2019-P197-20141009-Lp,P197,-107.69999999999999,-44.4,2014-10-09,7.9,GW/um/sr filter_integrated_flux_density,Keck/Gemini AO,"de Kleer et al. 2019 AJ Table 5, filter Lp",3.78
dekleer2019-P197-20141025-Lp,P197,-105.60000000000002,-47.8,2014-10-25,5.5,GW/um/sr filter_integrated_flux_density,Keck/Gemini AO,"de Kleer et al. 2019 AJ Table 5, filter Lp",3.78
dekleer2019-P197-20141027-Lp,P197,-109.39999999999998,-45.1,2014-10-27,7.0,GW/um/sr filter_integrated_flux_density,Keck/Gemini AO,"de Kleer et al. 2019 AJ Table 5, filter Lp",3.78
dekleer2019-P197-20141201-Lp,P197,-104.39999999999998,-46.6,2014-12-01,6.5,GW/um/sr filter_integrated_flux_density,Keck/Gemini AO,"de Kleer et al. 2019 AJ Table 5, filter Lp",3.78
dekleer2019-P197-20141210-Lp,P197,-105.89999999999998,-48.5,2014-12-10,6.6,GW/um/sr filter_integrated_flux_density,Keck/Gemini AO,"de Kleer et al. 2019 AJ Table 5, filter Lp",3.78
dekleer2019-P197-20150111-Lp,P197,-107.30000000000001,-46.9,2015-01-11,12.0,GW/um/sr filter_integrated_flux_density,Keck/Gemini AO,"de Kleer et al. 2019 AJ Table 5, filter Lp",3.78
dekleer2019-P197-20150111-Ms,P197,-107.30000000000001,-46.9,2015-01-11,13.0,GW/um/sr filter_integrated_flux_density,Keck/Gemini AO,"de Kleer et al. 2019 AJ Table 5, filter Ms",4.67
dekleer2019-P197-20150113-Lp,P197,-107.39999999999998,-49.2,2015-01-13,4.6,GW/um/sr filter_integrated_flux_density,Keck/Gemini AO,"de Kleer et al. 2019 AJ Table 5, filter Lp",3.78
dekleer2019-P197-20150116-Lp,P197,-106.80000000000001,-46.9,2015-01-16,4.9,GW/um/sr filter_integrated_flux_density,Keck/Gemini AO,"de Kleer et al. 2019 AJ Table 5, filter Lp",3.78
dekleer2019-P197-20150116-Ms,P197,-106.80000000000001,-46.9,2015-01-16,6.9,GW/um/sr filter_integrated_flux_density,Keck/Gemini AO,"de Kleer et al. 2019 AJ Table 5, filter Ms",4.67
dekleer2019-P197-20150401-Lp,P197,-109.69999999999999,-48.3,2015-04-01,3.7,GW/um/sr filter_integrated_flux_density,Keck/Gemini AO,"de Kleer et al. 2019 AJ Table 5, filter Lp",3.78
dekleer2019-P197-20150401-Ms,P197,-109.69999999999999,-48.3,2015-04-01,4.2,GW/um/sr filter_integrated_flux_density,Keck/Gemini AO,"de Kleer et al. 2019 AJ Table 5, filter Ms",4.67
dekleer2019-P197-20150429-Ms,P197,-103.19999999999999,-44.1,2015-04-29,2.5,GW/um/sr filter_integrated_flux_density,Keck/Gemini AO,"de Kleer et al. 2019 AJ Table 5, filter Ms",4.67
dekleer2019-Amirani-20130821-Lp,Amirani,-114.60000000000002,21.0,2013-08-21,2.4,GW/um/sr filter_integrated_flux_density,Keck/Gemini AO,"de Kleer et al. 2019 AJ Table 5, filter Lp",3.78
dekleer2019-Amirani-20130821-Ms,Amirani,-114.60000000000002,21.0,2013-08-21,3.9,GW/um/sr filter_integrated_flux_density,Keck/Gemini AO,"de Kleer et al. 2019 AJ Table 5, filter Ms",4.67
dekleer2019-Amirani-20130823-Ms,Amirani,-115.89999999999998,22.4,2013-08-23,3.9,GW/um/sr filter_integrated_flux_density,Keck/Gemini AO,"de Kleer et al. 2019 AJ Table 5, filter Ms",4.67
dekleer2019-Amirani-20131214-Lp,Amirani,-112.30000000000001,19.5,2013-12-14,2.1,GW/um/sr filter_integrated_flux_density,Keck/Gemini AO,"de Kleer et al. 2019 AJ Table 5, filter Lp",3.78
dekleer2019-Amirani-20140311-Lp,Amirani,-116.19999999999999,21.5,2014-03-11,3.1,GW/um/sr filter_integrated_flux_density,Keck/Gemini AO,"de Kleer et al. 2019 AJ Table 5, filter Lp",3.78
dekleer2019-Amirani-20140311-Ms,Amirani,-116.19999999999999,21.5,2014-03-11,3.5,GW/um/sr filter_integrated_flux_density,Keck/Gemini AO,"de Kleer et al. 2019 AJ Table 5, filter Ms",4.67
dekleer2019-Amirani-20141201-Lp,Amirani,-109.80000000000001,18.8,2014-12-01,3.3,GW/um/sr filter_integrated_flux_density,Keck/Gemini AO,"de Kleer et al. 2019 AJ Table 5, filter Lp",3.78
dekleer2019-Amirani-20141210-Lp,Amirani,-112.60000000000002,20.8,2014-12-10,2.9,GW/um/sr filter_integrated_flux_density,Keck/Gemini AO,"de Kleer et al. 2019 AJ Table 5, filter Lp",3.78
dekleer2019-Amirani-20150111-Lp,Amirani,-113.30000000000001,20.5,2015-01-11,2.4,GW/um/sr filter_integrated_flux_density,Keck/Gemini AO,"de Kleer et al. 2019 AJ Table 5, filter Lp",3.78
dekleer2019-Amirani-20150111-Ms,Amirani,-113.30000000000001,20.5,2015-01-11,4.7,GW/um/sr filter_integrated_flux_density,Keck/Gemini AO,"de Kleer et al. 2019 AJ Table 5, filter Ms",4.67
dekleer2019-Amirani-20150116-Lp,Amirani,-107.5,19.5,2015-01-16,1.3,GW/um/sr filter_integrated_flux_density,Keck/Gemini AO,"de Kleer et al. 2019 AJ Table 5, filter Lp",3.78
dekleer2019-Amirani-20150116-Ms,Amirani,-107.5,19.5,2015-01-16,3.3,GW/um/sr filter_integrated_flux_density,Keck/Gemini AO,"de Kleer et al. 2019 AJ Table 5, filter Ms",4.67
dekleer2019-Amirani-20150401-Lp,Amirani,-117.80000000000001,21.3,2015-04-01,1.7,GW/um/sr filter_integrated_flux_density,Keck/Gemini AO,"de Kleer et al. 2019 AJ Table 5, filter Lp",3.78
dekleer2019-Amirani-20150401-Ms,Amirani,-117.80000000000001,21.3,2015-04-01,2.8,GW/um/sr filter_integrated_flux_density,Keck/Gemini AO,"de Kleer et al. 2019 AJ Table 5, filter Ms",4.67
dekleer2019-Amirani-20150422-Lp,Amirani,-116.5,22.4,2015-04-22,4.2,GW/um/sr filter_integrated_flux_density,Keck/Gemini AO,"de Kleer et al. 2019 AJ Table 5, filter Lp",3.78
dekleer2019-Amirani-20150429-Lp,Amirani,-113.19999999999999,20.7,2015-04-29,2.3,GW/um/sr filter_integrated_flux_density,Keck/Gemini AO,"de Kleer et al. 2019 AJ Table 5, filter Lp",3.78
dekleer2019-Amirani-20150429-Ms,Amirani,-113.19999999999999,20.7,2015-04-29,4.1,GW/um/sr filter_integrated_flux_density,Keck/Gemini AO,"de Kleer et al. 2019 AJ Table 5, filter Ms",4.67
dekleer2019-Amirani-20151222-Lp,Amirani,-112.5,21.6,2015-12-22,1.9,GW/um/sr filter_integrated_flux_density,Keck/Gemini AO,"de Kleer et al. 2019 AJ Table 5, filter Lp",3.78
dekleer2019-Amirani-20151222-Ms,Amirani,-112.5,21.6,2015-12-22,4.8,GW/um/sr filter_integrated_flux_density,Keck/Gemini AO,"de Kleer et al. 2019 AJ Table 5, filter Ms",4.67
dekleer2019-Amirani-20160503-Lp,Amirani,-112.0,20.5,2016-05-03,1.5,GW/um/sr filter_integrated_flux_density,Keck/Gemini AO,"de Kleer et al. 2019 AJ Table 5, filter Lp",3.78
dekleer2019-Amirani-20160510-Lp,Amirani,-112.80000000000001,23.9,2016-05-10,3.1,GW/um/sr filter_integrated_flux_density,Keck/Gemini AO,"de Kleer et al. 2019 AJ Table 5, filter Lp",3.78
dekleer2019-Amirani-20170104-Lp,Amirani,-113.30000000000001,19.7,2017-01-04,2.6,GW/um/sr filter_integrated_flux_density,Keck/Gemini AO,"de Kleer et al. 2019 AJ Table 5, filter Lp",3.78
dekleer2019-Amirani-20170104-BrAlphaCont,Amirani,-113.30000000000001,19.7,2017-01-04,4.1,GW/um/sr filter_integrated_flux_density,Keck/Gemini AO,"de Kleer et al. 2019 AJ Table 5, filter BrAlphaCont",3.99
dekleer2019-Amirani-20170104-BrAlpha,Amirani,-113.30000000000001,19.7,2017-01-04,4.0,GW/um/sr filter_integrated_flux_density,Keck/Gemini AO,"de Kleer et al. 2019 AJ Table 5, filter BrAlpha",4.05
dekleer2019-Amirani-20170104-Ms,Amirani,-113.30000000000001,19.7,2017-01-04,4.0,GW/um/sr filter_integrated_flux_density,Keck/Gemini AO,"de Kleer et al. 2019 AJ Table 5, filter Ms",4.67
dekleer2019-Amirani-20170107-BrAlpha,Amirani,-109.19999999999999,18.4,2017-01-07,4.6,GW/um/sr filter_integrated_flux_density,Keck/Gemini AO,"de Kleer et al. 2019 AJ Table 5, filter BrAlpha",4.05
dekleer2019-Amirani-20170107-Ms,Amirani,-109.19999999999999,18.4,2017-01-07,6.7,GW/um/sr filter_integrated_flux_density,Keck/Gemini AO,"de Kleer et al. 2019 AJ Table 5, filter Ms",4.67
dekleer2019-Amirani-20170205-BrAlpha,Amirani,-117.39999999999998,18.3,2017-02-05,6.3,GW/um/sr filter_integrated_flux_density,Keck/Gemini AO,"de Kleer et al. 2019 AJ Table 5, filter BrAlpha",4.05
dekleer2019-Amirani-20170529-Lp,Amirani,-112.39999999999998,22.6,2017-05-29,5.4,GW/um/sr filter_integrated_flux_density,Keck/Gemini AO,"de Kleer et al. 2019 AJ Table 5, filter Lp",3.78
dekleer2019-Amirani-20170616-Lp,Amirani,-118.30000000000001,19.6,2017-06-16,2.1,GW/um/sr filter_integrated_flux_density,Keck/Gemini AO,"de Kleer et al. 2019 AJ Table 5, filter Lp",3.78
dekleer2019-Amirani-20170630-Lp,Amirani,-113.19999999999999,21.4,2017-06-30,2.9,GW/um/sr filter_integrated_flux_density,Keck/Gemini AO,"de Kleer et al. 2019 AJ Table 5, filter Lp",3.78
dekleer2019-Amirani-20170721-Ms,Amirani,-110.80000000000001,15.6,2017-07-21,6.6,GW/um/sr filter_integrated_flux_density,Keck/Gemini AO,"de Kleer et al. 2019 AJ Table 5, filter Ms",4.67
dekleer2019-Amirani-20170723-Lp,Amirani,-113.30000000000001,18.9,2017-07-23,1.8,GW/um/sr filter_integrated_flux_density,Keck/Gemini AO,"de Kleer et al. 2019 AJ Table 5, filter Lp",3.78
dekleer2019-Amirani-20170723-BrAlphaCont,Amirani,-113.30000000000001,18.9,2017-07-23,2.8,GW/um/sr filter_integrated_flux_density,Keck/Gemini AO,"de Kleer et al. 2019 AJ Table 5, filter BrAlphaCont",3.99
dekleer2019-Amirani-20170723-BrAlpha,Amirani,-113.30000000000001,18.9,2017-07-23,3.3,GW/um/sr filter_integrated_flux_density,Keck/Gemini AO,"de Kleer et al. 2019 AJ Table 5, filter BrAlpha",4.05
dekleer2019-Amirani-20170723-Ms,Amirani,-113.30000000000001,18.9,2017-07-23,3.3,GW/um/sr filter_integrated_flux_density,Keck/Gemini AO,"de Kleer et al. 2019 AJ Table 5, filter Ms",4.67
dekleer2019-Amirani-20171213-Ms,Amirani,-109.80000000000001,17.5,2017-12-13,3.0,GW/um/sr filter_integrated_flux_density,Keck/Gemini AO,"de Kleer et al. 2019 AJ Table 5, filter Ms",4.67
dekleer2019-Amirani-20171231-BrAlpha,Amirani,-116.30000000000001,19.0,2017-12-31,2.6,GW/um/sr filter_integrated_flux_density,Keck/Gemini AO,"de Kleer et al. 2019 AJ Table 5, filter BrAlpha",4.05
dekleer2019-Amirani-20171231-Ms,Amirani,-116.30000000000001,19.0,2017-12-31,4.8,GW/um/sr filter_integrated_flux_density,Keck/Gemini AO,"de Kleer et al. 2019 AJ Table 5, filter Ms",4.67
dekleer2019-Amirani-20180114-Lp,Amirani,-114.80000000000001,18.1,2018-01-14,1.9,GW/um/sr filter_integrated_flux_density,Keck/Gemini AO,"de Kleer et al. 2019 AJ Table 5, filter Lp",3.78
dekleer2019-Amirani-20180114-BrAlpha,Amirani,-114.80000000000001,18.1,2018-01-14,3.2,GW/um/sr filter_integrated_flux_density,Keck/Gemini AO,"de Kleer et al. 2019 AJ Table 5, filter BrAlpha",4.05
dekleer2019-Amirani-20180114-Ms,Amirani,-114.80000000000001,18.1,2018-01-14,5.0,GW/um/sr filter_integrated_flux_density,Keck/Gemini AO,"de Kleer et al. 2019 AJ Table 5, filter Ms",4.67
dekleer2019-Amirani-20180119-Ms,Amirani,-110.5,20.2,2018-01-19,6.5,GW/um/sr filter_integrated_flux_density,Keck/Gemini AO,"de Kleer et al. 2019 AJ Table 5, filter Ms",4.67
dekleer2019-Amirani-20180712-Lp,Amirani,-109.0,20.7,2018-07-12,2.8,GW/um/sr filter_integrated_flux_density,Keck/Gemini AO,"de Kleer et al. 2019 AJ Table 5, filter Lp",3.78
dekleer2019-Dusura Patera-20140311-Lp,Dusura Patera,-121.10000000000002,36.4,2014-03-11,7.5,GW/um/sr filter_integrated_flux_density,Keck/Gemini AO,"de Kleer et al. 2019 AJ Table 5, filter Lp",3.78
dekleer2019-Dusura Patera-20140311-Ms,Dusura Patera,-121.10000000000002,36.4,2014-03-11,6.4,GW/um/sr filter_integrated_flux_density,Keck/Gemini AO,"de Kleer et al. 2019 AJ Table 5, filter Ms",4.67
dekleer2019-Dusura Patera-20140327-Lp,Dusura Patera,-121.0,35.4,2014-03-27,8.1,GW/um/sr filter_integrated_flux_density,Keck/Gemini AO,"de Kleer et al. 2019 AJ Table 5, filter Lp",3.78
dekleer2019-Dusura Patera-20140403-Lp,Dusura Patera,-124.0,36.8,2014-04-03,6.9,GW/um/sr filter_integrated_flux_density,Keck/Gemini AO,"de Kleer et al. 2019 AJ Table 5, filter Lp",3.78
dekleer2019-Maui Patera-20170120-Lp,Maui Patera,-124.89999999999998,18.6,2017-01-20,3.1,GW/um/sr filter_integrated_flux_density,Keck/Gemini AO,"de Kleer et al. 2019 AJ Table 5, filter Lp",3.78
dekleer2019-Maui Patera-20170127-Lp,Maui Patera,-126.60000000000002,17.7,2017-01-27,3.5,GW/um/sr filter_integrated_flux_density,Keck/Gemini AO,"de Kleer et al. 2019 AJ Table 5, filter Lp",3.78
dekleer2019-P95-20160517-Kc,P95,-126.19999999999999,-9.7,2016-05-17,56.0,GW/um/sr filter_integrated_flux_density,Keck/Gemini AO,"de Kleer et al. 2019 AJ Table 5, filter Kc",2.27
dekleer2019-P95-20160517-Lp,P95,-126.19999999999999,-9.7,2016-05-17,58.0,GW/um/sr filter_integrated_flux_density,Keck/Gemini AO,"de Kleer et al. 2019 AJ Table 5, filter Lp",3.78
dekleer2019-P95-20160519-Lp,P95,-129.39999999999998,-10.2,2016-05-19,15.0,GW/um/sr filter_integrated_flux_density,Keck/Gemini AO,"de Kleer et al. 2019 AJ Table 5, filter Lp",3.78
dekleer2019-Malik Patera-20130821-Lp,Malik Patera,-127.60000000000002,-32.2,2013-08-21,3.3,GW/um/sr filter_integrated_flux_density,Keck/Gemini AO,"de Kleer et al. 2019 AJ Table 5, filter Lp",3.78
dekleer2019-Malik Patera-20130821-Ms,Malik Patera,-127.60000000000002,-32.2,2013-08-21,3.9,GW/um/sr filter_integrated_flux_density,Keck/Gemini AO,"de Kleer et al. 2019 AJ Table 5, filter Ms",4.67
dekleer2019-Malik Patera-20130823-Lp,Malik Patera,-130.2,-31.0,2013-08-23,3.0,GW/um/sr filter_integrated_flux_density,Keck/Gemini AO,"de Kleer et al. 2019 AJ Table 5, filter Lp",3.78
dekleer2019-Malik Patera-20130823-Ms,Malik Patera,-130.2,-31.0,2013-08-23,2.7,GW/um/sr filter_integrated_flux_density,Keck/Gemini AO,"de Kleer et al. 2019 AJ Table 5, filter Ms",4.67
dekleer2019-Malik Patera-20140311-Ms,Malik Patera,-129.89999999999998,-33.6,2014-03-11,1.3,GW/um/sr filter_integrated_flux_density,Keck/Gemini AO,"de Kleer et al. 2019 AJ Table 5, filter Ms",4.67
dekleer2019-Malik Patera-20150111-Lp,Malik Patera,-127.30000000000001,-32.9,2015-01-11,1.7,GW/um/sr filter_integrated_flux_density,Keck/Gemini AO,"de Kleer et al. 2019 AJ Table 5, filter Lp",3.78
dekleer2019-Malik Patera-20150111-Ms,Malik Patera,-127.30000000000001,-32.9,2015-01-11,1.7,GW/um/sr filter_integrated_flux_density,Keck/Gemini AO,"de Kleer et al. 2019 AJ Table 5, filter Ms",4.67
dekleer2019-Malik Patera-20150116-Lp,Malik Patera,-125.89999999999998,-33.5,2015-01-16,6.9,GW/um/sr filter_integrated_flux_density,Keck/Gemini AO,"de Kleer et al. 2019 AJ Table 5, filter Lp",3.78
dekleer2019-Malik Patera-20150116-Ms,Malik Patera,-125.89999999999998,-33.5,2015-01-16,6.6,GW/um/sr filter_integrated_flux_density,Keck/Gemini AO,"de Kleer et al. 2019 AJ Table 5, filter Ms",4.67
dekleer2019-Malik Patera-20150122-Lp,Malik Patera,-129.60000000000002,-34.7,2015-01-22,2.4,GW/um/sr filter_integrated_flux_density,Keck/Gemini AO,"de Kleer et al. 2019 AJ Table 5, filter Lp",3.78
dekleer2019-Malik Patera-20150401-Lp,Malik Patera,-132.0,-32.4,2015-04-01,1.5,GW/um/sr filter_integrated_flux_density,Keck/Gemini AO,"de Kleer et al. 2019 AJ Table 5, filter Lp",3.78
dekleer2019-Malik Patera-20150401-Ms,Malik Patera,-132.0,-32.4,2015-04-01,1.9,GW/um/sr filter_integrated_flux_density,Keck/Gemini AO,"de Kleer et al. 2019 AJ Table 5, filter Ms",4.67
dekleer2019-Malik Patera-20150429-Ms,Malik Patera,-130.3,-35.1,2015-04-29,3.2,GW/um/sr filter_integrated_flux_density,Keck/Gemini AO,"de Kleer et al. 2019 AJ Table 5, filter Ms",4.67
dekleer2019-Malik Patera-20180114-BrAlpha,Malik Patera,-128.0,-30.9,2018-01-14,1.0,GW/um/sr filter_integrated_flux_density,Keck/Gemini AO,"de Kleer et al. 2019 AJ Table 5, filter BrAlpha",4.05
dekleer2019-UP 132W-20170104-H2O,UP 132W,-129.8,18.8,2017-01-04,3.3,GW/um/sr filter_integrated_flux_density,Keck/Gemini AO,"de Kleer et al. 2019 AJ Table 5, filter H2O",3.06
dekleer2019-UP 132W-20170104-PAH,UP 132W,-129.8,18.8,2017-01-04,3.1,GW/um/sr filter_integrated_flux_density,Keck/Gemini AO,"de Kleer et al. 2019 AJ Table 5, filter PAH",3.29
dekleer2019-UP 132W-20170104-Lp,UP 132W,-129.8,18.8,2017-01-04,3.8,GW/um/sr filter_integrated_flux_density,Keck/Gemini AO,"de Kleer et al. 2019 AJ Table 5, filter Lp",3.78
dekleer2019-UP 132W-20170104-BrAlphaCont,UP 132W,-129.8,18.8,2017-01-04,4.3,GW/um/sr filter_integrated_flux_density,Keck/Gemini AO,"de Kleer et al. 2019 AJ Table 5, filter BrAlphaCont",3.99
dekleer2019-UP 132W-20170104-BrAlpha,UP 132W,-129.8,18.8,2017-01-04,3.7,GW/um/sr filter_integrated_flux_density,Keck/Gemini AO,"de Kleer et al. 2019 AJ Table 5, filter BrAlpha",4.05
dekleer2019-UP 132W-20170104-Ms,UP 132W,-129.8,18.8,2017-01-04,3.9,GW/um/sr filter_integrated_flux_density,Keck/Gemini AO,"de Kleer et al. 2019 AJ Table 5, filter Ms",4.67
dekleer2019-UP 132W-20170205-Lp,UP 132W,-131.60000000000002,18.4,2017-02-05,5.4,GW/um/sr filter_integrated_flux_density,Keck/Gemini AO,"de Kleer et al. 2019 AJ Table 5, filter Lp",3.78
dekleer2019-UP 132W-20170205-Ms,UP 132W,-131.60000000000002,18.4,2017-02-05,5.3,GW/um/sr filter_integrated_flux_density,Keck/Gemini AO,"de Kleer et al. 2019 AJ Table 5, filter Ms",4.67
dekleer2019-UP 132W-20170616-Lp,UP 132W,-133.7,17.7,2017-06-16,1.7,GW/um/sr filter_integrated_flux_density,Keck/Gemini AO,"de Kleer et al. 2019 AJ Table 5, filter Lp",3.78
dekleer2019-UP 132W-20170723-BrAlpha,UP 132W,-131.0,19.9,2017-07-23,1.7,GW/um/sr filter_integrated_flux_density,Keck/Gemini AO,"de Kleer et al. 2019 AJ Table 5, filter BrAlpha",4.05
dekleer2019-UP 132W-20180114-BrAlpha,UP 132W,-134.7,17.4,2018-01-14,0.83,GW/um/sr filter_integrated_flux_density,Keck/Gemini AO,"de Kleer et al. 2019 AJ Table 5, filter BrAlpha",4.05
dekleer2019-Thor-20150111-Ms,Thor,-133.0,41.6,2015-01-11,1.5,GW/um/sr filter_integrated_flux_density,Keck/Gemini AO,"de Kleer et al. 2019 AJ Table 5, filter Ms",4.67
dekleer2019-Thor-20150401-Ms,Thor,-136.39999999999998,39.5,2015-04-01,1.2,GW/um/sr filter_integrated_flux_density,Keck/Gemini AO,"de Kleer et al. 2019 AJ Table 5, filter Ms",4.67
dekleer2019-P123-20150111-Lp,P123,-138.60000000000002,-42.0,2015-01-11,2.9,GW/um/sr filter_integrated_flux_density,Keck/Gemini AO,"de Kleer et al. 2019 AJ Table 5, filter Lp",3.78
dekleer2019-P123-20150111-Ms,P123,-138.60000000000002,-42.0,2015-01-11,2.6,GW/um/sr filter_integrated_flux_density,Keck/Gemini AO,"de Kleer et al. 2019 AJ Table 5, filter Ms",4.67
dekleer2019-P123-20150401-PAH,P123,-143.39999999999998,-41.2,2015-04-01,2.5,GW/um/sr filter_integrated_flux_density,Keck/Gemini AO,"de Kleer et al. 2019 AJ Table 5, filter PAH",3.29
dekleer2019-P123-20150401-Lp,P123,-143.39999999999998,-41.2,2015-04-01,2.7,GW/um/sr filter_integrated_flux_density,Keck/Gemini AO,"de Kleer et al. 2019 AJ Table 5, filter Lp",3.78
dekleer2019-P123-20150401-Ms,P123,-143.39999999999998,-41.2,2015-04-01,2.7,GW/um/sr filter_integrated_flux_density,Keck/Gemini AO,"de Kleer et al. 2019 AJ Table 5, filter Ms",4.67
dekleer2019-P123-20151222-Lp,P123,-135.39999999999998,-41.8,2015-12-22,4.6,GW/um/sr filter_integrated_flux_density,Keck/Gemini AO,"de Kleer et al. 2019 AJ Table 5, filter Lp",3.78
dekleer2019-P123-20151222-Ms,P123,-135.39999999999998,-41.8,2015-12-22,7.8,GW/um/sr filter_integrated_flux_density,Keck/Gemini AO,"de Kleer et al. 2019 AJ Table 5, filter Ms",4.67
dekleer2019-P123-20160130-Lp,P123,-135.2,-42.1,2016-01-30,2.8,GW/um/sr filter_integrated_flux_density,Keck/Gemini AO,"de Kleer et al. 2019 AJ Table 5, filter Lp",3.78
dekleer2019-P123-20160215-Lp,P123,-136.8,-42.4,2016-02-15,2.9,GW/um/sr filter_integrated_flux_density,Keck/Gemini AO,"de Kleer et al. 2019 AJ Table 5, filter Lp",3.78
dekleer2019-P123-20160217-Lp,P123,-139.39999999999998,-41.1,2016-02-17,1.9,GW/um/sr filter_integrated_flux_density,Keck/Gemini AO,"de Kleer et al. 2019 AJ Table 5, filter Lp",3.78
dekleer2019-P123-20160311-Lp,P123,-139.7,-41.2,2016-03-11,2.7,GW/um/sr filter_integrated_flux_density,Keck/Gemini AO,"de Kleer et al. 2019 AJ Table 5, filter Lp",3.78
dekleer2019-P123-20170102-Lp,P123,-134.2,-39.7,2017-01-02,7.1,GW/um/sr filter_integrated_flux_density,Keck/Gemini AO,"de Kleer et al. 2019 AJ Table 5, filter Lp",3.78
dekleer2019-P123-20170104-H2O,P123,-142.0,-42.7,2017-01-04,3.9,GW/um/sr filter_integrated_flux_density,Keck/Gemini AO,"de Kleer et al. 2019 AJ Table 5, filter H2O",3.06
dekleer2019-P123-20170104-PAH,P123,-142.0,-42.7,2017-01-04,3.8,GW/um/sr filter_integrated_flux_density,Keck/Gemini AO,"de Kleer et al. 2019 AJ Table 5, filter PAH",3.29
dekleer2019-P123-20170104-Lp,P123,-142.0,-42.7,2017-01-04,6.2,GW/um/sr filter_integrated_flux_density,Keck/Gemini AO,"de Kleer et al. 2019 AJ Table 5, filter Lp",3.78
dekleer2019-P123-20170104-BrAlphaCont,P123,-142.0,-42.7,2017-01-04,7.2,GW/um/sr filter_integrated_flux_density,Keck/Gemini AO,"de Kleer et al. 2019 AJ Table 5, filter BrAlphaCont",3.99
dekleer2019-P123-20170104-BrAlpha,P123,-142.0,-42.7,2017-01-04,5.9,GW/um/sr filter_integrated_flux_density,Keck/Gemini AO,"de Kleer et al. 2019 AJ Table 5, filter BrAlpha",4.05
dekleer2019-P123-20170104-Ms,P123,-142.0,-42.7,2017-01-04,8.2,GW/um/sr filter_integrated_flux_density,Keck/Gemini AO,"de Kleer et al. 2019 AJ Table 5, filter Ms",4.67
dekleer2019-P123-20170118-Lp,P123,-136.5,-39.8,2017-01-18,5.1,GW/um/sr filter_integrated_flux_density,Keck/Gemini AO,"de Kleer et al. 2019 AJ Table 5, filter Lp",3.78
dekleer2019-P123-20170120-Lp,P123,-138.89999999999998,-39.4,2017-01-20,5.8,GW/um/sr filter_integrated_flux_density,Keck/Gemini AO,"de Kleer et al. 2019 AJ Table 5, filter Lp",3.78
dekleer2019-P123-20170125-Lp,P123,-134.7,-42.8,2017-01-25,8.5,GW/um/sr filter_integrated_flux_density,Keck/Gemini AO,"de Kleer et al. 2019 AJ Table 5, filter Lp",3.78
dekleer2019-P123-20170127-Lp,P123,-139.0,-40.4,2017-01-27,5.5,GW/um/sr filter_integrated_flux_density,Keck/Gemini AO,"de Kleer et al. 2019 AJ Table 5, filter Lp",3.78
dekleer2019-P123-20170205-Lp,P123,-141.3,-43.4,2017-02-05,8.0,GW/um/sr filter_integrated_flux_density,Keck/Gemini AO,"de Kleer et al. 2019 AJ Table 5, filter Lp",3.78
dekleer2019-P123-20170205-BrAlphaCont,P123,-141.3,-43.4,2017-02-05,7.1,GW/um/sr filter_integrated_flux_density,Keck/Gemini AO,"de Kleer et al. 2019 AJ Table 5, filter BrAlphaCont",3.99
dekleer2019-P123-20170205-BrAlpha,P123,-141.3,-43.4,2017-02-05,5.4,GW/um/sr filter_integrated_flux_density,Keck/Gemini AO,"de Kleer et al. 2019 AJ Table 5, filter BrAlpha",4.05
dekleer2019-P123-20170205-Ms,P123,-141.3,-43.4,2017-02-05,10.0,GW/um/sr filter_integrated_flux_density,Keck/Gemini AO,"de Kleer et al. 2019 AJ Table 5, filter Ms",4.67
dekleer2019-P123-20170616-PAH,P123,-145.2,-42.4,2017-06-16,2.9,GW/um/sr filter_integrated_flux_density,Keck/Gemini AO,"de Kleer et al. 2019 AJ Table 5, filter PAH",3.29
dekleer2019-P123-20170616-Lp,P123,-145.2,-42.4,2017-06-16,4.8,GW/um/sr filter_integrated_flux_density,Keck/Gemini AO,"de Kleer et al. 2019 AJ Table 5, filter Lp",3.78
dekleer2019-P123-20170723-BrAlpha,P123,-139.5,-41.4,2017-07-23,5.3,GW/um/sr filter_integrated_flux_density,Keck/Gemini AO,"de Kleer et al. 2019 AJ Table 5, filter BrAlpha",4.05
dekleer2019-P123-20170723-Ms,P123,-139.5,-41.4,2017-07-23,6.7,GW/um/sr filter_integrated_flux_density,Keck/Gemini AO,"de Kleer et al. 2019 AJ Table 5, filter Ms",4.67
dekleer2019-P123-20171213-Lp,P123,-138.2,-44.7,2017-12-13,6.5,GW/um/sr filter_integrated_flux_density,Keck/Gemini AO,"de Kleer et al. 2019 AJ Table 5, filter Lp",3.78
dekleer2019-P123-20171213-Ms,P123,-138.2,-44.7,2017-12-13,9.0,GW/um/sr filter_integrated_flux_density,Keck/Gemini AO,"de Kleer et al. 2019 AJ Table 5, filter Ms",4.67
dekleer2019-P123-20171231-Lp,P123,-142.0,-44.6,2017-12-31,3.4,GW/um/sr filter_integrated_flux_density,Keck/Gemini AO,"de Kleer et al. 2019 AJ Table 5, filter Lp",3.78
dekleer2019-P123-20171231-BrAlpha,P123,-142.0,-44.6,2017-12-31,2.9,GW/um/sr filter_integrated_flux_density,Keck/Gemini AO,"de Kleer et al. 2019 AJ Table 5, filter BrAlpha",4.05
dekleer2019-P123-20171231-Ms,P123,-142.0,-44.6,2017-12-31,6.9,GW/um/sr filter_integrated_flux_density,Keck/Gemini AO,"de Kleer et al. 2019 AJ Table 5, filter Ms",4.67
dekleer2019-P123-20180102-BrAlphaCont,P123,-143.89999999999998,-42.2,2018-01-02,5.3,GW/um/sr filter_integrated_flux_density,Keck/Gemini AO,"de Kleer et al. 2019 AJ Table 5, filter BrAlphaCont",3.99
dekleer2019-P123-20180102-BrAlpha,P123,-143.89999999999998,-42.2,2018-01-02,3.2,GW/um/sr filter_integrated_flux_density,Keck/Gemini AO,"de Kleer et al. 2019 AJ Table 5, filter BrAlpha",4.05
dekleer2019-P123-20180102-Ms,P123,-143.89999999999998,-42.2,2018-01-02,7.8,GW/um/sr filter_integrated_flux_density,Keck/Gemini AO,"de Kleer et al. 2019 AJ Table 5, filter Ms",4.67
dekleer2019-P123-20180114-Lp,P123,-142.2,-41.7,2018-01-14,2.4,GW/um/sr filter_integrated_flux_density,Keck/Gemini AO,"de Kleer et al. 2019 AJ Table 5, filter Lp",3.78
dekleer2019-P123-20180114-BrAlpha,P123,-142.2,-41.7,2018-01-14,2.9,GW/um/sr filter_integrated_flux_density,Keck/Gemini AO,"de Kleer et al. 2019 AJ Table 5, filter BrAlpha",4.05
dekleer2019-P123-20180114-Ms,P123,-142.2,-41.7,2018-01-14,4.7,GW/um/sr filter_integrated_flux_density,Keck/Gemini AO,"de Kleer et al. 2019 AJ Table 5, filter Ms",4.67
dekleer2019-Tupan Patera-20150111-Lp,Tupan Patera,-139.2,-18.2,2015-01-11,1.3,GW/um/sr filter_integrated_flux_density,Keck/Gemini AO,"de Kleer et al. 2019 AJ Table 5, filter Lp",3.78
dekleer2019-Tupan Patera-20150111-Ms,Tupan Patera,-139.2,-18.2,2015-01-11,1.6,GW/um/sr filter_integrated_flux_density,Keck/Gemini AO,"de Kleer et al. 2019 AJ Table 5, filter Ms",4.67
dekleer2019-Tupan Patera-20150401-Lp,Tupan Patera,-143.7,-17.7,2015-04-01,0.85,GW/um/sr filter_integrated_flux_density,Keck/Gemini AO,"de Kleer et al. 2019 AJ Table 5, filter Lp",3.78
dekleer2019-Tupan Patera-20150401-Ms,Tupan Patera,-143.7,-17.7,2015-04-01,1.3,GW/um/sr filter_integrated_flux_density,Keck/Gemini AO,"de Kleer et al. 2019 AJ Table 5, filter Ms",4.67
dekleer2019-Tupan Patera-20151222-Lp,Tupan Patera,-136.89999999999998,-17.4,2015-12-22,1.7,GW/um/sr filter_integrated_flux_density,Keck/Gemini AO,"de Kleer et al. 2019 AJ Table 5, filter Lp",3.78
dekleer2019-Tupan Patera-20151222-Ms,Tupan Patera,-136.89999999999998,-17.4,2015-12-22,3.5,GW/um/sr filter_integrated_flux_density,Keck/Gemini AO,"de Kleer et al. 2019 AJ Table 5, filter Ms",4.67
dekleer2019-Tupan Patera-20160311-Lp,Tupan Patera,-139.89999999999998,-15.1,2016-03-11,0.96,GW/um/sr filter_integrated_flux_density,Keck/Gemini AO,"de Kleer et al. 2019 AJ Table 5, filter Lp",3.78
dekleer2019-Tupan Patera-20170104-Lp,Tupan Patera,-140.39999999999998,-18.3,2017-01-04,2.1,GW/um/sr filter_integrated_flux_density,Keck/Gemini AO,"de Kleer et al. 2019 AJ Table 5, filter Lp",3.78
dekleer2019-Tupan Patera-20170104-BrAlphaCont,Tupan Patera,-140.39999999999998,-18.3,2017-01-04,2.4,GW/um/sr filter_integrated_flux_density,Keck/Gemini AO,"de Kleer et al. 2019 AJ Table 5, filter BrAlphaCont",3.99
dekleer2019-Tupan Patera-20170104-BrAlpha,Tupan Patera,-140.39999999999998,-18.3,2017-01-04,2.6,GW/um/sr filter_integrated_flux_density,Keck/Gemini AO,"de Kleer et al. 2019 AJ Table 5, filter BrAlpha",4.05
dekleer2019-Tupan Patera-20170104-Ms,Tupan Patera,-140.39999999999998,-18.3,2017-01-04,2.9,GW/um/sr filter_integrated_flux_density,Keck/Gemini AO,"de Kleer et al. 2019 AJ Table 5, filter Ms",4.67
dekleer2019-Tupan Patera-20170616-Lp,Tupan Patera,-144.0,-17.8,2017-06-16,1.9,GW/um/sr filter_integrated_flux_density,Keck/Gemini AO,"de Kleer et al. 2019 AJ Table 5, filter Lp",3.78
dekleer2019-Tupan Patera-20170723-BrAlpha,Tupan Patera,-141.39999999999998,-19.4,2017-07-23,2.4,GW/um/sr filter_integrated_flux_density,Keck/Gemini AO,"de Kleer et al. 2019 AJ Table 5, filter BrAlpha",4.05
dekleer2019-Tupan Patera-20171231-Lp,Tupan Patera,-140.39999999999998,-20.0,2017-12-31,2.3,GW/um/sr filter_integrated_flux_density,Keck/Gemini AO,"de Kleer et al. 2019 AJ Table 5, filter Lp",3.78
dekleer2019-Tupan Patera-20171231-BrAlpha,Tupan Patera,-140.39999999999998,-20.0,2017-12-31,2.7,GW/um/sr filter_integrated_flux_density,Keck/Gemini AO,"de Kleer et al. 2019 AJ Table 5, filter BrAlpha",4.05
dekleer2019-Tupan Patera-20171231-Ms,Tupan Patera,-140.39999999999998,-20.0,2017-12-31,3.3,GW/um/sr filter_integrated_flux_density,Keck/Gemini AO,"de Kleer et al. 2019 AJ Table 5, filter Ms",4.67
dekleer2019-Tupan Patera-20180102-BrAlpha,Tupan Patera,-142.2,-17.1,2018-01-02,2.6,GW/um/sr filter_integrated_flux_density,Keck/Gemini AO,"de Kleer et al. 2019 AJ Table 5, filter BrAlpha",4.05
dekleer2019-Tupan Patera-20180114-Lp,Tupan Patera,-140.7,-18.4,2018-01-14,2.1,GW/um/sr filter_integrated_flux_density,Keck/Gemini AO,"de Kleer et al. 2019 AJ Table 5, filter Lp",3.78
dekleer2019-Tupan Patera-20180114-BrAlpha,Tupan Patera,-140.7,-18.4,2018-01-14,3.7,GW/um/sr filter_integrated_flux_density,Keck/Gemini AO,"de Kleer et al. 2019 AJ Table 5, filter BrAlpha",4.05
dekleer2019-Tupan Patera-20180114-Ms,Tupan Patera,-140.7,-18.4,2018-01-14,3.3,GW/um/sr filter_integrated_flux_density,Keck/Gemini AO,"de Kleer et al. 2019 AJ Table 5, filter Ms",4.67
dekleer2019-Surya Patera-20150325-Lp,Surya Patera,-148.7,21.5,2015-03-25,2.7,GW/um/sr filter_integrated_flux_density,Keck/Gemini AO,"de Kleer et al. 2019 AJ Table 5, filter Lp",3.78
dekleer2019-Surya Patera-20150401-Lp,Surya Patera,-148.8,21.9,2015-04-01,3.6,GW/um/sr filter_integrated_flux_density,Keck/Gemini AO,"de Kleer et al. 2019 AJ Table 5, filter Lp",3.78
dekleer2019-Surya Patera-20150401-Ms,Surya Patera,-148.8,21.9,2015-04-01,6.6,GW/um/sr filter_integrated_flux_density,Keck/Gemini AO,"de Kleer et al. 2019 AJ Table 5, filter Ms",4.67
dekleer2019-Surya Patera-20150417-Lp,Surya Patera,-150.0,21.0,2015-04-17,2.0,GW/um/sr filter_integrated_flux_density,Keck/Gemini AO,"de Kleer et al. 2019 AJ Table 5, filter Lp",3.78
dekleer2019-Surya Patera-20150505-Ms,Surya Patera,-151.10000000000002,20.6,2015-05-05,5.0,GW/um/sr filter_integrated_flux_density,Keck/Gemini AO,"de Kleer et al. 2019 AJ Table 5, filter Ms",4.67
dekleer2019-Shamash Patera-20160620-Kc,Shamash Patera,-151.89999999999998,-34.6,2016-06-20,51.0,GW/um/sr filter_integrated_flux_density,Keck/Gemini AO,"de Kleer et al. 2019 AJ Table 5, filter Kc",2.27
dekleer2019-Shamash Patera-20160620-Lp,Shamash Patera,-151.89999999999998,-34.6,2016-06-20,53.0,GW/um/sr filter_integrated_flux_density,Keck/Gemini AO,"de Kleer et al. 2019 AJ Table 5, filter Lp",3.78
dekleer2019-Shamash Patera-20160627-Kc,Shamash Patera,-149.10000000000002,-31.9,2016-06-27,18.0,GW/um/sr filter_integrated_flux_density,Keck/Gemini AO,"de Kleer et al. 2019 AJ Table 5, filter Kc",2.27
dekleer2019-Shamash Patera-20160627-Lp,Shamash Patera,-149.10000000000002,-31.9,2016-06-27,30.0,GW/um/sr filter_integrated_flux_density,Keck/Gemini AO,"de Kleer et al. 2019 AJ Table 5, filter Lp",3.78
dekleer2019-Sobo Fluctus-20180114-BrAlpha,Sobo Fluctus,-152.8,12.9,2018-01-14,1.0,GW/um/sr filter_integrated_flux_density,Keck/Gemini AO,"de Kleer et al. 2019 AJ Table 5, filter BrAlpha",4.05
dekleer2019-Prometheus-20130821-Lp,Prometheus,-150.3,-0.0,2013-08-21,2.4,GW/um/sr filter_integrated_flux_density,Keck/Gemini AO,"de Kleer et al. 2019 AJ Table 5, filter Lp",3.78
dekleer2019-Prometheus-20130821-Ms,Prometheus,-150.3,-0.0,2013-08-21,3.5,GW/um/sr filter_integrated_flux_density,Keck/Gemini AO,"de Kleer et al. 2019 AJ Table 5, filter Ms",4.67
dekleer2019-Prometheus-20130823-Lp,Prometheus,-152.89999999999998,0.0,2013-08-23,2.7,GW/um/sr filter_integrated_flux_density,Keck/Gemini AO,"de Kleer et al. 2019 AJ Table 5, filter Lp",3.78
dekleer2019-Prometheus-20130823-Ms,Prometheus,-152.89999999999998,0.0,2013-08-23,3.8,GW/um/sr filter_integrated_flux_density,Keck/Gemini AO,"de Kleer et al. 2019 AJ Table 5, filter Ms",4.67
dekleer2019-Prometheus-20131118-Lp,Prometheus,-154.2,-1.5,2013-11-18,5.3,GW/um/sr filter_integrated_flux_density,Keck/Gemini AO,"de Kleer et al. 2019 AJ Table 5, filter Lp",3.78
dekleer2019-Prometheus-20131202-Lp,Prometheus,-152.8,-1.1,2013-12-02,2.4,GW/um/sr filter_integrated_flux_density,Keck/Gemini AO,"de Kleer et al. 2019 AJ Table 5, filter Lp",3.78
dekleer2019-Prometheus-20131204-Lp,Prometheus,-156.5,-1.2,2013-12-04,2.2,GW/um/sr filter_integrated_flux_density,Keck/Gemini AO,"de Kleer et al. 2019 AJ Table 5, filter Lp",3.78
dekleer2019-Prometheus-20131214-Lp,Prometheus,-154.3,-2.2,2013-12-14,1.9,GW/um/sr filter_integrated_flux_density,Keck/Gemini AO,"de Kleer et al. 2019 AJ Table 5, filter Lp",3.78
dekleer2019-Prometheus-20140311-Lp,Prometheus,-155.2,-1.3,2014-03-11,3.4,GW/um/sr filter_integrated_flux_density,Keck/Gemini AO,"de Kleer et al. 2019 AJ Table 5, filter Lp",3.78
dekleer2019-Prometheus-20140311-Ms,Prometheus,-155.2,-1.3,2014-03-11,3.9,GW/um/sr filter_integrated_flux_density,Keck/Gemini AO,"de Kleer et al. 2019 AJ Table 5, filter Ms",4.67
dekleer2019-Prometheus-20140327-Lp,Prometheus,-156.8,-1.8,2014-03-27,4.0,GW/um/sr filter_integrated_flux_density,Keck/Gemini AO,"de Kleer et al. 2019 AJ Table 5, filter Lp",3.78
dekleer2019-Prometheus-20150111-Lp,Prometheus,-152.39999999999998,-2.3,2015-01-11,2.8,GW/um/sr filter_integrated_flux_density,Keck/Gemini AO,"de Kleer et al. 2019 AJ Table 5, filter Lp",3.78
dekleer2019-Prometheus-20150111-Ms,Prometheus,-152.39999999999998,-2.3,2015-01-11,3.9,GW/um/sr filter_integrated_flux_density,Keck/Gemini AO,"de Kleer et al. 2019 AJ Table 5, filter Ms",4.67
dekleer2019-Prometheus-20150401-Lp,Prometheus,-155.89999999999998,-1.1,2015-04-01,1.5,GW/um/sr filter_integrated_flux_density,Keck/Gemini AO,"de Kleer et al. 2019 AJ Table 5, filter Lp",3.78
dekleer2019-Prometheus-20150401-Ms,Prometheus,-155.89999999999998,-1.1,2015-04-01,2.2,GW/um/sr filter_integrated_flux_density,Keck/Gemini AO,"de Kleer et al. 2019 AJ Table 5, filter Ms",4.67
dekleer2019-Prometheus-20150426-Lp,Prometheus,-156.39999999999998,-1.5,2015-04-26,4.3,GW/um/sr filter_integrated_flux_density,Keck/Gemini AO,"de Kleer et al. 2019 AJ Table 5, filter Lp",3.78
dekleer2019-Prometheus-20150505-Lp,Prometheus,-155.8,-0.0,2015-05-05,4.1,GW/um/sr filter_integrated_flux_density,Keck/Gemini AO,"de Kleer et al. 2019 AJ Table 5, filter Lp",3.78
dekleer2019-Prometheus-20150505-Ms,Prometheus,-155.8,-0.0,2015-05-05,4.4,GW/um/sr filter_integrated_flux_density,Keck/Gemini AO,"de Kleer et al. 2019 AJ Table 5, filter Ms",4.67
dekleer2019-Prometheus-20151222-Lp,Prometheus,-151.3,-0.8,2015-12-22,1.6,GW/um/sr filter_integrated_flux_density,Keck/Gemini AO,"de Kleer et al. 2019 AJ Table 5, filter Lp",3.78
dekleer2019-Prometheus-20151222-Ms,Prometheus,-151.3,-0.8,2015-12-22,3.7,GW/um/sr filter_integrated_flux_density,Keck/Gemini AO,"de Kleer et al. 2019 AJ Table 5, filter Ms",4.67
dekleer2019-Prometheus-20160311-Lp,Prometheus,-150.10000000000002,0.0,2016-03-11,1.4,GW/um/sr filter_integrated_flux_density,Keck/Gemini AO,"de Kleer et al. 2019 AJ Table 5, filter Lp",3.78
dekleer2019-Prometheus-20170104-Lp,Prometheus,-153.10000000000002,-2.1,2017-01-04,3.1,GW/um/sr filter_integrated_flux_density,Keck/Gemini AO,"de Kleer et al. 2019 AJ Table 5, filter Lp",3.78
dekleer2019-Prometheus-20170104-BrAlphaCont,Prometheus,-153.10000000000002,-2.1,2017-01-04,3.8,GW/um/sr filter_integrated_flux_density,Keck/Gemini AO,"de Kleer et al. 2019 AJ Table 5, filter BrAlphaCont",3.99
dekleer2019-Prometheus-20170104-BrAlpha,Prometheus,-153.10000000000002,-2.1,2017-01-04,3.3,GW/um/sr filter_integrated_flux_density,Keck/Gemini AO,"de Kleer et al. 2019 AJ Table 5, filter BrAlpha",4.05
dekleer2019-Prometheus-20170104-Ms,Prometheus,-153.10000000000002,-2.1,2017-01-04,3.9,GW/um/sr filter_integrated_flux_density,Keck/Gemini AO,"de Kleer et al. 2019 AJ Table 5, filter Ms",4.67
dekleer2019-Prometheus-20170127-Lp,Prometheus,-149.10000000000002,0.3,2017-01-27,1.9,GW/um/sr filter_integrated_flux_density,Keck/Gemini AO,"de Kleer et al. 2019 AJ Table 5, filter Lp",3.78
dekleer2019-Prometheus-20170205-Lp,Prometheus,-151.8,-2.1,2017-02-05,2.3,GW/um/sr filter_integrated_flux_density,Keck/Gemini AO,"de Kleer et al. 2019 AJ Table 5, filter Lp",3.78
dekleer2019-Prometheus-20170205-BrAlphaCont,Prometheus,-151.8,-2.1,2017-02-05,2.8,GW/um/sr filter_integrated_flux_density,Keck/Gemini AO,"de Kleer et al. 2019 AJ Table 5, filter BrAlphaCont",3.99
dekleer2019-Prometheus-20170205-BrAlpha,Prometheus,-151.8,-2.1,2017-02-05,2.3,GW/um/sr filter_integrated_flux_density,Keck/Gemini AO,"de Kleer et al. 2019 AJ Table 5, filter BrAlpha",4.05
dekleer2019-Prometheus-20170205-Ms,Prometheus,-151.8,-2.1,2017-02-05,4.1,GW/um/sr filter_integrated_flux_density,Keck/Gemini AO,"de Kleer et al. 2019 AJ Table 5, filter Ms",4.67
dekleer2019-Prometheus-20170616-Lp,Prometheus,-155.7,-1.7,2017-06-16,3.0,GW/um/sr filter_integrated_flux_density,Keck/Gemini AO,"de Kleer et al. 2019 AJ Table 5, filter Lp",3.78
dekleer2019-Prometheus-20170723-BrAlphaCont,Prometheus,-153.0,-2.8,2017-07-23,2.8,GW/um/sr filter_integrated_flux_density,Keck/Gemini AO,"de Kleer et al. 2019 AJ Table 5, filter BrAlphaCont",3.99
dekleer2019-Prometheus-20170723-BrAlpha,Prometheus,-153.0,-2.8,2017-07-23,5.0,GW/um/sr filter_integrated_flux_density,Keck/Gemini AO,"de Kleer et al. 2019 AJ Table 5, filter BrAlpha",4.05
dekleer2019-Prometheus-20171231-Lp,Prometheus,-153.60000000000002,-2.9,2017-12-31,3.7,GW/um/sr filter_integrated_flux_density,Keck/Gemini AO,"de Kleer et al. 2019 AJ Table 5, filter Lp",3.78
dekleer2019-Prometheus-20171231-BrAlpha,Prometheus,-153.60000000000002,-2.9,2017-12-31,3.7,GW/um/sr filter_integrated_flux_density,Keck/Gemini AO,"de Kleer et al. 2019 AJ Table 5, filter BrAlpha",4.05
dekleer2019-Prometheus-20171231-Ms,Prometheus,-153.60000000000002,-2.9,2017-12-31,5.7,GW/um/sr filter_integrated_flux_density,Keck/Gemini AO,"de Kleer et al. 2019 AJ Table 5, filter Ms",4.67
dekleer2019-Prometheus-20180102-Lp,Prometheus,-152.3,-1.5,2018-01-02,3.7,GW/um/sr filter_integrated_flux_density,Keck/Gemini AO,"de Kleer et al. 2019 AJ Table 5, filter Lp",3.78
dekleer2019-Prometheus-20180102-BrAlphaCont,Prometheus,-152.3,-1.5,2018-01-02,4.4,GW/um/sr filter_integrated_flux_density,Keck/Gemini AO,"de Kleer et al. 2019 AJ Table 5, filter BrAlphaCont",3.99
dekleer2019-Prometheus-20180102-BrAlpha,Prometheus,-152.3,-1.5,2018-01-02,3.5,GW/um/sr filter_integrated_flux_density,Keck/Gemini AO,"de Kleer et al. 2019 AJ Table 5, filter BrAlpha",4.05
dekleer2019-Prometheus-20180102-Ms,Prometheus,-152.3,-1.5,2018-01-02,5.5,GW/um/sr filter_integrated_flux_density,Keck/Gemini AO,"de Kleer et al. 2019 AJ Table 5, filter Ms",4.67
dekleer2019-Prometheus-20180114-BrAlpha,Prometheus,-153.60000000000002,-2.4,2018-01-14,2.9,GW/um/sr filter_integrated_flux_density,Keck/Gemini AO,"de Kleer et al. 2019 AJ Table 5, filter BrAlpha",4.05
dekleer2019-Prometheus-20180114-Ms,Prometheus,-153.60000000000002,-2.4,2018-01-14,4.4,GW/um/sr filter_integrated_flux_density,Keck/Gemini AO,"de Kleer et al. 2019 AJ Table 5, filter Ms",4.67
dekleer2019-Culann-20130823-Lp,Culann,-161.60000000000002,-16.5,2013-08-23,1.4,GW/um/sr filter_integrated_flux_density,Keck/Gemini AO,"de Kleer et al. 2019 AJ Table 5, filter Lp",3.78
dekleer2019-Culann-20130823-Ms,Culann,-161.60000000000002,-16.5,2013-08-23,2.1,GW/um/sr filter_integrated_flux_density,Keck/Gemini AO,"de Kleer et al. 2019 AJ Table 5, filter Ms",4.67
dekleer2019-Culann-20140311-Lp,Culann,-162.0,-16.0,2014-03-11,2.2,GW/um/sr filter_integrated_flux_density,Keck/Gemini AO,"de Kleer et al. 2019 AJ Table 5, filter Lp",3.78
dekleer2019-Culann-20140311-Ms,Culann,-162.0,-16.0,2014-03-11,1.9,GW/um/sr filter_integrated_flux_density,Keck/Gemini AO,"de Kleer et al. 2019 AJ Table 5, filter Ms",4.67
dekleer2019-Culann-20150111-Lp,Culann,-159.8,-17.2,2015-01-11,1.9,GW/um/sr filter_integrated_flux_density,Keck/Gemini AO,"de Kleer et al. 2019 AJ Table 5, filter Lp",3.78
dekleer2019-Culann-20150111-Ms,Culann,-159.8,-17.2,2015-01-11,2.3,GW/um/sr filter_integrated_flux_density,Keck/Gemini AO,"de Kleer et al. 2019 AJ Table 5, filter Ms",4.67
dekleer2019-Culann-20150401-Lp,Culann,-164.60000000000002,-16.0,2015-04-01,1.1,GW/um/sr filter_integrated_flux_density,Keck/Gemini AO,"de Kleer et al. 2019 AJ Table 5, filter Lp",3.78
dekleer2019-Culann-20150401-Ms,Culann,-164.60000000000002,-16.0,2015-04-01,1.7,GW/um/sr filter_integrated_flux_density,Keck/Gemini AO,"de Kleer et al. 2019 AJ Table 5, filter Ms",4.67
dekleer2019-Culann-20150505-Ms,Culann,-169.39999999999998,-14.7,2015-05-05,2.1,GW/um/sr filter_integrated_flux_density,Keck/Gemini AO,"de Kleer et al. 2019 AJ Table 5, filter Ms",4.67
dekleer2019-Culann-20170104-Lp,Culann,-161.0,-17.2,2017-01-04,2.1,GW/um/sr filter_integrated_flux_density,Keck/Gemini AO,"de Kleer et al. 2019 AJ Table 5, filter Lp",3.78
dekleer2019-Culann-20170104-BrAlphaCont,Culann,-161.0,-17.2,2017-01-04,2.2,GW/um/sr filter_integrated_flux_density,Keck/Gemini AO,"de Kleer et al. 2019 AJ Table 5, filter BrAlphaCont",3.99
dekleer2019-Culann-20170104-BrAlpha,Culann,-161.0,-17.2,2017-01-04,1.9,GW/um/sr filter_integrated_flux_density,Keck/Gemini AO,"de Kleer et al. 2019 AJ Table 5, filter BrAlpha",4.05
dekleer2019-Culann-20170104-Ms,Culann,-161.0,-17.2,2017-01-04,2.4,GW/um/sr filter_integrated_flux_density,Keck/Gemini AO,"de Kleer et al. 2019 AJ Table 5, filter Ms",4.67
dekleer2019-Culann-20170205-Lp,Culann,-160.5,-17.4,2017-02-05,2.4,GW/um/sr filter_integrated_flux_density,Keck/Gemini AO,"de Kleer et al. 2019 AJ Table 5, filter Lp",3.78
dekleer2019-Culann-20170205-BrAlphaCont,Culann,-160.5,-17.4,2017-02-05,2.5,GW/um/sr filter_integrated_flux_density,Keck/Gemini AO,"de Kleer et al. 2019 AJ Table 5, filter BrAlphaCont",3.99
dekleer2019-Culann-20170205-BrAlpha,Culann,-160.5,-17.4,2017-02-05,2.1,GW/um/sr filter_integrated_flux_density,Keck/Gemini AO,"de Kleer et al. 2019 AJ Table 5, filter BrAlpha",4.05
dekleer2019-Culann-20170205-Ms,Culann,-160.5,-17.4,2017-02-05,3.1,GW/um/sr filter_integrated_flux_density,Keck/Gemini AO,"de Kleer et al. 2019 AJ Table 5, filter Ms",4.67
dekleer2019-Culann-20170616-PAH,Culann,-163.7,-17.1,2017-06-16,2.8,GW/um/sr filter_integrated_flux_density,Keck/Gemini AO,"de Kleer et al. 2019 AJ Table 5, filter PAH",3.29
dekleer2019-Culann-20170616-Lp,Culann,-163.7,-17.1,2017-06-16,2.7,GW/um/sr filter_integrated_flux_density,Keck/Gemini AO,"de Kleer et al. 2019 AJ Table 5, filter Lp",3.78
dekleer2019-Culann-20171231-Lp,Culann,-160.5,-18.8,2017-12-31,2.4,GW/um/sr filter_integrated_flux_density,Keck/Gemini AO,"de Kleer et al. 2019 AJ Table 5, filter Lp",3.78
dekleer2019-Culann-20171231-BrAlpha,Culann,-160.5,-18.8,2017-12-31,2.3,GW/um/sr filter_integrated_flux_density,Keck/Gemini AO,"de Kleer et al. 2019 AJ Table 5, filter BrAlpha",4.05
dekleer2019-Culann-20171231-Ms,Culann,-160.5,-18.8,2017-12-31,3.2,GW/um/sr filter_integrated_flux_density,Keck/Gemini AO,"de Kleer et al. 2019 AJ Table 5, filter Ms",4.67
dekleer2019-Culann-20180102-Lp,Culann,-161.8,-17.8,2018-01-02,2.6,GW/um/sr filter_integrated_flux_density,Keck/Gemini AO,"de Kleer et al. 2019 AJ Table 5, filter Lp",3.78
dekleer2019-Culann-20180102-BrAlphaCont,Culann,-161.8,-17.8,2018-01-02,2.5,GW/um/sr filter_integrated_flux_density,Keck/Gemini AO,"de Kleer et al. 2019 AJ Table 5, filter BrAlphaCont",3.99
dekleer2019-Culann-20180102-BrAlpha,Culann,-161.8,-17.8,2018-01-02,2.1,GW/um/sr filter_integrated_flux_density,Keck/Gemini AO,"de Kleer et al. 2019 AJ Table 5, filter BrAlpha",4.05
dekleer2019-Culann-20180102-Ms,Culann,-161.8,-17.8,2018-01-02,3.2,GW/um/sr filter_integrated_flux_density,Keck/Gemini AO,"de Kleer et al. 2019 AJ Table 5, filter Ms",4.67
dekleer2019-Culann-20180114-Lp,Culann,-162.10000000000002,-19.1,2018-01-14,2.0,GW/um/sr filter_integrated_flux_density,Keck/Gemini AO,"de Kleer et al. 2019 AJ Table 5, filter Lp",3.78
dekleer2019-Culann-20180114-BrAlpha,Culann,-162.10000000000002,-19.1,2018-01-14,2.4,GW/um/sr filter_integrated_flux_density,Keck/Gemini AO,"de Kleer et al. 2019 AJ Table 5, filter BrAlpha",4.05
dekleer2019-Culann-20180114-Ms,Culann,-162.10000000000002,-19.1,2018-01-14,2.8,GW/um/sr filter_integrated_flux_density,Keck/Gemini AO,"de Kleer et al. 2019 AJ Table 5, filter Ms",4.67
dekleer2019-Zamama-20170104-Lp,Zamama,-173.0,18.5,2017-01-04,1.3,GW/um/sr filter_integrated_flux_density,Keck/Gemini AO,"de Kleer et al. 2019 AJ Table 5, filter Lp",3.78
dekleer2019-Zamama-20170104-BrAlphaCont,Zamama,-173.0,18.5,2017-01-04,1.8,GW/um/sr filter_integrated_flux_density,Keck/Gemini AO,"de Kleer et al. 2019 AJ Table 5, filter BrAlphaCont",3.99
dekleer2019-Zamama-20170104-BrAlpha,Zamama,-173.0,18.5,2017-01-04,1.2,GW/um/sr filter_integrated_flux_density,Keck/Gemini AO,"de Kleer et al. 2019 AJ Table 5, filter BrAlpha",4.05
dekleer2019-Zamama-20170104-Ms,Zamama,-173.0,18.5,2017-01-04,1.7,GW/um/sr filter_integrated_flux_density,Keck/Gemini AO,"de Kleer et al. 2019 AJ Table 5, filter Ms",4.67
dekleer2019-Zamama-20170205-Lp,Zamama,-173.8,19.4,2017-02-05,1.2,GW/um/sr filter_integrated_flux_density,Keck/Gemini AO,"de Kleer et al. 2019 AJ Table 5, filter Lp",3.78
dekleer2019-Zamama-20170205-BrAlphaCont,Zamama,-173.8,19.4,2017-02-05,1.4,GW/um/sr filter_integrated_flux_density,Keck/Gemini AO,"de Kleer et al. 2019 AJ Table 5, filter BrAlphaCont",3.99
dekleer2019-Zamama-20170205-BrAlpha,Zamama,-173.8,19.4,2017-02-05,1.1,GW/um/sr filter_integrated_flux_density,Keck/Gemini AO,"de Kleer et al. 2019 AJ Table 5, filter BrAlpha",4.05
dekleer2019-Zamama-20170205-Ms,Zamama,-173.8,19.4,2017-02-05,1.9,GW/um/sr filter_integrated_flux_density,Keck/Gemini AO,"de Kleer et al. 2019 AJ Table 5, filter Ms",4.67
dekleer2019-Zamama-20171231-Ms,Zamama,-173.2,16.8,2017-12-31,1.4,GW/um/sr filter_integrated_flux_density,Keck/Gemini AO,"de Kleer et al. 2019 AJ Table 5, filter Ms",4.67
dekleer2019-Illyrikon Regio-20160617-Kc,Illyrikon Regio,167.2,-73.2,2016-06-17,200.0,GW/um/sr filter_integrated_flux_density,Keck/Gemini AO,"de Kleer et al. 2019 AJ Table 5, filter Kc",2.27
dekleer2019-Illyrikon Regio-20160617-Lp,Illyrikon Regio,167.2,-73.2,2016-06-17,100.0,GW/um/sr filter_integrated_flux_density,Keck/Gemini AO,"de Kleer et al. 2019 AJ Table 5, filter Lp",3.78
dekleer2019-Illyrikon Regio-20160620-Kc,Illyrikon Regio,-173.0,-68.8,2016-06-20,180.0,GW/um/sr filter_integrated_flux_density,Keck/Gemini AO,"de Kleer et al. 2019 AJ Table 5, filter Kc",2.27
dekleer2019-Illyrikon Regio-20160620-Lp,Illyrikon Regio,-173.0,-68.8,2016-06-20,110.0,GW/um/sr filter_integrated_flux_density,Keck/Gemini AO,"de Kleer et al. 2019 AJ Table 5, filter Lp",3.78
dekleer2019-Illyrikon Regio-20160624-Kc,Illyrikon Regio,173.2,-72.7,2016-06-24,310.0,GW/um/sr filter_integrated_flux_density,Keck/Gemini AO,"de Kleer et al. 2019 AJ Table 5, filter Kc",2.27
dekleer2019-Illyrikon Regio-20160624-Lp,Illyrikon Regio,173.2,-72.7,2016-06-24,100.0,GW/um/sr filter_integrated_flux_density,Keck/Gemini AO,"de Kleer et al. 2019 AJ Table 5, filter Lp",3.78
dekleer2019-Illyrikon Regio-20160627-Kc,Illyrikon Regio,-164.89999999999998,-67.2,2016-06-27,94.0,GW/um/sr filter_integrated_flux_density,Keck/Gemini AO,"de Kleer et al. 2019 AJ Table 5, filter Kc",2.27
dekleer2019-Illyrikon Regio-20160627-Lp,Illyrikon Regio,-164.89999999999998,-67.2,2016-06-27,130.0,GW/um/sr filter_integrated_flux_density,Keck/Gemini AO,"de Kleer et al. 2019 AJ Table 5, filter Lp",3.78
dekleer2019-Sethlaus/Gabija Paterae-20150327-Lp,Sethlaus/Gabija Paterae,164.5,-50.0,2015-03-27,8.1,GW/um/sr filter_integrated_flux_density,Keck/Gemini AO,"de Kleer et al. 2019 AJ Table 5, filter Lp",3.78
dekleer2019-Sethlaus/Gabija Paterae-20150329-Lp,Sethlaus/Gabija Paterae,162.10000000000002,-51.4,2015-03-29,11.0,GW/um/sr filter_integrated_flux_density,Keck/Gemini AO,"de Kleer et al. 2019 AJ Table 5, filter Lp",3.78
dekleer2019-Sethlaus/Gabija Paterae-20150401-H2O,Sethlaus/Gabija Paterae,162.0,-50.2,2015-04-01,27.0,GW/um/sr filter_integrated_flux_density,Keck/Gemini AO,"de Kleer et al. 2019 AJ Table 5, filter H2O",3.06
dekleer2019-Sethlaus/Gabija Paterae-20150401-PAH,Sethlaus/Gabija Paterae,162.0,-50.2,2015-04-01,22.0,GW/um/sr filter_integrated_flux_density,Keck/Gemini AO,"de Kleer et al. 2019 AJ Table 5, filter PAH",3.29
dekleer2019-Sethlaus/Gabija Paterae-20150401-Lp,Sethlaus/Gabija Paterae,162.0,-50.2,2015-04-01,33.0,GW/um/sr filter_integrated_flux_density,Keck/Gemini AO,"de Kleer et al. 2019 AJ Table 5, filter Lp",3.78
dekleer2019-Sethlaus/Gabija Paterae-20150401-Ms,Sethlaus/Gabija Paterae,162.0,-50.2,2015-04-01,28.0,GW/um/sr filter_integrated_flux_density,Keck/Gemini AO,"de Kleer et al. 2019 AJ Table 5, filter Ms",4.67
dekleer2019-Sethlaus/Gabija Paterae-20150419-Lp,Sethlaus/Gabija Paterae,161.89999999999998,-50.0,2015-04-19,7.2,GW/um/sr filter_integrated_flux_density,Keck/Gemini AO,"de Kleer et al. 2019 AJ Table 5, filter Lp",3.78
dekleer2019-Sethlaus/Gabija Paterae-20150426-Lp,Sethlaus/Gabija Paterae,160.3,-49.6,2015-04-26,4.8,GW/um/sr filter_integrated_flux_density,Keck/Gemini AO,"de Kleer et al. 2019 AJ Table 5, filter Lp",3.78
dekleer2019-Sethlaus/Gabija Paterae-20150505-H2O,Sethlaus/Gabija Paterae,161.2,-48.5,2015-05-05,6.0,GW/um/sr filter_integrated_flux_density,Keck/Gemini AO,"de Kleer et al. 2019 AJ Table 5, filter H2O",3.06
dekleer2019-Sethlaus/Gabija Paterae-20150505-PAH,Sethlaus/Gabija Paterae,161.2,-48.5,2015-05-05,3.9,GW/um/sr filter_integrated_flux_density,Keck/Gemini AO,"de Kleer et al. 2019 AJ Table 5, filter PAH",3.29
dekleer2019-Sethlaus/Gabija Paterae-20150505-Lp,Sethlaus/Gabija Paterae,161.2,-48.5,2015-05-05,5.8,GW/um/sr filter_integrated_flux_density,Keck/Gemini AO,"de Kleer et al. 2019 AJ Table 5, filter Lp",3.78
dekleer2019-Sethlaus/Gabija Paterae-20150505-Ms,Sethlaus/Gabija Paterae,161.2,-48.5,2015-05-05,9.3,GW/um/sr filter_integrated_flux_density,Keck/Gemini AO,"de Kleer et al. 2019 AJ Table 5, filter Ms",4.67
dekleer2019-Isum Patera-20150505-Ms,Isum Patera,150.8,31.9,2015-05-05,1.9,GW/um/sr filter_integrated_flux_density,Keck/Gemini AO,"de Kleer et al. 2019 AJ Table 5, filter Ms",4.67
dekleer2019-Isum Patera-20161223-Ms,Isum Patera,156.5,31.0,2016-12-23,2.7,GW/um/sr filter_integrated_flux_density,Keck/Gemini AO,"de Kleer et al. 2019 AJ Table 5, filter Ms",4.67
dekleer2019-Isum Patera-20170104-BrAlphaCont,Isum Patera,158.8,29.3,2017-01-04,3.9,GW/um/sr filter_integrated_flux_density,Keck/Gemini AO,"de Kleer et al. 2019 AJ Table 5, filter BrAlphaCont",3.99
dekleer2019-Isum Patera-20170104-BrAlpha,Isum Patera,158.8,29.3,2017-01-04,3.1,GW/um/sr filter_integrated_flux_density,Keck/Gemini AO,"de Kleer et al. 2019 AJ Table 5, filter BrAlpha",4.05
dekleer2019-Isum Patera-20170104-Ms,Isum Patera,158.8,29.3,2017-01-04,2.9,GW/um/sr filter_integrated_flux_density,Keck/Gemini AO,"de Kleer et al. 2019 AJ Table 5, filter Ms",4.67
dekleer2019-Isum Patera-20170108-BrAlpha,Isum Patera,155.5,30.4,2017-01-08,1.9,GW/um/sr filter_integrated_flux_density,Keck/Gemini AO,"de Kleer et al. 2019 AJ Table 5, filter BrAlpha",4.05
dekleer2019-Isum Patera-20170108-Ms,Isum Patera,155.5,30.4,2017-01-08,2.1,GW/um/sr filter_integrated_flux_density,Keck/Gemini AO,"de Kleer et al. 2019 AJ Table 5, filter Ms",4.67
dekleer2019-Isum Patera-20170205-BrAlpha,Isum Patera,155.7,27.2,2017-02-05,2.0,GW/um/sr filter_integrated_flux_density,Keck/Gemini AO,"de Kleer et al. 2019 AJ Table 5, filter BrAlpha",4.05
dekleer2019-Isum Patera-20170528-BrAlphaCont,Isum Patera,150.39999999999998,31.1,2017-05-28,2.0,GW/um/sr filter_integrated_flux_density,Keck/Gemini AO,"de Kleer et al. 2019 AJ Table 5, filter BrAlphaCont",3.99
dekleer2019-Isum Patera-20170528-BrAlpha,Isum Patera,150.39999999999998,31.1,2017-05-28,2.3,GW/um/sr filter_integrated_flux_density,Keck/Gemini AO,"de Kleer et al. 2019 AJ Table 5, filter BrAlpha",4.05
dekleer2019-Isum Patera-20170528-Ms,Isum Patera,150.39999999999998,31.1,2017-05-28,2.0,GW/um/sr filter_integrated_flux_density,Keck/Gemini AO,"de Kleer et al. 2019 AJ Table 5, filter Ms",4.67
dekleer2019-Isum Patera-20171231-BrAlpha,Isum Patera,157.3,27.4,2017-12-31,3.1,GW/um/sr filter_integrated_flux_density,Keck/Gemini AO,"de Kleer et al. 2019 AJ Table 5, filter BrAlpha",4.05
dekleer2019-Isum Patera-20171231-Ms,Isum Patera,157.3,27.4,2017-12-31,4.6,GW/um/sr filter_integrated_flux_density,Keck/Gemini AO,"de Kleer et al. 2019 AJ Table 5, filter Ms",4.67
dekleer2019-Isum Patera-20180102-Lp,Isum Patera,154.8,30.1,2018-01-02,1.9,GW/um/sr filter_integrated_flux_density,Keck/Gemini AO,"de Kleer et al. 2019 AJ Table 5, filter Lp",3.78
dekleer2019-Isum Patera-20180102-BrAlphaCont,Isum Patera,154.8,30.1,2018-01-02,2.8,GW/um/sr filter_integrated_flux_density,Keck/Gemini AO,"de Kleer et al. 2019 AJ Table 5, filter BrAlphaCont",3.99
dekleer2019-Isum Patera-20180102-BrAlpha,Isum Patera,154.8,30.1,2018-01-02,2.9,GW/um/sr filter_integrated_flux_density,Keck/Gemini AO,"de Kleer et al. 2019 AJ Table 5, filter BrAlpha",4.05
dekleer2019-Isum Patera-20180102-Ms,Isum Patera,154.8,30.1,2018-01-02,3.2,GW/um/sr filter_integrated_flux_density,Keck/Gemini AO,"de Kleer et al. 2019 AJ Table 5, filter Ms",4.67
dekleer2019-Isum Patera-20180527-Kc,Isum Patera,151.3,32.5,2018-05-27,86.0,GW/um/sr filter_integrated_flux_density,Keck/Gemini AO,"de Kleer et al. 2019 AJ Table 5, filter Kc",2.27
dekleer2019-Isum Patera-20180527-Lp,Isum Patera,151.3,32.5,2018-05-27,64.0,GW/um/sr filter_integrated_flux_density,Keck/Gemini AO,"de Kleer et al. 2019 AJ Table 5, filter Lp",3.78
dekleer2019-Isum Patera-20180531-Kc,Isum Patera,154.39999999999998,30.3,2018-05-31,82.0,GW/um/sr filter_integrated_flux_density,Keck/Gemini AO,"de Kleer et al. 2019 AJ Table 5, filter Kc",2.27
dekleer2019-Isum Patera-20180531-Lp,Isum Patera,154.39999999999998,30.3,2018-05-31,59.0,GW/um/sr filter_integrated_flux_density,Keck/Gemini AO,"de Kleer et al. 2019 AJ Table 5, filter Lp",3.78
dekleer2019-Isum Patera-20180602-Lp,Isum Patera,151.0,30.5,2018-06-02,51.0,GW/um/sr filter_integrated_flux_density,Keck/Gemini AO,"de Kleer et al. 2019 AJ Table 5, filter Lp",3.78
dekleer2019-Isum Patera-20180616-Kc,Isum Patera,155.7,32.2,2018-06-16,48.0,GW/um/sr filter_integrated_flux_density,Keck/Gemini AO,"de Kleer et al. 2019 AJ Table 5, filter Kc",2.27
dekleer2019-Isum Patera-20180616-Lp,Isum Patera,155.7,32.2,2018-06-16,39.0,GW/um/sr filter_integrated_flux_density,Keck/Gemini AO,"de Kleer et al. 2019 AJ Table 5, filter Lp",3.78
dekleer2019-Isum Patera-20180618-Kc,Isum Patera,153.10000000000002,31.5,2018-06-18,71.0,GW/um/sr filter_integrated_flux_density,Keck/Gemini AO,"de Kleer et al. 2019 AJ Table 5, filter Kc",2.27
dekleer2019-Isum Patera-20180618-Lp,Isum Patera,153.10000000000002,31.5,2018-06-18,35.0,GW/um/sr filter_integrated_flux_density,Keck/Gemini AO,"de Kleer et al. 2019 AJ Table 5, filter Lp",3.78
dekleer2019-Isum Patera-20180623-Kc,Isum Patera,154.10000000000002,31.4,2018-06-23,30.0,GW/um/sr filter_integrated_flux_density,Keck/Gemini AO,"de Kleer et al. 2019 AJ Table 5, filter Kc",2.27
dekleer2019-Isum Patera-20180623-Lp,Isum Patera,154.10000000000002,31.4,2018-06-23,32.0,GW/um/sr filter_integrated_flux_density,Keck/Gemini AO,"de Kleer et al. 2019 AJ Table 5, filter Lp",3.78
dekleer2019-Isum Patera-20180625-Kc,Isum Patera,154.0,31.6,2018-06-25,45.0,GW/um/sr filter_integrated_flux_density,Keck/Gemini AO,"de Kleer et al. 2019 AJ Table 5, filter Kc",2.27
dekleer2019-Isum Patera-20180625-Lp,Isum Patera,154.0,31.6,2018-06-25,29.0,GW/um/sr filter_integrated_flux_density,Keck/Gemini AO,"de Kleer et al. 2019 AJ Table 5, filter Lp",3.78
dekleer2019-Isum Patera-20180630-Kc,Isum Patera,155.7,33.5,2018-06-30,28.0,GW/um/sr filter_integrated_flux_density,Keck/Gemini AO,"de Kleer et al. 2019 AJ Table 5, filter Kc",2.27
dekleer2019-Isum Patera-20180630-Lp,Isum Patera,155.7,33.5,2018-06-30,28.0,GW/um/sr filter_integrated_flux_density,Keck/Gemini AO,"de Kleer et al. 2019 AJ Table 5, filter Lp",3.78
dekleer2019-Marduk Fluctus-20130820-Ms,Marduk Fluctus,148.89999999999998,-24.8,2013-08-20,5.7,GW/um/sr filter_integrated_flux_density,Keck/Gemini AO,"de Kleer et al. 2019 AJ Table 5, filter Ms",4.67
dekleer2019-Marduk Fluctus-20130823-Lp,Marduk Fluctus,152.60000000000002,-22.7,2013-08-23,6.0,GW/um/sr filter_integrated_flux_density,Keck/Gemini AO,"de Kleer et al. 2019 AJ Table 5, filter Lp",3.78
dekleer2019-Marduk Fluctus-20130823-Ms,Marduk Fluctus,152.60000000000002,-22.7,2013-08-23,7.5,GW/um/sr filter_integrated_flux_density,Keck/Gemini AO,"de Kleer et al. 2019 AJ Table 5, filter Ms",4.67
dekleer2019-Marduk Fluctus-20130901-Lp,Marduk Fluctus,152.0,-26.5,2013-09-01,9.2,GW/um/sr filter_integrated_flux_density,Keck/Gemini AO,"de Kleer et al. 2019 AJ Table 5, filter Lp",3.78
dekleer2019-Marduk Fluctus-20130903-Lp,Marduk Fluctus,152.10000000000002,-21.0,2013-09-03,5.6,GW/um/sr filter_integrated_flux_density,Keck/Gemini AO,"de Kleer et al. 2019 AJ Table 5, filter Lp",3.78
dekleer2019-Marduk Fluctus-20130910-Lp,Marduk Fluctus,150.89999999999998,-22.8,2013-09-10,7.1,GW/um/sr filter_integrated_flux_density,Keck/Gemini AO,"de Kleer et al. 2019 AJ Table 5, filter Lp",3.78
dekleer2019-Marduk Fluctus-20131118-H2O,Marduk Fluctus,151.5,-24.4,2013-11-18,3.4,GW/um/sr filter_integrated_flux_density,Keck/Gemini AO,"de Kleer et al. 2019 AJ Table 5, filter H2O",3.06
dekleer2019-Marduk Fluctus-20131118-PAH,Marduk Fluctus,151.5,-24.4,2013-11-18,4.8,GW/um/sr filter_integrated_flux_density,Keck/Gemini AO,"de Kleer et al. 2019 AJ Table 5, filter PAH",3.29
dekleer2019-Marduk Fluctus-20131118-Lp,Marduk Fluctus,151.5,-24.4,2013-11-18,6.7,GW/um/sr filter_integrated_flux_density,Keck/Gemini AO,"de Kleer et al. 2019 AJ Table 5, filter Lp",3.78
dekleer2019-Marduk Fluctus-20131118-Ms,Marduk Fluctus,151.5,-24.4,2013-11-18,9.2,GW/um/sr filter_integrated_flux_density,Keck/Gemini AO,"de Kleer et al. 2019 AJ Table 5, filter Ms",4.67
dekleer2019-Marduk Fluctus-20131127-Lp,Marduk Fluctus,156.7,-27.9,2013-11-27,5.4,GW/um/sr filter_integrated_flux_density,Keck/Gemini AO,"de Kleer et al. 2019 AJ Table 5, filter Lp",3.78
dekleer2019-Marduk Fluctus-20131202-Lp,Marduk Fluctus,150.89999999999998,-22.5,2013-12-02,5.8,GW/um/sr filter_integrated_flux_density,Keck/Gemini AO,"de Kleer et al. 2019 AJ Table 5, filter Lp",3.78
dekleer2019-Marduk Fluctus-20131204-Lp,Marduk Fluctus,150.0,-23.4,2013-12-04,4.6,GW/um/sr filter_integrated_flux_density,Keck/Gemini AO,"de Kleer et al. 2019 AJ Table 5, filter Lp",3.78
dekleer2019-Marduk Fluctus-20131213-Lp,Marduk Fluctus,149.3,-23.7,2013-12-13,3.7,GW/um/sr filter_integrated_flux_density,Keck/Gemini AO,"de Kleer et al. 2019 AJ Table 5, filter Lp",3.78
dekleer2019-Marduk Fluctus-20140208-Lp,Marduk Fluctus,146.7,-23.8,2014-02-08,8.3,GW/um/sr filter_integrated_flux_density,Keck/Gemini AO,"de Kleer et al. 2019 AJ Table 5, filter Lp",3.78
dekleer2019-Marduk Fluctus-20140208-Ms,Marduk Fluctus,146.7,-23.8,2014-02-08,6.5,GW/um/sr filter_integrated_flux_density,Keck/Gemini AO,"de Kleer et al. 2019 AJ Table 5, filter Ms",4.67
dekleer2019-Marduk Fluctus-20140310-Lp,Marduk Fluctus,144.89999999999998,-24.0,2014-03-10,5.4,GW/um/sr filter_integrated_flux_density,Keck/Gemini AO,"de Kleer et al. 2019 AJ Table 5, filter Lp",3.78
dekleer2019-Marduk Fluctus-20141022-Lp,Marduk Fluctus,151.39999999999998,-24.7,2014-10-22,5.7,GW/um/sr filter_integrated_flux_density,Keck/Gemini AO,"de Kleer et al. 2019 AJ Table 5, filter Lp",3.78
dekleer2019-Marduk Fluctus-20141031-Lp,Marduk Fluctus,150.0,-23.2,2014-10-31,6.5,GW/um/sr filter_integrated_flux_density,Keck/Gemini AO,"de Kleer et al. 2019 AJ Table 5, filter Lp",3.78
dekleer2019-Marduk Fluctus-20141031-Ms,Marduk Fluctus,150.0,-23.2,2014-10-31,9.0,GW/um/sr filter_integrated_flux_density,Keck/Gemini AO,"de Kleer et al. 2019 AJ Table 5, filter Ms",4.67
dekleer2019-Marduk Fluctus-20141130-Lp,Marduk Fluctus,152.0,-25.0,2014-11-30,5.5,GW/um/sr filter_integrated_flux_density,Keck/Gemini AO,"de Kleer et al. 2019 AJ Table 5, filter Lp",3.78
dekleer2019-Marduk Fluctus-20141202-Lp,Marduk Fluctus,146.8,-23.5,2014-12-02,5.4,GW/um/sr filter_integrated_flux_density,Keck/Gemini AO,"de Kleer et al. 2019 AJ Table 5, filter Lp",3.78
dekleer2019-Marduk Fluctus-20141202-Ms,Marduk Fluctus,146.8,-23.5,2014-12-02,8.4,GW/um/sr filter_integrated_flux_density,Keck/Gemini AO,"de Kleer et al. 2019 AJ Table 5, filter Ms",4.67
dekleer2019-Marduk Fluctus-20141209-Lp,Marduk Fluctus,152.10000000000002,-23.5,2014-12-09,3.8,GW/um/sr filter_integrated_flux_density,Keck/Gemini AO,"de Kleer et al. 2019 AJ Table 5, filter Lp",3.78
dekleer2019-Marduk Fluctus-20141216-Lp,Marduk Fluctus,153.2,-25.4,2014-12-16,4.0,GW/um/sr filter_integrated_flux_density,Keck/Gemini AO,"de Kleer et al. 2019 AJ Table 5, filter Lp",3.78
dekleer2019-Marduk Fluctus-20150111-Ms,Marduk Fluctus,154.5,-23.7,2015-01-11,7.6,GW/um/sr filter_integrated_flux_density,Keck/Gemini AO,"de Kleer et al. 2019 AJ Table 5, filter Ms",4.67
dekleer2019-Marduk Fluctus-20150115-Lp,Marduk Fluctus,147.8,-23.5,2015-01-15,4.0,GW/um/sr filter_integrated_flux_density,Keck/Gemini AO,"de Kleer et al. 2019 AJ Table 5, filter Lp",3.78
dekleer2019-Marduk Fluctus-20150126-Lp,Marduk Fluctus,149.0,-23.8,2015-01-26,2.9,GW/um/sr filter_integrated_flux_density,Keck/Gemini AO,"de Kleer et al. 2019 AJ Table 5, filter Lp",3.78
dekleer2019-Marduk Fluctus-20150327-Lp,Marduk Fluctus,148.89999999999998,-24.8,2015-03-27,4.6,GW/um/sr filter_integrated_flux_density,Keck/Gemini AO,"de Kleer et al. 2019 AJ Table 5, filter Lp",3.78
dekleer2019-Marduk Fluctus-20150329-Lp,Marduk Fluctus,148.89999999999998,-25.7,2015-03-29,5.6,GW/um/sr filter_integrated_flux_density,Keck/Gemini AO,"de Kleer et al. 2019 AJ Table 5, filter Lp",3.78
dekleer2019-Marduk Fluctus-20150401-Ms,Marduk Fluctus,142.60000000000002,-22.2,2015-04-01,8.5,GW/um/sr filter_integrated_flux_density,Keck/Gemini AO,"de Kleer et al. 2019 AJ Table 5, filter Ms",4.67
dekleer2019-Marduk Fluctus-20150405-Lp,Marduk Fluctus,144.10000000000002,-23.4,2015-04-05,3.6,GW/um/sr filter_integrated_flux_density,Keck/Gemini AO,"de Kleer et al. 2019 AJ Table 5, filter Lp",3.78
dekleer2019-Marduk Fluctus-20150419-Lp,Marduk Fluctus,144.8,-24.7,2015-04-19,5.3,GW/um/sr filter_integrated_flux_density,Keck/Gemini AO,"de Kleer et al. 2019 AJ Table 5, filter Lp",3.78
dekleer2019-Marduk Fluctus-20150421-Lp,Marduk Fluctus,144.60000000000002,-24.3,2015-04-21,4.4,GW/um/sr filter_integrated_flux_density,Keck/Gemini AO,"de Kleer et al. 2019 AJ Table 5, filter Lp",3.78
dekleer2019-Marduk Fluctus-20150426-Lp,Marduk Fluctus,144.3,-23.9,2015-04-26,4.1,GW/um/sr filter_integrated_flux_density,Keck/Gemini AO,"de Kleer et al. 2019 AJ Table 5, filter Lp",3.78
dekleer2019-Marduk Fluctus-20150505-H2O,Marduk Fluctus,145.60000000000002,-23.7,2015-05-05,4.3,GW/um/sr filter_integrated_flux_density,Keck/Gemini AO,"de Kleer et al. 2019 AJ Table 5, filter H2O",3.06
dekleer2019-Marduk Fluctus-20150505-PAH,Marduk Fluctus,145.60000000000002,-23.7,2015-05-05,3.6,GW/um/sr filter_integrated_flux_density,Keck/Gemini AO,"de Kleer et al. 2019 AJ Table 5, filter PAH",3.29
dekleer2019-Marduk Fluctus-20150505-Lp,Marduk Fluctus,145.60000000000002,-23.7,2015-05-05,5.7,GW/um/sr filter_integrated_flux_density,Keck/Gemini AO,"de Kleer et al. 2019 AJ Table 5, filter Lp",3.78
dekleer2019-Marduk Fluctus-20150505-Ms,Marduk Fluctus,145.60000000000002,-23.7,2015-05-05,11.0,GW/um/sr filter_integrated_flux_density,Keck/Gemini AO,"de Kleer et al. 2019 AJ Table 5, filter Ms",4.67
dekleer2019-Marduk Fluctus-20160203-Lp,Marduk Fluctus,149.39999999999998,-22.5,2016-02-03,7.4,GW/um/sr filter_integrated_flux_density,Keck/Gemini AO,"de Kleer et al. 2019 AJ Table 5, filter Lp",3.78
dekleer2019-Marduk Fluctus-20160217-Lp,Marduk Fluctus,153.89999999999998,-22.7,2016-02-17,9.1,GW/um/sr filter_integrated_flux_density,Keck/Gemini AO,"de Kleer et al. 2019 AJ Table 5, filter Lp",3.78
dekleer2019-Marduk Fluctus-20160219-Lp,Marduk Fluctus,154.60000000000002,-23.6,2016-02-19,12.0,GW/um/sr filter_integrated_flux_density,Keck/Gemini AO,"de Kleer et al. 2019 AJ Table 5, filter Lp",3.78
dekleer2019-Marduk Fluctus-20160221-Lp,Marduk Fluctus,149.0,-23.2,2016-02-21,8.6,GW/um/sr filter_integrated_flux_density,Keck/Gemini AO,"de Kleer et al. 2019 AJ Table 5, filter Lp",3.78
dekleer2019-Marduk Fluctus-20160311-Lp,Marduk Fluctus,150.89999999999998,-23.7,2016-03-11,13.0,GW/um/sr filter_integrated_flux_density,Keck/Gemini AO,"de Kleer et al. 2019 AJ Table 5, filter Lp",3.78
dekleer2019-Marduk Fluctus-20160313-Lp,Marduk Fluctus,150.2,-24.2,2016-03-13,12.0,GW/um/sr filter_integrated_flux_density,Keck/Gemini AO,"de Kleer et al. 2019 AJ Table 5, filter Lp",3.78
dekleer2019-Marduk Fluctus-20160430-Lp,Marduk Fluctus,150.8,-20.9,2016-04-30,13.0,GW/um/sr filter_integrated_flux_density,Keck/Gemini AO,"de Kleer et al. 2019 AJ Table 5, filter Lp",3.78
dekleer2019-Marduk Fluctus-20160502-Lp,Marduk Fluctus,144.5,-22.0,2016-05-02,12.0,GW/um/sr filter_integrated_flux_density,Keck/Gemini AO,"de Kleer et al. 2019 AJ Table 5, filter Lp",3.78
dekleer2019-Marduk Fluctus-20160509-Lp,Marduk Fluctus,148.60000000000002,-21.2,2016-05-09,13.0,GW/um/sr filter_integrated_flux_density,Keck/Gemini AO,"de Kleer et al. 2019 AJ Table 5, filter Lp",3.78
dekleer2019-Marduk Fluctus-20160511-Lp,Marduk Fluctus,148.0,-22.3,2016-05-11,9.9,GW/um/sr filter_integrated_flux_density,Keck/Gemini AO,"de Kleer et al. 2019 AJ Table 5, filter Lp",3.78
dekleer2019-Marduk Fluctus-20160514-Lp,Marduk Fluctus,145.8,-20.6,2016-05-14,11.0,GW/um/sr filter_integrated_flux_density,Keck/Gemini AO,"de Kleer et al. 2019 AJ Table 5, filter Lp",3.78
dekleer2019-Marduk Fluctus-20160516-Lp,Marduk Fluctus,149.5,-23.4,2016-05-16,9.7,GW/um/sr filter_integrated_flux_density,Keck/Gemini AO,"de Kleer et al. 2019 AJ Table 5, filter Lp",3.78
dekleer2019-Marduk Fluctus-20160518-Lp,Marduk Fluctus,144.89999999999998,-21.4,2016-05-18,18.0,GW/um/sr filter_integrated_flux_density,Keck/Gemini AO,"de Kleer et al. 2019 AJ Table 5, filter Lp",3.78
dekleer2019-Marduk Fluctus-20160523-Lp,Marduk Fluctus,146.10000000000002,-22.5,2016-05-23,16.0,GW/um/sr filter_integrated_flux_density,Keck/Gemini AO,"de Kleer et al. 2019 AJ Table 5, filter Lp",3.78
dekleer2019-Marduk Fluctus-20160525-Lp,Marduk Fluctus,144.8,-24.4,2016-05-25,14.0,GW/um/sr filter_integrated_flux_density,Keck/Gemini AO,"de Kleer et al. 2019 AJ Table 5, filter Lp",3.78
dekleer2019-Marduk Fluctus-20160601-Lp,Marduk Fluctus,145.5,-20.2,2016-06-01,13.0,GW/um/sr filter_integrated_flux_density,Keck/Gemini AO,"de Kleer et al. 2019 AJ Table 5, filter Lp",3.78
dekleer2019-Marduk Fluctus-20160603-Lp,Marduk Fluctus,145.8,-21.1,2016-06-03,8.8,GW/um/sr filter_integrated_flux_density,Keck/Gemini AO,"de Kleer et al. 2019 AJ Table 5, filter Lp",3.78
dekleer2019-Marduk Fluctus-20160608-Lp,Marduk Fluctus,147.3,-20.1,2016-06-08,10.0,GW/um/sr filter_integrated_flux_density,Keck/Gemini AO,"de Kleer et al. 2019 AJ Table 5, filter Lp",3.78
dekleer2019-Marduk Fluctus-20160610-Lp,Marduk Fluctus,145.60000000000002,-20.2,2016-06-10,13.0,GW/um/sr filter_integrated_flux_density,Keck/Gemini AO,"de Kleer et al. 2019 AJ Table 5, filter Lp",3.78
dekleer2019-Marduk Fluctus-20160617-Lp,Marduk Fluctus,147.7,-25.3,2016-06-17,22.0,GW/um/sr filter_integrated_flux_density,Keck/Gemini AO,"de Kleer et al. 2019 AJ Table 5, filter Lp",3.78
dekleer2019-Marduk Fluctus-20160624-Lp,Marduk Fluctus,148.0,-25.7,2016-06-24,15.0,GW/um/sr filter_integrated_flux_density,Keck/Gemini AO,"de Kleer et al. 2019 AJ Table 5, filter Lp",3.78
dekleer2019-Marduk Fluctus-20161123-Lp,Marduk Fluctus,148.10000000000002,-20.9,2016-11-23,22.0,GW/um/sr filter_integrated_flux_density,Keck/Gemini AO,"de Kleer et al. 2019 AJ Table 5, filter Lp",3.78
dekleer2019-Marduk Fluctus-20161223-PAH,Marduk Fluctus,149.2,-24.7,2016-12-23,12.0,GW/um/sr filter_integrated_flux_density,Keck/Gemini AO,"de Kleer et al. 2019 AJ Table 5, filter PAH",3.29
dekleer2019-Marduk Fluctus-20161223-Lp,Marduk Fluctus,149.2,-24.7,2016-12-23,15.0,GW/um/sr filter_integrated_flux_density,Keck/Gemini AO,"de Kleer et al. 2019 AJ Table 5, filter Lp",3.78
dekleer2019-Marduk Fluctus-20161223-BrAlphaCont,Marduk Fluctus,149.2,-24.7,2016-12-23,15.0,GW/um/sr filter_integrated_flux_density,Keck/Gemini AO,"de Kleer et al. 2019 AJ Table 5, filter BrAlphaCont",3.99
dekleer2019-Marduk Fluctus-20161223-BrAlpha,Marduk Fluctus,149.2,-24.7,2016-12-23,13.0,GW/um/sr filter_integrated_flux_density,Keck/Gemini AO,"de Kleer et al. 2019 AJ Table 5, filter BrAlpha",4.05
dekleer2019-Marduk Fluctus-20161223-Ms,Marduk Fluctus,149.2,-24.7,2016-12-23,27.0,GW/um/sr filter_integrated_flux_density,Keck/Gemini AO,"de Kleer et al. 2019 AJ Table 5, filter Ms",4.67
dekleer2019-Marduk Fluctus-20170104-H2O,Marduk Fluctus,153.3,-26.3,2017-01-04,7.6,GW/um/sr filter_integrated_flux_density,Keck/Gemini AO,"de Kleer et al. 2019 AJ Table 5, filter H2O",3.06
dekleer2019-Marduk Fluctus-20170104-PAH,Marduk Fluctus,153.3,-26.3,2017-01-04,9.4,GW/um/sr filter_integrated_flux_density,Keck/Gemini AO,"de Kleer et al. 2019 AJ Table 5, filter PAH",3.29
dekleer2019-Marduk Fluctus-20170104-Lp,Marduk Fluctus,153.3,-26.3,2017-01-04,16.0,GW/um/sr filter_integrated_flux_density,Keck/Gemini AO,"de Kleer et al. 2019 AJ Table 5, filter Lp",3.78
dekleer2019-Marduk Fluctus-20170104-BrAlphaCont,Marduk Fluctus,153.3,-26.3,2017-01-04,15.0,GW/um/sr filter_integrated_flux_density,Keck/Gemini AO,"de Kleer et al. 2019 AJ Table 5, filter BrAlphaCont",3.99
dekleer2019-Marduk Fluctus-20170104-BrAlpha,Marduk Fluctus,153.3,-26.3,2017-01-04,12.0,GW/um/sr filter_integrated_flux_density,Keck/Gemini AO,"de Kleer et al. 2019 AJ Table 5, filter BrAlpha",4.05
dekleer2019-Marduk Fluctus-20170104-Ms,Marduk Fluctus,153.3,-26.3,2017-01-04,20.0,GW/um/sr filter_integrated_flux_density,Keck/Gemini AO,"de Kleer et al. 2019 AJ Table 5, filter Ms",4.67
dekleer2019-Marduk Fluctus-20170108-H2O,Marduk Fluctus,151.3,-25.9,2017-01-08,10.0,GW/um/sr filter_integrated_flux_density,Keck/Gemini AO,"de Kleer et al. 2019 AJ Table 5, filter H2O",3.06
dekleer2019-Marduk Fluctus-20170108-PAH,Marduk Fluctus,151.3,-25.9,2017-01-08,18.0,GW/um/sr filter_integrated_flux_density,Keck/Gemini AO,"de Kleer et al. 2019 AJ Table 5, filter PAH",3.29
dekleer2019-Marduk Fluctus-20170108-Lp,Marduk Fluctus,151.3,-25.9,2017-01-08,18.0,GW/um/sr filter_integrated_flux_density,Keck/Gemini AO,"de Kleer et al. 2019 AJ Table 5, filter Lp",3.78
dekleer2019-Marduk Fluctus-20170108-BrAlphaCont,Marduk Fluctus,151.3,-25.9,2017-01-08,16.0,GW/um/sr filter_integrated_flux_density,Keck/Gemini AO,"de Kleer et al. 2019 AJ Table 5, filter BrAlphaCont",3.99
dekleer2019-Marduk Fluctus-20170108-BrAlpha,Marduk Fluctus,151.3,-25.9,2017-01-08,13.0,GW/um/sr filter_integrated_flux_density,Keck/Gemini AO,"de Kleer et al. 2019 AJ Table 5, filter BrAlpha",4.05
dekleer2019-Marduk Fluctus-20170108-Ms,Marduk Fluctus,151.3,-25.9,2017-01-08,27.0,GW/um/sr filter_integrated_flux_density,Keck/Gemini AO,"de Kleer et al. 2019 AJ Table 5, filter Ms",4.67
dekleer2019-Marduk Fluctus-20170115-Lp,Marduk Fluctus,154.89999999999998,-20.4,2017-01-15,12.0,GW/um/sr filter_integrated_flux_density,Keck/Gemini AO,"de Kleer et al. 2019 AJ Table 5, filter Lp",3.78
dekleer2019-Marduk Fluctus-20170120-Lp,Marduk Fluctus,154.89999999999998,-24.6,2017-01-20,21.0,GW/um/sr filter_integrated_flux_density,Keck/Gemini AO,"de Kleer et al. 2019 AJ Table 5, filter Lp",3.78
dekleer2019-Marduk Fluctus-20170122-Lp,Marduk Fluctus,154.0,-23.1,2017-01-22,10.0,GW/um/sr filter_integrated_flux_density,Keck/Gemini AO,"de Kleer et al. 2019 AJ Table 5, filter Lp",3.78
dekleer2019-Marduk Fluctus-20170124-PAH,Marduk Fluctus,151.8,-26.4,2017-01-24,15.0,GW/um/sr filter_integrated_flux_density,Keck/Gemini AO,"de Kleer et al. 2019 AJ Table 5, filter PAH",3.29
dekleer2019-Marduk Fluctus-20170124-Lp,Marduk Fluctus,151.8,-26.4,2017-01-24,18.0,GW/um/sr filter_integrated_flux_density,Keck/Gemini AO,"de Kleer et al. 2019 AJ Table 5, filter Lp",3.78
dekleer2019-Marduk Fluctus-20170124-Ms,Marduk Fluctus,151.8,-26.4,2017-01-24,25.0,GW/um/sr filter_integrated_flux_density,Keck/Gemini AO,"de Kleer et al. 2019 AJ Table 5, filter Ms",4.67
dekleer2019-Marduk Fluctus-20170127-Lp,Marduk Fluctus,154.89999999999998,-24.4,2017-01-27,20.0,GW/um/sr filter_integrated_flux_density,Keck/Gemini AO,"de Kleer et al. 2019 AJ Table 5, filter Lp",3.78
dekleer2019-Marduk Fluctus-20170131-Lp,Marduk Fluctus,153.3,-25.4,2017-01-31,18.0,GW/um/sr filter_integrated_flux_density,Keck/Gemini AO,"de Kleer et al. 2019 AJ Table 5, filter Lp",3.78
dekleer2019-Marduk Fluctus-20170205-H2O,Marduk Fluctus,151.8,-27.3,2017-02-05,15.0,GW/um/sr filter_integrated_flux_density,Keck/Gemini AO,"de Kleer et al. 2019 AJ Table 5, filter H2O",3.06
dekleer2019-Marduk Fluctus-20170205-PAH,Marduk Fluctus,151.8,-27.3,2017-02-05,22.0,GW/um/sr filter_integrated_flux_density,Keck/Gemini AO,"de Kleer et al. 2019 AJ Table 5, filter PAH",3.29
dekleer2019-Marduk Fluctus-20170205-Lp,Marduk Fluctus,151.8,-27.3,2017-02-05,27.0,GW/um/sr filter_integrated_flux_density,Keck/Gemini AO,"de Kleer et al. 2019 AJ Table 5, filter Lp",3.78
dekleer2019-Marduk Fluctus-20170205-BrAlphaCont,Marduk Fluctus,151.8,-27.3,2017-02-05,25.0,GW/um/sr filter_integrated_flux_density,Keck/Gemini AO,"de Kleer et al. 2019 AJ Table 5, filter BrAlphaCont",3.99
dekleer2019-Marduk Fluctus-20170205-BrAlpha,Marduk Fluctus,151.8,-27.3,2017-02-05,22.0,GW/um/sr filter_integrated_flux_density,Keck/Gemini AO,"de Kleer et al. 2019 AJ Table 5, filter BrAlpha",4.05
dekleer2019-Marduk Fluctus-20170205-Ms,Marduk Fluctus,151.8,-27.3,2017-02-05,33.0,GW/um/sr filter_integrated_flux_density,Keck/Gemini AO,"de Kleer et al. 2019 AJ Table 5, filter Ms",4.67
dekleer2019-Marduk Fluctus-20170223-Lp,Marduk Fluctus,148.5,-24.6,2017-02-23,8.1,GW/um/sr filter_integrated_flux_density,Keck/Gemini AO,"de Kleer et al. 2019 AJ Table 5, filter Lp",3.78
dekleer2019-Marduk Fluctus-20170304-Lp,Marduk Fluctus,148.10000000000002,-22.3,2017-03-04,7.1,GW/um/sr filter_integrated_flux_density,Keck/Gemini AO,"de Kleer et al. 2019 AJ Table 5, filter Lp",3.78
dekleer2019-Marduk Fluctus-20170403-Lp,Marduk Fluctus,150.60000000000002,-21.0,2017-04-03,7.9,GW/um/sr filter_integrated_flux_density,Keck/Gemini AO,"de Kleer et al. 2019 AJ Table 5, filter Lp",3.78
dekleer2019-Marduk Fluctus-20170505-Lp,Marduk Fluctus,147.2,-22.3,2017-05-05,6.9,GW/um/sr filter_integrated_flux_density,Keck/Gemini AO,"de Kleer et al. 2019 AJ Table 5, filter Lp",3.78
dekleer2019-Marduk Fluctus-20170507-Lp,Marduk Fluctus,144.7,-21.5,2017-05-07,11.0,GW/um/sr filter_integrated_flux_density,Keck/Gemini AO,"de Kleer et al. 2019 AJ Table 5, filter Lp",3.78
dekleer2019-Marduk Fluctus-20170510-Lp,Marduk Fluctus,149.5,-22.9,2017-05-10,12.0,GW/um/sr filter_integrated_flux_density,Keck/Gemini AO,"de Kleer et al. 2019 AJ Table 5, filter Lp",3.78
dekleer2019-Marduk Fluctus-20170512-Lp,Marduk Fluctus,146.8,-23.9,2017-05-12,9.7,GW/um/sr filter_integrated_flux_density,Keck/Gemini AO,"de Kleer et al. 2019 AJ Table 5, filter Lp",3.78
dekleer2019-Marduk Fluctus-20170514-Lp,Marduk Fluctus,146.60000000000002,-25.0,2017-05-14,8.0,GW/um/sr filter_integrated_flux_density,Keck/Gemini AO,"de Kleer et al. 2019 AJ Table 5, filter Lp",3.78
dekleer2019-Marduk Fluctus-20170528-H2O,Marduk Fluctus,144.5,-24.9,2017-05-28,5.6,GW/um/sr filter_integrated_flux_density,Keck/Gemini AO,"de Kleer et al. 2019 AJ Table 5, filter H2O",3.06
dekleer2019-Marduk Fluctus-20170528-PAH,Marduk Fluctus,144.5,-24.9,2017-05-28,8.5,GW/um/sr filter_integrated_flux_density,Keck/Gemini AO,"de Kleer et al. 2019 AJ Table 5, filter PAH",3.29
dekleer2019-Marduk Fluctus-20170528-Lp,Marduk Fluctus,144.5,-24.9,2017-05-28,12.0,GW/um/sr filter_integrated_flux_density,Keck/Gemini AO,"de Kleer et al. 2019 AJ Table 5, filter Lp",3.78
dekleer2019-Marduk Fluctus-20170528-BrAlphaCont,Marduk Fluctus,144.5,-24.9,2017-05-28,18.0,GW/um/sr filter_integrated_flux_density,Keck/Gemini AO,"de Kleer et al. 2019 AJ Table 5, filter BrAlphaCont",3.99
dekleer2019-Marduk Fluctus-20170528-BrAlpha,Marduk Fluctus,144.5,-24.9,2017-05-28,15.0,GW/um/sr filter_integrated_flux_density,Keck/Gemini AO,"de Kleer et al. 2019 AJ Table 5, filter BrAlpha",4.05
dekleer2019-Marduk Fluctus-20170528-Ms,Marduk Fluctus,144.5,-24.9,2017-05-28,20.0,GW/um/sr filter_integrated_flux_density,Keck/Gemini AO,"de Kleer et al. 2019 AJ Table 5, filter Ms",4.67
dekleer2019-Marduk Fluctus-20170530-Lp,Marduk Fluctus,148.5,-21.4,2017-05-30,15.0,GW/um/sr filter_integrated_flux_density,Keck/Gemini AO,"de Kleer et al. 2019 AJ Table 5, filter Lp",3.78
dekleer2019-Marduk Fluctus-20170622-Lp,Marduk Fluctus,145.60000000000002,-23.6,2017-06-22,12.0,GW/um/sr filter_integrated_flux_density,Keck/Gemini AO,"de Kleer et al. 2019 AJ Table 5, filter Lp",3.78
dekleer2019-Marduk Fluctus-20170627-Lp,Marduk Fluctus,147.8,-24.1,2017-06-27,12.0,GW/um/sr filter_integrated_flux_density,Keck/Gemini AO,"de Kleer et al. 2019 AJ Table 5, filter Lp",3.78
dekleer2019-Marduk Fluctus-20170629-Lp,Marduk Fluctus,150.8,-25.6,2017-06-29,12.0,GW/um/sr filter_integrated_flux_density,Keck/Gemini AO,"de Kleer et al. 2019 AJ Table 5, filter Lp",3.78
dekleer2019-Marduk Fluctus-20170704-Lp,Marduk Fluctus,151.3,-20.6,2017-07-04,7.1,GW/um/sr filter_integrated_flux_density,Keck/Gemini AO,"de Kleer et al. 2019 AJ Table 5, filter Lp",3.78
dekleer2019-Marduk Fluctus-20170706-Lp,Marduk Fluctus,145.60000000000002,-20.9,2017-07-06,8.4,GW/um/sr filter_integrated_flux_density,Keck/Gemini AO,"de Kleer et al. 2019 AJ Table 5, filter Lp",3.78
dekleer2019-Marduk Fluctus-20170731-Lp,Marduk Fluctus,141.8,-27.9,2017-07-31,9.2,GW/um/sr filter_integrated_flux_density,Keck/Gemini AO,"de Kleer et al. 2019 AJ Table 5, filter Lp",3.78
dekleer2019-Marduk Fluctus-20170731-BrAlpha,Marduk Fluctus,141.8,-27.9,2017-07-31,6.3,GW/um/sr filter_integrated_flux_density,Keck/Gemini AO,"de Kleer et al. 2019 AJ Table 5, filter BrAlpha",4.05
dekleer2019-Marduk Fluctus-20170731-Ms,Marduk Fluctus,141.8,-27.9,2017-07-31,18.0,GW/um/sr filter_integrated_flux_density,Keck/Gemini AO,"de Kleer et al. 2019 AJ Table 5, filter Ms",4.67
dekleer2019-Marduk Fluctus-20171212-PAH,Marduk Fluctus,147.39999999999998,-24.6,2017-12-12,8.5,GW/um/sr filter_integrated_flux_density,Keck/Gemini AO,"de Kleer et al. 2019 AJ Table 5, filter PAH",3.29
dekleer2019-Marduk Fluctus-20171212-Lp,Marduk Fluctus,147.39999999999998,-24.6,2017-12-12,12.0,GW/um/sr filter_integrated_flux_density,Keck/Gemini AO,"de Kleer et al. 2019 AJ Table 5, filter Lp",3.78
dekleer2019-Marduk Fluctus-20171231-H2O,Marduk Fluctus,151.5,-26.5,2017-12-31,11.0,GW/um/sr filter_integrated_flux_density,Keck/Gemini AO,"de Kleer et al. 2019 AJ Table 5, filter H2O",3.06
dekleer2019-Marduk Fluctus-20171231-PAH,Marduk Fluctus,151.5,-26.5,2017-12-31,13.0,GW/um/sr filter_integrated_flux_density,Keck/Gemini AO,"de Kleer et al. 2019 AJ Table 5, filter PAH",3.29
dekleer2019-Marduk Fluctus-20171231-Lp,Marduk Fluctus,151.5,-26.5,2017-12-31,18.0,GW/um/sr filter_integrated_flux_density,Keck/Gemini AO,"de Kleer et al. 2019 AJ Table 5, filter Lp",3.78
dekleer2019-Marduk Fluctus-20171231-BrAlpha,Marduk Fluctus,151.5,-26.5,2017-12-31,17.0,GW/um/sr filter_integrated_flux_density,Keck/Gemini AO,"de Kleer et al. 2019 AJ Table 5, filter BrAlpha",4.05
dekleer2019-Marduk Fluctus-20171231-Ms,Marduk Fluctus,151.5,-26.5,2017-12-31,27.0,GW/um/sr filter_integrated_flux_density,Keck/Gemini AO,"de Kleer et al. 2019 AJ Table 5, filter Ms",4.67
dekleer2019-Marduk Fluctus-20180102-H2O,Marduk Fluctus,150.3,-26.8,2018-01-02,10.0,GW/um/sr filter_integrated_flux_density,Keck/Gemini AO,"de Kleer et al. 2019 AJ Table 5, filter H2O",3.06
dekleer2019-Marduk Fluctus-20180102-PAH,Marduk Fluctus,150.3,-26.8,2018-01-02,16.0,GW/um/sr filter_integrated_flux_density,Keck/Gemini AO,"de Kleer et al. 2019 AJ Table 5, filter PAH",3.29
dekleer2019-Marduk Fluctus-20180102-Lp,Marduk Fluctus,150.3,-26.8,2018-01-02,20.0,GW/um/sr filter_integrated_flux_density,Keck/Gemini AO,"de Kleer et al. 2019 AJ Table 5, filter Lp",3.78
dekleer2019-Marduk Fluctus-20180102-BrAlphaCont,Marduk Fluctus,150.3,-26.8,2018-01-02,23.0,GW/um/sr filter_integrated_flux_density,Keck/Gemini AO,"de Kleer et al. 2019 AJ Table 5, filter BrAlphaCont",3.99
dekleer2019-Marduk Fluctus-20180102-BrAlpha,Marduk Fluctus,150.3,-26.8,2018-01-02,18.0,GW/um/sr filter_integrated_flux_density,Keck/Gemini AO,"de Kleer et al. 2019 AJ Table 5, filter BrAlpha",4.05
dekleer2019-Marduk Fluctus-20180102-Ms,Marduk Fluctus,150.3,-26.8,2018-01-02,28.0,GW/um/sr filter_integrated_flux_density,Keck/Gemini AO,"de Kleer et al. 2019 AJ Table 5, filter Ms",4.67
dekleer2019-Marduk Fluctus-20180112-Lp,Marduk Fluctus,145.7,-25.3,2018-01-12,19.0,GW/um/sr filter_integrated_flux_density,Keck/Gemini AO,"de Kleer et al. 2019 AJ Table 5, filter Lp",3.78
dekleer2019-Marduk Fluctus-20180112-Ms,Marduk Fluctus,145.7,-25.3,2018-01-12,27.0,GW/um/sr filter_integrated_flux_density,Keck/Gemini AO,"de Kleer et al. 2019 AJ Table 5, filter Ms",4.67
dekleer2019-Marduk Fluctus-20180531-Lp,Marduk Fluctus,147.2,-26.2,2018-05-31,8.7,GW/um/sr filter_integrated_flux_density,Keck/Gemini AO,"de Kleer et al. 2019 AJ Table 5, filter Lp",3.78
dekleer2019-Marduk Fluctus-20180616-Lp,Marduk Fluctus,149.8,-24.9,2018-06-16,12.0,GW/um/sr filter_integrated_flux_density,Keck/Gemini AO,"de Kleer et al. 2019 AJ Table 5, filter Lp",3.78
dekleer2019-Marduk Fluctus-20180618-Lp,Marduk Fluctus,145.8,-23.2,2018-06-18,13.0,GW/um/sr filter_integrated_flux_density,Keck/Gemini AO,"de Kleer et al. 2019 AJ Table 5, filter Lp",3.78
dekleer2019-Marduk Fluctus-20180623-Lp,Marduk Fluctus,147.39999999999998,-25.4,2018-06-23,11.0,GW/um/sr filter_integrated_flux_density,Keck/Gemini AO,"de Kleer et al. 2019 AJ Table 5, filter Lp",3.78
dekleer2019-Marduk Fluctus-20180625-Lp,Marduk Fluctus,146.0,-24.6,2018-06-25,9.8,GW/um/sr filter_integrated_flux_density,Keck/Gemini AO,"de Kleer et al. 2019 AJ Table 5, filter Lp",3.78
dekleer2019-Marduk Fluctus-20180630-Lp,Marduk Fluctus,149.89999999999998,-22.1,2018-06-30,12.0,GW/um/sr filter_integrated_flux_density,Keck/Gemini AO,"de Kleer et al. 2019 AJ Table 5, filter Lp",3.78
dekleer2019-Kurdalagon-20131118-Lp,Kurdalagon,145.10000000000002,-45.3,2013-11-18,2.2,GW/um/sr filter_integrated_flux_density,Keck/Gemini AO,"de Kleer et al. 2019 AJ Table 5, filter Lp",3.78
dekleer2019-Kurdalagon-20131118-Ms,Kurdalagon,145.10000000000002,-45.3,2013-11-18,2.2,GW/um/sr filter_integrated_flux_density,Keck/Gemini AO,"de Kleer et al. 2019 AJ Table 5, filter Ms",4.67
dekleer2019-Kurdalagon-20150126-Kc,Kurdalagon,140.60000000000002,-48.6,2015-01-26,81.0,GW/um/sr filter_integrated_flux_density,Keck/Gemini AO,"de Kleer et al. 2019 AJ Table 5, filter Kc",2.27
dekleer2019-Kurdalagon-20150126-Lp,Kurdalagon,140.60000000000002,-48.6,2015-01-26,56.0,GW/um/sr filter_integrated_flux_density,Keck/Gemini AO,"de Kleer et al. 2019 AJ Table 5, filter Lp",3.78
dekleer2019-Kurdalagon-20150327-Lp,Kurdalagon,140.60000000000002,-50.0,2015-03-27,15.0,GW/um/sr filter_integrated_flux_density,Keck/Gemini AO,"de Kleer et al. 2019 AJ Table 5, filter Lp",3.78
dekleer2019-Kurdalagon-20150329-Lp,Kurdalagon,136.2,-49.6,2015-03-29,14.0,GW/um/sr filter_integrated_flux_density,Keck/Gemini AO,"de Kleer et al. 2019 AJ Table 5, filter Lp",3.78
dekleer2019-Kurdalagon-20150331-H2O,Kurdalagon,135.5,-50.0,2015-03-31,11.0,GW/um/sr filter_integrated_flux_density,Keck/Gemini AO,"de Kleer et al. 2019 AJ Table 5, filter H2O",3.06
dekleer2019-Kurdalagon-20150331-PAH,Kurdalagon,135.5,-50.0,2015-03-31,9.6,GW/um/sr filter_integrated_flux_density,Keck/Gemini AO,"de Kleer et al. 2019 AJ Table 5, filter PAH",3.29
dekleer2019-Kurdalagon-20150331-Lp,Kurdalagon,135.5,-50.0,2015-03-31,6.7,GW/um/sr filter_integrated_flux_density,Keck/Gemini AO,"de Kleer et al. 2019 AJ Table 5, filter Lp",3.78
dekleer2019-Kurdalagon-20150331-Ms,Kurdalagon,135.5,-50.0,2015-03-31,12.0,GW/um/sr filter_integrated_flux_density,Keck/Gemini AO,"de Kleer et al. 2019 AJ Table 5, filter Ms",4.67
dekleer2019-Kurdalagon-20150405-Kc,Kurdalagon,136.3,-47.7,2015-04-05,120.0,GW/um/sr filter_integrated_flux_density,Keck/Gemini AO,"de Kleer et al. 2019 AJ Table 5, filter Kc",2.27
dekleer2019-Kurdalagon-20150405-Lp,Kurdalagon,136.3,-47.7,2015-04-05,68.0,GW/um/sr filter_integrated_flux_density,Keck/Gemini AO,"de Kleer et al. 2019 AJ Table 5, filter Lp",3.78
dekleer2019-Kurdalagon-20150417-Lp,Kurdalagon,135.8,-50.4,2015-04-17,52.0,GW/um/sr filter_integrated_flux_density,Keck/Gemini AO,"de Kleer et al. 2019 AJ Table 5, filter Lp",3.78
dekleer2019-Kurdalagon-20150419-Lp,Kurdalagon,135.60000000000002,-50.0,2015-04-19,36.0,GW/um/sr filter_integrated_flux_density,Keck/Gemini AO,"de Kleer et al. 2019 AJ Table 5, filter Lp",3.78
dekleer2019-Kurdalagon-20150421-Lp,Kurdalagon,136.7,-49.7,2015-04-21,22.0,GW/um/sr filter_integrated_flux_density,Keck/Gemini AO,"de Kleer et al. 2019 AJ Table 5, filter Lp",3.78
dekleer2019-Kurdalagon-20150426-Lp,Kurdalagon,136.3,-49.6,2015-04-26,19.0,GW/um/sr filter_integrated_flux_density,Keck/Gemini AO,"de Kleer et al. 2019 AJ Table 5, filter Lp",3.78
dekleer2019-Kurdalagon-20150505-H2O,Kurdalagon,137.7,-48.4,2015-05-05,12.0,GW/um/sr filter_integrated_flux_density,Keck/Gemini AO,"de Kleer et al. 2019 AJ Table 5, filter H2O",3.06
dekleer2019-Kurdalagon-20150505-PAH,Kurdalagon,137.7,-48.4,2015-05-05,12.0,GW/um/sr filter_integrated_flux_density,Keck/Gemini AO,"de Kleer et al. 2019 AJ Table 5, filter PAH",3.29
dekleer2019-Kurdalagon-20150505-Lp,Kurdalagon,137.7,-48.4,2015-05-05,17.0,GW/um/sr filter_integrated_flux_density,Keck/Gemini AO,"de Kleer et al. 2019 AJ Table 5, filter Lp",3.78
dekleer2019-Kurdalagon-20150505-Ms,Kurdalagon,137.7,-48.4,2015-05-05,32.0,GW/um/sr filter_integrated_flux_density,Keck/Gemini AO,"de Kleer et al. 2019 AJ Table 5, filter Ms",4.67
dekleer2019-Kurdalagon-20160203-Lp,Kurdalagon,143.39999999999998,-49.3,2016-02-03,2.5,GW/um/sr filter_integrated_flux_density,Keck/Gemini AO,"de Kleer et al. 2019 AJ Table 5, filter Lp",3.78
dekleer2019-Kurdalagon-20160219-Lp,Kurdalagon,149.7,-48.6,2016-02-19,2.9,GW/um/sr filter_integrated_flux_density,Keck/Gemini AO,"de Kleer et al. 2019 AJ Table 5, filter Lp",3.78
dekleer2019-Kurdalagon-20160313-Lp,Kurdalagon,146.10000000000002,-48.5,2016-03-13,3.8,GW/um/sr filter_integrated_flux_density,Keck/Gemini AO,"de Kleer et al. 2019 AJ Table 5, filter Lp",3.78
dekleer2019-Kurdalagon-20160430-Lp,Kurdalagon,145.89999999999998,-45.2,2016-04-30,3.5,GW/um/sr filter_integrated_flux_density,Keck/Gemini AO,"de Kleer et al. 2019 AJ Table 5, filter Lp",3.78
dekleer2019-Kurdalagon-20160514-Lp,Kurdalagon,142.7,-47.0,2016-05-14,5.6,GW/um/sr filter_integrated_flux_density,Keck/Gemini AO,"de Kleer et al. 2019 AJ Table 5, filter Lp",3.78
dekleer2019-Kurdalagon-20160516-Lp,Kurdalagon,144.2,-49.3,2016-05-16,4.6,GW/um/sr filter_integrated_flux_density,Keck/Gemini AO,"de Kleer et al. 2019 AJ Table 5, filter Lp",3.78
dekleer2019-Kurdalagon-20160518-Lp,Kurdalagon,142.0,-48.5,2016-05-18,11.0,GW/um/sr filter_integrated_flux_density,Keck/Gemini AO,"de Kleer et al. 2019 AJ Table 5, filter Lp",3.78
dekleer2019-Kurdalagon-20160523-Lp,Kurdalagon,141.89999999999998,-45.7,2016-05-23,8.9,GW/um/sr filter_integrated_flux_density,Keck/Gemini AO,"de Kleer et al. 2019 AJ Table 5, filter Lp",3.78
dekleer2019-Kurdalagon-20160525-Lp,Kurdalagon,139.2,-48.4,2016-05-25,14.0,GW/um/sr filter_integrated_flux_density,Keck/Gemini AO,"de Kleer et al. 2019 AJ Table 5, filter Lp",3.78
dekleer2019-Kurdalagon-20160601-Lp,Kurdalagon,139.8,-45.8,2016-06-01,8.8,GW/um/sr filter_integrated_flux_density,Keck/Gemini AO,"de Kleer et al. 2019 AJ Table 5, filter Lp",3.78
dekleer2019-Kurdalagon-20160608-Lp,Kurdalagon,142.3,-45.1,2016-06-08,5.8,GW/um/sr filter_integrated_flux_density,Keck/Gemini AO,"de Kleer et al. 2019 AJ Table 5, filter Lp",3.78
dekleer2019-Kurdalagon-20161223-Lp,Kurdalagon,143.2,-48.7,2016-12-23,5.3,GW/um/sr filter_integrated_flux_density,Keck/Gemini AO,"de Kleer et al. 2019 AJ Table 5, filter Lp",3.78
dekleer2019-Kurdalagon-20161223-BrAlphaCont,Kurdalagon,143.2,-48.7,2016-12-23,5.7,GW/um/sr filter_integrated_flux_density,Keck/Gemini AO,"de Kleer et al. 2019 AJ Table 5, filter BrAlphaCont",3.99
dekleer2019-Kurdalagon-20161223-BrAlpha,Kurdalagon,143.2,-48.7,2016-12-23,4.5,GW/um/sr filter_integrated_flux_density,Keck/Gemini AO,"de Kleer et al. 2019 AJ Table 5, filter BrAlpha",4.05
dekleer2019-Kurdalagon-20161223-Ms,Kurdalagon,143.2,-48.7,2016-12-23,8.8,GW/um/sr filter_integrated_flux_density,Keck/Gemini AO,"de Kleer et al. 2019 AJ Table 5, filter Ms",4.67
dekleer2019-Kurdalagon-20170104-Lp,Kurdalagon,151.7,-50.0,2017-01-04,7.7,GW/um/sr filter_integrated_flux_density,Keck/Gemini AO,"de Kleer et al. 2019 AJ Table 5, filter Lp",3.78
dekleer2019-Kurdalagon-20170104-BrAlphaCont,Kurdalagon,151.7,-50.0,2017-01-04,7.2,GW/um/sr filter_integrated_flux_density,Keck/Gemini AO,"de Kleer et al. 2019 AJ Table 5, filter BrAlphaCont",3.99
dekleer2019-Kurdalagon-20170104-BrAlpha,Kurdalagon,151.7,-50.0,2017-01-04,4.8,GW/um/sr filter_integrated_flux_density,Keck/Gemini AO,"de Kleer et al. 2019 AJ Table 5, filter BrAlpha",4.05
dekleer2019-Kurdalagon-20170104-Ms,Kurdalagon,151.7,-50.0,2017-01-04,7.7,GW/um/sr filter_integrated_flux_density,Keck/Gemini AO,"de Kleer et al. 2019 AJ Table 5, filter Ms",4.67
dekleer2019-Kurdalagon-20170108-PAH,Kurdalagon,145.3,-50.5,2017-01-08,3.5,GW/um/sr filter_integrated_flux_density,Keck/Gemini AO,"de Kleer et al. 2019 AJ Table 5, filter PAH",3.29
dekleer2019-Kurdalagon-20170108-Lp,Kurdalagon,145.3,-50.5,2017-01-08,5.4,GW/um/sr filter_integrated_flux_density,Keck/Gemini AO,"de Kleer et al. 2019 AJ Table 5, filter Lp",3.78
dekleer2019-Kurdalagon-20170108-BrAlphaCont,Kurdalagon,145.3,-50.5,2017-01-08,5.6,GW/um/sr filter_integrated_flux_density,Keck/Gemini AO,"de Kleer et al. 2019 AJ Table 5, filter BrAlphaCont",3.99
dekleer2019-Kurdalagon-20170108-BrAlpha,Kurdalagon,145.3,-50.5,2017-01-08,5.1,GW/um/sr filter_integrated_flux_density,Keck/Gemini AO,"de Kleer et al. 2019 AJ Table 5, filter BrAlpha",4.05
dekleer2019-Kurdalagon-20170108-Ms,Kurdalagon,145.3,-50.5,2017-01-08,9.5,GW/um/sr filter_integrated_flux_density,Keck/Gemini AO,"de Kleer et al. 2019 AJ Table 5, filter Ms",4.67
dekleer2019-Kurdalagon-20170122-Lp,Kurdalagon,145.8,-45.5,2017-01-22,2.4,GW/um/sr filter_integrated_flux_density,Keck/Gemini AO,"de Kleer et al. 2019 AJ Table 5, filter Lp",3.78
dekleer2019-Kurdalagon-20170124-Lp,Kurdalagon,147.2,-53.0,2017-01-24,6.1,GW/um/sr filter_integrated_flux_density,Keck/Gemini AO,"de Kleer et al. 2019 AJ Table 5, filter Lp",3.78
dekleer2019-Kurdalagon-20170205-Lp,Kurdalagon,146.7,-49.9,2017-02-05,5.3,GW/um/sr filter_integrated_flux_density,Keck/Gemini AO,"de Kleer et al. 2019 AJ Table 5, filter Lp",3.78
dekleer2019-Kurdalagon-20170205-BrAlphaCont,Kurdalagon,146.7,-49.9,2017-02-05,5.8,GW/um/sr filter_integrated_flux_density,Keck/Gemini AO,"de Kleer et al. 2019 AJ Table 5, filter BrAlphaCont",3.99
dekleer2019-Kurdalagon-20170205-BrAlpha,Kurdalagon,146.7,-49.9,2017-02-05,5.7,GW/um/sr filter_integrated_flux_density,Keck/Gemini AO,"de Kleer et al. 2019 AJ Table 5, filter BrAlpha",4.05
dekleer2019-Kurdalagon-20170205-Ms,Kurdalagon,146.7,-49.9,2017-02-05,9.6,GW/um/sr filter_integrated_flux_density,Keck/Gemini AO,"de Kleer et al. 2019 AJ Table 5, filter Ms",4.67
dekleer2019-Kurdalagon-20171212-PAH,Kurdalagon,150.2,-51.3,2017-12-12,13.0,GW/um/sr filter_integrated_flux_density,Keck/Gemini AO,"de Kleer et al. 2019 AJ Table 5, filter PAH",3.29
dekleer2019-Kurdalagon-20171212-Lp,Kurdalagon,150.2,-51.3,2017-12-12,12.0,GW/um/sr filter_integrated_flux_density,Keck/Gemini AO,"de Kleer et al. 2019 AJ Table 5, filter Lp",3.78
dekleer2019-Kurdalagon-20171231-Lp,Kurdalagon,149.7,-51.7,2017-12-31,11.0,GW/um/sr filter_integrated_flux_density,Keck/Gemini AO,"de Kleer et al. 2019 AJ Table 5, filter Lp",3.78
dekleer2019-Kurdalagon-20171231-BrAlpha,Kurdalagon,149.7,-51.7,2017-12-31,9.1,GW/um/sr filter_integrated_flux_density,Keck/Gemini AO,"de Kleer et al. 2019 AJ Table 5, filter BrAlpha",4.05
dekleer2019-Kurdalagon-20171231-Ms,Kurdalagon,149.7,-51.7,2017-12-31,17.0,GW/um/sr filter_integrated_flux_density,Keck/Gemini AO,"de Kleer et al. 2019 AJ Table 5, filter Ms",4.67
dekleer2019-Kurdalagon-20180102-H2O,Kurdalagon,146.39999999999998,-51.5,2018-01-02,4.7,GW/um/sr filter_integrated_flux_density,Keck/Gemini AO,"de Kleer et al. 2019 AJ Table 5, filter H2O",3.06
dekleer2019-Kurdalagon-20180102-PAH,Kurdalagon,146.39999999999998,-51.5,2018-01-02,8.1,GW/um/sr filter_integrated_flux_density,Keck/Gemini AO,"de Kleer et al. 2019 AJ Table 5, filter PAH",3.29
dekleer2019-Kurdalagon-20180102-Lp,Kurdalagon,146.39999999999998,-51.5,2018-01-02,9.9,GW/um/sr filter_integrated_flux_density,Keck/Gemini AO,"de Kleer et al. 2019 AJ Table 5, filter Lp",3.78
dekleer2019-Kurdalagon-20180102-BrAlphaCont,Kurdalagon,146.39999999999998,-51.5,2018-01-02,12.0,GW/um/sr filter_integrated_flux_density,Keck/Gemini AO,"de Kleer et al. 2019 AJ Table 5, filter BrAlphaCont",3.99
dekleer2019-Kurdalagon-20180102-BrAlpha,Kurdalagon,146.39999999999998,-51.5,2018-01-02,9.1,GW/um/sr filter_integrated_flux_density,Keck/Gemini AO,"de Kleer et al. 2019 AJ Table 5, filter BrAlpha",4.05
dekleer2019-Kurdalagon-20180102-Ms,Kurdalagon,146.39999999999998,-51.5,2018-01-02,15.0,GW/um/sr filter_integrated_flux_density,Keck/Gemini AO,"de Kleer et al. 2019 AJ Table 5, filter Ms",4.67
dekleer2019-Kurdalagon-20180531-Lp,Kurdalagon,145.3,-50.4,2018-05-31,4.7,GW/um/sr filter_integrated_flux_density,Keck/Gemini AO,"de Kleer et al. 2019 AJ Table 5, filter Lp",3.78
dekleer2019-Kurdalagon-20180616-Lp,Kurdalagon,148.10000000000002,-46.7,2018-06-16,5.7,GW/um/sr filter_integrated_flux_density,Keck/Gemini AO,"de Kleer et al. 2019 AJ Table 5, filter Lp",3.78
dekleer2019-Kurdalagon-20180623-Lp,Kurdalagon,144.7,-50.8,2018-06-23,7.0,GW/um/sr filter_integrated_flux_density,Keck/Gemini AO,"de Kleer et al. 2019 AJ Table 5, filter Lp",3.78
dekleer2019-Kurdalagon-20180625-Lp,Kurdalagon,142.0,-50.1,2018-06-25,6.9,GW/um/sr filter_integrated_flux_density,Keck/Gemini AO,"de Kleer et al. 2019 AJ Table 5, filter Lp",3.78
dekleer2019-Kurdalagon-20180630-Lp,Kurdalagon,145.2,-45.3,2018-06-30,4.8,GW/um/sr filter_integrated_flux_density,Keck/Gemini AO,"de Kleer et al. 2019 AJ Table 5, filter Lp",3.78
dekleer2019-Unknown-20180102-BrAlphaCont,Unknown,142.2,53.6,2018-01-02,2.9,GW/um/sr filter_integrated_flux_density,Keck/Gemini AO,"de Kleer et al. 2019 AJ Table 5, filter BrAlphaCont",3.99
dekleer2019-Unknown-20180102-BrAlpha,Unknown,142.2,53.6,2018-01-02,2.3,GW/um/sr filter_integrated_flux_density,Keck/Gemini AO,"de Kleer et al. 2019 AJ Table 5, filter BrAlpha",4.05
dekleer2019-Susanoo/Mulungu Paterae-20130820-Lp,Susanoo/Mulungu Paterae,134.0,17.0,2013-08-20,2.9,GW/um/sr filter_integrated_flux_density,Keck/Gemini AO,"de Kleer et al. 2019 AJ Table 5, filter Lp",3.78
dekleer2019-Susanoo/Mulungu Paterae-20130820-Ms,Susanoo/Mulungu Paterae,134.0,17.0,2013-08-20,6.1,GW/um/sr filter_integrated_flux_density,Keck/Gemini AO,"de Kleer et al. 2019 AJ Table 5, filter Ms",4.67
dekleer2019-Susanoo/Mulungu Paterae-20130823-Ms,Susanoo/Mulungu Paterae,138.2,18.2,2013-08-23,5.9,GW/um/sr filter_integrated_flux_density,Keck/Gemini AO,"de Kleer et al. 2019 AJ Table 5, filter Ms",4.67
dekleer2019-Susanoo/Mulungu Paterae-20131118-H2O,Susanoo/Mulungu Paterae,141.8,21.5,2013-11-18,0.62,GW/um/sr filter_integrated_flux_density,Keck/Gemini AO,"de Kleer et al. 2019 AJ Table 5, filter H2O",3.06
dekleer2019-Susanoo/Mulungu Paterae-20131118-PAH,Susanoo/Mulungu Paterae,141.8,21.5,2013-11-18,1.8,GW/um/sr filter_integrated_flux_density,Keck/Gemini AO,"de Kleer et al. 2019 AJ Table 5, filter PAH",3.29
dekleer2019-Susanoo/Mulungu Paterae-20131118-Lp,Susanoo/Mulungu Paterae,141.8,21.5,2013-11-18,3.8,GW/um/sr filter_integrated_flux_density,Keck/Gemini AO,"de Kleer et al. 2019 AJ Table 5, filter Lp",3.78
dekleer2019-Susanoo/Mulungu Paterae-20131118-Ms,Susanoo/Mulungu Paterae,141.8,21.5,2013-11-18,7.8,GW/um/sr filter_integrated_flux_density,Keck/Gemini AO,"de Kleer et al. 2019 AJ Table 5, filter Ms",4.67
dekleer2019-Susanoo/Mulungu Paterae-20131204-Lp,Susanoo/Mulungu Paterae,138.8,20.0,2013-12-04,1.3,GW/um/sr filter_integrated_flux_density,Keck/Gemini AO,"de Kleer et al. 2019 AJ Table 5, filter Lp",3.78
dekleer2019-Susanoo/Mulungu Paterae-20131213-Lp,Susanoo/Mulungu Paterae,139.2,18.9,2013-12-13,1.1,GW/um/sr filter_integrated_flux_density,Keck/Gemini AO,"de Kleer et al. 2019 AJ Table 5, filter Lp",3.78
dekleer2019-Susanoo/Mulungu Paterae-20140208-Lp,Susanoo/Mulungu Paterae,134.3,18.4,2014-02-08,1.6,GW/um/sr filter_integrated_flux_density,Keck/Gemini AO,"de Kleer et al. 2019 AJ Table 5, filter Lp",3.78
dekleer2019-Susanoo/Mulungu Paterae-20140208-Ms,Susanoo/Mulungu Paterae,134.3,18.4,2014-02-08,1.8,GW/um/sr filter_integrated_flux_density,Keck/Gemini AO,"de Kleer et al. 2019 AJ Table 5, filter Ms",4.67
dekleer2019-Susanoo/Mulungu Paterae-20141031-Ms,Susanoo/Mulungu Paterae,139.39999999999998,20.6,2014-10-31,1.1,GW/um/sr filter_integrated_flux_density,Keck/Gemini AO,"de Kleer et al. 2019 AJ Table 5, filter Ms",4.67
dekleer2019-Susanoo/Mulungu Paterae-20150505-Lp,Susanoo/Mulungu Paterae,136.7,16.6,2015-05-05,0.49,GW/um/sr filter_integrated_flux_density,Keck/Gemini AO,"de Kleer et al. 2019 AJ Table 5, filter Lp",3.78
dekleer2019-Susanoo/Mulungu Paterae-20150505-Ms,Susanoo/Mulungu Paterae,136.7,16.6,2015-05-05,0.93,GW/um/sr filter_integrated_flux_density,Keck/Gemini AO,"de Kleer et al. 2019 AJ Table 5, filter Ms",4.67
dekleer2019-Susanoo/Mulungu Paterae-20180102-BrAlphaCont,Susanoo/Mulungu Paterae,139.5,14.5,2018-01-02,1.6,GW/um/sr filter_integrated_flux_density,Keck/Gemini AO,"de Kleer et al. 2019 AJ Table 5, filter BrAlphaCont",3.99
dekleer2019-Susanoo/Mulungu Paterae-20180112-PAH,Susanoo/Mulungu Paterae,141.89999999999998,21.4,2018-01-12,21.0,GW/um/sr filter_integrated_flux_density,Keck/Gemini AO,"de Kleer et al. 2019 AJ Table 5, filter PAH",3.29
dekleer2019-Susanoo/Mulungu Paterae-20180112-Lp,Susanoo/Mulungu Paterae,141.89999999999998,21.4,2018-01-12,20.0,GW/um/sr filter_integrated_flux_density,Keck/Gemini AO,"de Kleer et al. 2019 AJ Table 5, filter Lp",3.78
dekleer2019-Susanoo/Mulungu Paterae-20180112-Ms,Susanoo/Mulungu Paterae,141.89999999999998,21.4,2018-01-12,19.0,GW/um/sr filter_integrated_flux_density,Keck/Gemini AO,"de Kleer et al. 2019 AJ Table 5, filter Ms",4.67
dekleer2019-201308C-20130901-Lp,201308C,133.10000000000002,29.1,2013-09-01,73.0,GW/um/sr filter_integrated_flux_density,Keck/Gemini AO,"de Kleer et al. 2019 AJ Table 5, filter Lp",3.78
dekleer2019-201308C-20130903-Lp,201308C,132.5,28.6,2013-09-03,27.0,GW/um/sr filter_integrated_flux_density,Keck/Gemini AO,"de Kleer et al. 2019 AJ Table 5, filter Lp",3.78
dekleer2019-201308C-20130905-Lp,201308C,132.39999999999998,29.5,2013-09-05,20.0,GW/um/sr filter_integrated_flux_density,Keck/Gemini AO,"de Kleer et al. 2019 AJ Table 5, filter Lp",3.78
dekleer2019-201308C-20130910-Lp,201308C,132.0,28.4,2013-09-10,12.0,GW/um/sr filter_integrated_flux_density,Keck/Gemini AO,"de Kleer et al. 2019 AJ Table 5, filter Lp",3.78
dekleer2019-201308C-20131118-H2O,201308C,131.8,29.4,2013-11-18,1.2,GW/um/sr filter_integrated_flux_density,Keck/Gemini AO,"de Kleer et al. 2019 AJ Table 5, filter H2O",3.06
dekleer2019-201308C-20131118-PAH,201308C,131.8,29.4,2013-11-18,2.4,GW/um/sr filter_integrated_flux_density,Keck/Gemini AO,"de Kleer et al. 2019 AJ Table 5, filter PAH",3.29
dekleer2019-201308C-20131118-Lp,201308C,131.8,29.4,2013-11-18,3.0,GW/um/sr filter_integrated_flux_density,Keck/Gemini AO,"de Kleer et al. 2019 AJ Table 5, filter Lp",3.78
dekleer2019-201308C-20131118-Ms,201308C,131.8,29.4,2013-11-18,4.4,GW/um/sr filter_integrated_flux_density,Keck/Gemini AO,"de Kleer et al. 2019 AJ Table 5, filter Ms",4.67
dekleer2019-201308C-20140208-Lp,201308C,125.5,29.2,2014-02-08,1.6,GW/um/sr filter_integrated_flux_density,Keck/Gemini AO,"de Kleer et al. 2019 AJ Table 5, filter Lp",3.78
dekleer2019-201308C-20140208-Ms,201308C,125.5,29.2,2014-02-08,1.8,GW/um/sr filter_integrated_flux_density,Keck/Gemini AO,"de Kleer et al. 2019 AJ Table 5, filter Ms",4.67
dekleer2019-201308C-20141031-Ms,201308C,128.60000000000002,31.5,2014-10-31,1.8,GW/um/sr filter_integrated_flux_density,Keck/Gemini AO,"de Kleer et al. 2019 AJ Table 5, filter Ms",4.67
dekleer2019-201308C-20141202-Lp,201308C,129.7,27.4,2014-12-02,3.0,GW/um/sr filter_integrated_flux_density,Keck/Gemini AO,"de Kleer et al. 2019 AJ Table 5, filter Lp",3.78
dekleer2019-201308C-20141202-Ms,201308C,129.7,27.4,2014-12-02,2.5,GW/um/sr filter_integrated_flux_density,Keck/Gemini AO,"de Kleer et al. 2019 AJ Table 5, filter Ms",4.67
dekleer2019-201308C-20150505-Lp,201308C,127.60000000000002,28.1,2015-05-05,1.0,GW/um/sr filter_integrated_flux_density,Keck/Gemini AO,"de Kleer et al. 2019 AJ Table 5, filter Lp",3.78
dekleer2019-201308C-20150505-Ms,201308C,127.60000000000002,28.1,2015-05-05,1.5,GW/um/sr filter_integrated_flux_density,Keck/Gemini AO,"de Kleer et al. 2019 AJ Table 5, filter Ms",4.67
dekleer2019-P17-20170108-Lp,P17,131.2,-3.5,2017-01-08,1.8,GW/um/sr filter_integrated_flux_density,Keck/Gemini AO,"de Kleer et al. 2019 AJ Table 5, filter Lp",3.78
dekleer2019-P17-20170108-BrAlphaCont,P17,131.2,-3.5,2017-01-08,1.6,GW/um/sr filter_integrated_flux_density,Keck/Gemini AO,"de Kleer et al. 2019 AJ Table 5, filter BrAlphaCont",3.99
dekleer2019-P17-20170108-BrAlpha,P17,131.2,-3.5,2017-01-08,1.3,GW/um/sr filter_integrated_flux_density,Keck/Gemini AO,"de Kleer et al. 2019 AJ Table 5, filter BrAlpha",4.05
dekleer2019-P13-20170205-H2O,P13,131.60000000000002,13.6,2017-02-05,9.0,GW/um/sr filter_integrated_flux_density,Keck/Gemini AO,"de Kleer et al. 2019 AJ Table 5, filter H2O",3.06
dekleer2019-P13-20170205-PAH,P13,131.60000000000002,13.6,2017-02-05,15.0,GW/um/sr filter_integrated_flux_density,Keck/Gemini AO,"de Kleer et al. 2019 AJ Table 5, filter PAH",3.29
dekleer2019-P13-20170205-Lp,P13,131.60000000000002,13.6,2017-02-05,23.0,GW/um/sr filter_integrated_flux_density,Keck/Gemini AO,"de Kleer et al. 2019 AJ Table 5, filter Lp",3.78
dekleer2019-P13-20170205-BrAlphaCont,P13,131.60000000000002,13.6,2017-02-05,23.0,GW/um/sr filter_integrated_flux_density,Keck/Gemini AO,"de Kleer et al. 2019 AJ Table 5, filter BrAlphaCont",3.99
dekleer2019-P13-20170205-BrAlpha,P13,131.60000000000002,13.6,2017-02-05,21.0,GW/um/sr filter_integrated_flux_density,Keck/Gemini AO,"de Kleer et al. 2019 AJ Table 5, filter BrAlpha",4.05
dekleer2019-P13-20170205-Ms,P13,131.60000000000002,13.6,2017-02-05,34.0,GW/um/sr filter_integrated_flux_density,Keck/Gemini AO,"de Kleer et al. 2019 AJ Table 5, filter Ms",4.67
dekleer2019-P13-20170223-Lp,P13,131.3,13.6,2017-02-23,2.2,GW/um/sr filter_integrated_flux_density,Keck/Gemini AO,"de Kleer et al. 2019 AJ Table 5, filter Lp",3.78
dekleer2019-P13-20170304-Lp,P13,130.7,16.8,2017-03-04,2.2,GW/um/sr filter_integrated_flux_density,Keck/Gemini AO,"de Kleer et al. 2019 AJ Table 5, filter Lp",3.78
dekleer2019-P13-20170528-BrAlphaCont,P13,125.39999999999998,14.1,2017-05-28,1.1,GW/um/sr filter_integrated_flux_density,Keck/Gemini AO,"de Kleer et al. 2019 AJ Table 5, filter BrAlphaCont",3.99
dekleer2019-P13-20170528-BrAlpha,P13,125.39999999999998,14.1,2017-05-28,1.0,GW/um/sr filter_integrated_flux_density,Keck/Gemini AO,"de Kleer et al. 2019 AJ Table 5, filter BrAlpha",4.05
dekleer2019-P13-20170528-Ms,P13,125.39999999999998,14.1,2017-05-28,1.9,GW/um/sr filter_integrated_flux_density,Keck/Gemini AO,"de Kleer et al. 2019 AJ Table 5, filter Ms",4.67
dekleer2019-East Girru-20131204-Lp,East Girru,127.89999999999998,21.3,2013-12-04,5.0,GW/um/sr filter_integrated_flux_density,Keck/Gemini AO,"de Kleer et al. 2019 AJ Table 5, filter Lp",3.78
dekleer2019-East Girru-20131206-Lp,East Girru,125.30000000000001,20.2,2013-12-06,5.4,GW/um/sr filter_integrated_flux_density,Keck/Gemini AO,"de Kleer et al. 2019 AJ Table 5, filter Lp",3.78
dekleer2019-East Girru-20131213-Lp,East Girru,126.5,22.3,2013-12-13,4.6,GW/um/sr filter_integrated_flux_density,Keck/Gemini AO,"de Kleer et al. 2019 AJ Table 5, filter Lp",3.78
dekleer2019-Reiden Patera-20171212-PAH,Reiden Patera,125.10000000000002,-17.0,2017-12-12,6.0,GW/um/sr filter_integrated_flux_density,Keck/Gemini AO,"de Kleer et al. 2019 AJ Table 5, filter PAH",3.29
dekleer2019-Reiden Patera-20171212-Lp,Reiden Patera,125.10000000000002,-17.0,2017-12-12,3.5,GW/um/sr filter_integrated_flux_density,Keck/Gemini AO,"de Kleer et al. 2019 AJ Table 5, filter Lp",3.78
dekleer2019-Reiden Patera-20180102-H2O,Reiden Patera,126.0,-18.9,2018-01-02,2.7,GW/um/sr filter_integrated_flux_density,Keck/Gemini AO,"de Kleer et al. 2019 AJ Table 5, filter H2O",3.06
dekleer2019-Reiden Patera-20180102-PAH,Reiden Patera,126.0,-18.9,2018-01-02,2.6,GW/um/sr filter_integrated_flux_density,Keck/Gemini AO,"de Kleer et al. 2019 AJ Table 5, filter PAH",3.29
dekleer2019-Reiden Patera-20180102-Ms,Reiden Patera,126.0,-18.9,2018-01-02,4.1,GW/um/sr filter_integrated_flux_density,Keck/Gemini AO,"de Kleer et al. 2019 AJ Table 5, filter Ms",4.67
dekleer2019-Pyerun Patera-20131118-Ms,Pyerun Patera,122.89999999999998,-57.7,2013-11-18,4.0,GW/um/sr filter_integrated_flux_density,Keck/Gemini AO,"de Kleer et al. 2019 AJ Table 5, filter Ms",4.67
dekleer2019-SE of Pele-20161223-PAH,SE of Pele,120.0,-34.0,2016-12-23,3.0,GW/um/sr filter_integrated_flux_density,Keck/Gemini AO,"de Kleer et al. 2019 AJ Table 5, filter PAH",3.29
dekleer2019-SE of Pele-20161223-Lp,SE of Pele,120.0,-34.0,2016-12-23,3.3,GW/um/sr filter_integrated_flux_density,Keck/Gemini AO,"de Kleer et al. 2019 AJ Table 5, filter Lp",3.78
dekleer2019-SE of Pele-20161223-BrAlphaCont,SE of Pele,120.0,-34.0,2016-12-23,2.6,GW/um/sr filter_integrated_flux_density,Keck/Gemini AO,"de Kleer et al. 2019 AJ Table 5, filter BrAlphaCont",3.99
dekleer2019-SE of Pele-20161223-BrAlpha,SE of Pele,120.0,-34.0,2016-12-23,2.5,GW/um/sr filter_integrated_flux_density,Keck/Gemini AO,"de Kleer et al. 2019 AJ Table 5, filter BrAlpha",4.05
dekleer2019-SE of Pele-20161223-Ms,SE of Pele,120.0,-34.0,2016-12-23,5.8,GW/um/sr filter_integrated_flux_density,Keck/Gemini AO,"de Kleer et al. 2019 AJ Table 5, filter Ms",4.67
dekleer2019-SE of Pele-20170108-H2O,SE of Pele,121.10000000000002,-35.1,2017-01-08,3.6,GW/um/sr filter_integrated_flux_density,Keck/Gemini AO,"de Kleer et al. 2019 AJ Table 5, filter H2O",3.06
dekleer2019-SE of Pele-20170108-PAH,SE of Pele,121.10000000000002,-35.1,2017-01-08,4.5,GW/um/sr filter_integrated_flux_density,Keck/Gemini AO,"de Kleer et al. 2019 AJ Table 5, filter PAH",3.29
dekleer2019-SE of Pele-20170108-Lp,SE of Pele,121.10000000000002,-35.1,2017-01-08,4.2,GW/um/sr filter_integrated_flux_density,Keck/Gemini AO,"de Kleer et al. 2019 AJ Table 5, filter Lp",3.78
dekleer2019-SE of Pele-20170108-BrAlphaCont,SE of Pele,121.10000000000002,-35.1,2017-01-08,3.9,GW/um/sr filter_integrated_flux_density,Keck/Gemini AO,"de Kleer et al. 2019 AJ Table 5, filter BrAlphaCont",3.99
dekleer2019-SE of Pele-20170108-BrAlpha,SE of Pele,121.10000000000002,-35.1,2017-01-08,3.0,GW/um/sr filter_integrated_flux_density,Keck/Gemini AO,"de Kleer et al. 2019 AJ Table 5, filter BrAlpha",4.05
dekleer2019-SE of Pele-20170108-Ms,SE of Pele,121.10000000000002,-35.1,2017-01-08,5.9,GW/um/sr filter_integrated_flux_density,Keck/Gemini AO,"de Kleer et al. 2019 AJ Table 5, filter Ms",4.67
dekleer2019-SE of Pele-20170115-Lp,SE of Pele,127.5,-30.6,2017-01-15,3.4,GW/um/sr filter_integrated_flux_density,Keck/Gemini AO,"de Kleer et al. 2019 AJ Table 5, filter Lp",3.78
dekleer2019-SE of Pele-20170122-Lp,SE of Pele,123.39999999999998,-34.0,2017-01-22,2.6,GW/um/sr filter_integrated_flux_density,Keck/Gemini AO,"de Kleer et al. 2019 AJ Table 5, filter Lp",3.78
dekleer2019-SE of Pele-20170124-PAH,SE of Pele,120.19999999999999,-36.4,2017-01-24,3.9,GW/um/sr filter_integrated_flux_density,Keck/Gemini AO,"de Kleer et al. 2019 AJ Table 5, filter PAH",3.29
dekleer2019-SE of Pele-20170124-Lp,SE of Pele,120.19999999999999,-36.4,2017-01-24,3.2,GW/um/sr filter_integrated_flux_density,Keck/Gemini AO,"de Kleer et al. 2019 AJ Table 5, filter Lp",3.78
dekleer2019-SE of Pele-20170124-Ms,SE of Pele,120.19999999999999,-36.4,2017-01-24,5.2,GW/um/sr filter_integrated_flux_density,Keck/Gemini AO,"de Kleer et al. 2019 AJ Table 5, filter Ms",4.67
dekleer2019-SE of Pele-20170131-Lp,SE of Pele,120.0,-36.4,2017-01-31,3.3,GW/um/sr filter_integrated_flux_density,Keck/Gemini AO,"de Kleer et al. 2019 AJ Table 5, filter Lp",3.78
dekleer2019-SE of Pele-20170205-Lp,SE of Pele,124.39999999999998,-36.9,2017-02-05,3.4,GW/um/sr filter_integrated_flux_density,Keck/Gemini AO,"de Kleer et al. 2019 AJ Table 5, filter Lp",3.78
dekleer2019-SE of Pele-20170205-BrAlphaCont,SE of Pele,124.39999999999998,-36.9,2017-02-05,3.9,GW/um/sr filter_integrated_flux_density,Keck/Gemini AO,"de Kleer et al. 2019 AJ Table 5, filter BrAlphaCont",3.99
dekleer2019-SE of Pele-20170205-BrAlpha,SE of Pele,124.39999999999998,-36.9,2017-02-05,3.1,GW/um/sr filter_integrated_flux_density,Keck/Gemini AO,"de Kleer et al. 2019 AJ Table 5, filter BrAlpha",4.05
dekleer2019-SE of Pele-20170205-Ms,SE of Pele,124.39999999999998,-36.9,2017-02-05,5.8,GW/um/sr filter_integrated_flux_density,Keck/Gemini AO,"de Kleer et al. 2019 AJ Table 5, filter Ms",4.67
dekleer2019-SE of Pele-20170223-Lp,SE of Pele,121.19999999999999,-36.7,2017-02-23,2.0,GW/um/sr filter_integrated_flux_density,Keck/Gemini AO,"de Kleer et al. 2019 AJ Table 5, filter Lp",3.78
dekleer2019-SE of Pele-20170304-Lp,SE of Pele,124.80000000000001,-41.9,2017-03-04,6.0,GW/um/sr filter_integrated_flux_density,Keck/Gemini AO,"de Kleer et al. 2019 AJ Table 5, filter Lp",3.78
dekleer2019-SE of Pele-20170403-Lp,SE of Pele,123.60000000000002,-30.9,2017-04-03,2.2,GW/um/sr filter_integrated_flux_density,Keck/Gemini AO,"de Kleer et al. 2019 AJ Table 5, filter Lp",3.78
dekleer2019-SE of Pele-20170505-Lp,SE of Pele,121.0,-34.2,2017-05-05,2.4,GW/um/sr filter_integrated_flux_density,Keck/Gemini AO,"de Kleer et al. 2019 AJ Table 5, filter Lp",3.78
dekleer2019-SE of Pele-20170507-Lp,SE of Pele,115.80000000000001,-31.2,2017-05-07,2.9,GW/um/sr filter_integrated_flux_density,Keck/Gemini AO,"de Kleer et al. 2019 AJ Table 5, filter Lp",3.78
dekleer2019-SE of Pele-20170512-Lp,SE of Pele,120.0,-34.5,2017-05-12,4.6,GW/um/sr filter_integrated_flux_density,Keck/Gemini AO,"de Kleer et al. 2019 AJ Table 5, filter Lp",3.78
dekleer2019-SE of Pele-20170514-Lp,SE of Pele,117.19999999999999,-33.4,2017-05-14,2.3,GW/um/sr filter_integrated_flux_density,Keck/Gemini AO,"de Kleer et al. 2019 AJ Table 5, filter Lp",3.78
dekleer2019-SE of Pele-20170528-H2O,SE of Pele,117.80000000000001,-35.1,2017-05-28,2.6,GW/um/sr filter_integrated_flux_density,Keck/Gemini AO,"de Kleer et al. 2019 AJ Table 5, filter H2O",3.06
dekleer2019-SE of Pele-20170528-PAH,SE of Pele,117.80000000000001,-35.1,2017-05-28,3.0,GW/um/sr filter_integrated_flux_density,Keck/Gemini AO,"de Kleer et al. 2019 AJ Table 5, filter PAH",3.29
dekleer2019-SE of Pele-20170528-Lp,SE of Pele,117.80000000000001,-35.1,2017-05-28,4.0,GW/um/sr filter_integrated_flux_density,Keck/Gemini AO,"de Kleer et al. 2019 AJ Table 5, filter Lp",3.78
dekleer2019-SE of Pele-20170528-BrAlphaCont,SE of Pele,117.80000000000001,-35.1,2017-05-28,5.8,GW/um/sr filter_integrated_flux_density,Keck/Gemini AO,"de Kleer et al. 2019 AJ Table 5, filter BrAlphaCont",3.99
dekleer2019-SE of Pele-20170528-BrAlpha,SE of Pele,117.80000000000001,-35.1,2017-05-28,4.6,GW/um/sr filter_integrated_flux_density,Keck/Gemini AO,"de Kleer et al. 2019 AJ Table 5, filter BrAlpha",4.05
dekleer2019-SE of Pele-20170528-Ms,SE of Pele,117.80000000000001,-35.1,2017-05-28,6.6,GW/um/sr filter_integrated_flux_density,Keck/Gemini AO,"de Kleer et al. 2019 AJ Table 5, filter Ms",4.67
dekleer2019-SE of Pele-20170530-Lp,SE of Pele,120.19999999999999,-31.6,2017-05-30,4.1,GW/um/sr filter_integrated_flux_density,Keck/Gemini AO,"de Kleer et al. 2019 AJ Table 5, filter Lp",3.78
dekleer2019-SE of Pele-20170627-Lp,SE of Pele,122.10000000000002,-34.3,2017-06-27,3.3,GW/um/sr filter_integrated_flux_density,Keck/Gemini AO,"de Kleer et al. 2019 AJ Table 5, filter Lp",3.78
dekleer2019-SE of Pele-20170629-Lp,SE of Pele,122.0,-38.4,2017-06-29,3.8,GW/um/sr filter_integrated_flux_density,Keck/Gemini AO,"de Kleer et al. 2019 AJ Table 5, filter Lp",3.78
dekleer2019-SE of Pele-20170706-Lp,SE of Pele,121.60000000000002,-34.2,2017-07-06,2.8,GW/um/sr filter_integrated_flux_density,Keck/Gemini AO,"de Kleer et al. 2019 AJ Table 5, filter Lp",3.78
dekleer2019-SE of Pele-20170731-Lp,SE of Pele,119.0,-38.7,2017-07-31,3.8,GW/um/sr filter_integrated_flux_density,Keck/Gemini AO,"de Kleer et al. 2019 AJ Table 5, filter Lp",3.78
dekleer2019-SE of Pele-20170731-BrAlpha,SE of Pele,119.0,-38.7,2017-07-31,3.1,GW/um/sr filter_integrated_flux_density,Keck/Gemini AO,"de Kleer et al. 2019 AJ Table 5, filter BrAlpha",4.05
dekleer2019-SE of Pele-20170731-Ms,SE of Pele,119.0,-38.7,2017-07-31,8.0,GW/um/sr filter_integrated_flux_density,Keck/Gemini AO,"de Kleer et al. 2019 AJ Table 5, filter Ms",4.67
dekleer2019-SE of Pele-20171212-PAH,SE of Pele,120.69999999999999,-35.5,2017-12-12,5.6,GW/um/sr filter_integrated_flux_density,Keck/Gemini AO,"de Kleer et al. 2019 AJ Table 5, filter PAH",3.29
dekleer2019-SE of Pele-20171212-Lp,SE of Pele,120.69999999999999,-35.5,2017-12-12,5.0,GW/um/sr filter_integrated_flux_density,Keck/Gemini AO,"de Kleer et al. 2019 AJ Table 5, filter Lp",3.78
dekleer2019-SE of Pele-20180102-PAH,SE of Pele,122.80000000000001,-35.1,2018-01-02,4.7,GW/um/sr filter_integrated_flux_density,Keck/Gemini AO,"de Kleer et al. 2019 AJ Table 5, filter PAH",3.29
dekleer2019-SE of Pele-20180102-Lp,SE of Pele,122.80000000000001,-35.1,2018-01-02,6.7,GW/um/sr filter_integrated_flux_density,Keck/Gemini AO,"de Kleer et al. 2019 AJ Table 5, filter Lp",3.78
dekleer2019-SE of Pele-20180102-BrAlphaCont,SE of Pele,122.80000000000001,-35.1,2018-01-02,7.4,GW/um/sr filter_integrated_flux_density,Keck/Gemini AO,"de Kleer et al. 2019 AJ Table 5, filter BrAlphaCont",3.99
dekleer2019-SE of Pele-20180102-BrAlpha,SE of Pele,122.80000000000001,-35.1,2018-01-02,6.6,GW/um/sr filter_integrated_flux_density,Keck/Gemini AO,"de Kleer et al. 2019 AJ Table 5, filter BrAlpha",4.05
dekleer2019-SE of Pele-20180102-Ms,SE of Pele,122.80000000000001,-35.1,2018-01-02,14.0,GW/um/sr filter_integrated_flux_density,Keck/Gemini AO,"de Kleer et al. 2019 AJ Table 5, filter Ms",4.67
dekleer2019-SE of Pele-20180112-Lp,SE of Pele,120.19999999999999,-36.3,2018-01-12,6.7,GW/um/sr filter_integrated_flux_density,Keck/Gemini AO,"de Kleer et al. 2019 AJ Table 5, filter Lp",3.78
dekleer2019-SE of Pele-20180112-Ms,SE of Pele,120.19999999999999,-36.3,2018-01-12,13.0,GW/um/sr filter_integrated_flux_density,Keck/Gemini AO,"de Kleer et al. 2019 AJ Table 5, filter Ms",4.67
dekleer2019-SE of Pele-20180424-Lp,SE of Pele,123.19999999999999,-32.9,2018-04-24,4.1,GW/um/sr filter_integrated_flux_density,Keck/Gemini AO,"de Kleer et al. 2019 AJ Table 5, filter Lp",3.78
dekleer2019-SE of Pele-20180531-Lp,SE of Pele,116.69999999999999,-34.5,2018-05-31,4.2,GW/um/sr filter_integrated_flux_density,Keck/Gemini AO,"de Kleer et al. 2019 AJ Table 5, filter Lp",3.78
dekleer2019-SE of Pele-20180616-Lp,SE of Pele,119.89999999999998,-36.2,2018-06-16,5.9,GW/um/sr filter_integrated_flux_density,Keck/Gemini AO,"de Kleer et al. 2019 AJ Table 5, filter Lp",3.78
dekleer2019-SE of Pele-20180618-Lp,SE of Pele,115.60000000000002,-31.4,2018-06-18,4.6,GW/um/sr filter_integrated_flux_density,Keck/Gemini AO,"de Kleer et al. 2019 AJ Table 5, filter Lp",3.78
dekleer2019-SE of Pele-20180623-Lp,SE of Pele,119.30000000000001,-32.3,2018-06-23,5.4,GW/um/sr filter_integrated_flux_density,Keck/Gemini AO,"de Kleer et al. 2019 AJ Table 5, filter Lp",3.78
dekleer2019-SE of Pele-20180625-Lp,SE of Pele,119.89999999999998,-35.3,2018-06-25,4.3,GW/um/sr filter_integrated_flux_density,Keck/Gemini AO,"de Kleer et al. 2019 AJ Table 5, filter Lp",3.78
dekleer2019-SE of Pele-20180630-Lp,SE of Pele,122.60000000000002,-33.1,2018-06-30,4.5,GW/um/sr filter_integrated_flux_density,Keck/Gemini AO,"de Kleer et al. 2019 AJ Table 5, filter Lp",3.78
dekleer2019-Pillan Patera-20150327-Lp,Pillan Patera,116.80000000000001,-11.8,2015-03-27,7.6,GW/um/sr filter_integrated_flux_density,Keck/Gemini AO,"de Kleer et al. 2019 AJ Table 5, filter Lp",3.78
dekleer2019-Pillan Patera-20150329-Lp,Pillan Patera,114.60000000000002,-12.1,2015-03-29,6.5,GW/um/sr filter_integrated_flux_density,Keck/Gemini AO,"de Kleer et al. 2019 AJ Table 5, filter Lp",3.78
dekleer2019-Pillan Patera-20150331-PAH,Pillan Patera,111.30000000000001,-11.4,2015-03-31,3.1,GW/um/sr filter_integrated_flux_density,Keck/Gemini AO,"de Kleer et al. 2019 AJ Table 5, filter PAH",3.29
dekleer2019-Pillan Patera-20150331-Lp,Pillan Patera,111.30000000000001,-11.4,2015-03-31,6.2,GW/um/sr filter_integrated_flux_density,Keck/Gemini AO,"de Kleer et al. 2019 AJ Table 5, filter Lp",3.78
dekleer2019-Pillan Patera-20150331-Ms,Pillan Patera,111.30000000000001,-11.4,2015-03-31,15.0,GW/um/sr filter_integrated_flux_density,Keck/Gemini AO,"de Kleer et al. 2019 AJ Table 5, filter Ms",4.67
dekleer2019-Pillan Patera-20150405-Lp,Pillan Patera,114.60000000000002,-11.3,2015-04-05,5.3,GW/um/sr filter_integrated_flux_density,Keck/Gemini AO,"de Kleer et al. 2019 AJ Table 5, filter Lp",3.78
dekleer2019-Pillan Patera-20150421-Lp,Pillan Patera,115.39999999999998,-12.1,2015-04-21,4.1,GW/um/sr filter_integrated_flux_density,Keck/Gemini AO,"de Kleer et al. 2019 AJ Table 5, filter Lp",3.78
dekleer2019-Pillan Patera-20150426-Lp,Pillan Patera,115.60000000000002,-11.8,2015-04-26,3.3,GW/um/sr filter_integrated_flux_density,Keck/Gemini AO,"de Kleer et al. 2019 AJ Table 5, filter Lp",3.78
dekleer2019-Pillan Patera-20150505-Lp,Pillan Patera,114.69999999999999,-11.1,2015-05-05,3.7,GW/um/sr filter_integrated_flux_density,Keck/Gemini AO,"de Kleer et al. 2019 AJ Table 5, filter Lp",3.78
dekleer2019-Pillan Patera-20150505-Ms,Pillan Patera,114.69999999999999,-11.1,2015-05-05,11.0,GW/um/sr filter_integrated_flux_density,Keck/Gemini AO,"de Kleer et al. 2019 AJ Table 5, filter Ms",4.67
dekleer2019-Pillan Patera-20170205-H2O,Pillan Patera,119.89999999999998,-12.2,2017-02-05,4.4,GW/um/sr filter_integrated_flux_density,Keck/Gemini AO,"de Kleer et al. 2019 AJ Table 5, filter H2O",3.06
dekleer2019-Pillan Patera-20170205-PAH,Pillan Patera,119.89999999999998,-12.2,2017-02-05,8.9,GW/um/sr filter_integrated_flux_density,Keck/Gemini AO,"de Kleer et al. 2019 AJ Table 5, filter PAH",3.29
dekleer2019-Pillan Patera-20170205-Lp,Pillan Patera,119.89999999999998,-12.2,2017-02-05,9.9,GW/um/sr filter_integrated_flux_density,Keck/Gemini AO,"de Kleer et al. 2019 AJ Table 5, filter Lp",3.78
dekleer2019-Pillan Patera-20170205-BrAlphaCont,Pillan Patera,119.89999999999998,-12.2,2017-02-05,9.3,GW/um/sr filter_integrated_flux_density,Keck/Gemini AO,"de Kleer et al. 2019 AJ Table 5, filter BrAlphaCont",3.99
dekleer2019-Pillan Patera-20170205-BrAlpha,Pillan Patera,119.89999999999998,-12.2,2017-02-05,8.8,GW/um/sr filter_integrated_flux_density,Keck/Gemini AO,"de Kleer et al. 2019 AJ Table 5, filter BrAlpha",4.05
dekleer2019-Pillan Patera-20170205-Ms,Pillan Patera,119.89999999999998,-12.2,2017-02-05,11.0,GW/um/sr filter_integrated_flux_density,Keck/Gemini AO,"de Kleer et al. 2019 AJ Table 5, filter Ms",4.67
dekleer2019-Pillan Patera-20170223-Lp,Pillan Patera,117.39999999999998,-11.5,2017-02-23,27.0,GW/um/sr filter_integrated_flux_density,Keck/Gemini AO,"de Kleer et al. 2019 AJ Table 5, filter Lp",3.78
dekleer2019-Pillan Patera-20170304-Lp,Pillan Patera,119.19999999999999,-9.5,2017-03-04,24.0,GW/um/sr filter_integrated_flux_density,Keck/Gemini AO,"de Kleer et al. 2019 AJ Table 5, filter Lp",3.78
dekleer2019-Pillan Patera-20170306-Lp,Pillan Patera,116.30000000000001,-9.3,2017-03-06,24.0,GW/um/sr filter_integrated_flux_density,Keck/Gemini AO,"de Kleer et al. 2019 AJ Table 5, filter Lp",3.78
dekleer2019-Pillan Patera-20170403-Lp,Pillan Patera,120.39999999999998,-8.1,2017-04-03,4.3,GW/um/sr filter_integrated_flux_density,Keck/Gemini AO,"de Kleer et al. 2019 AJ Table 5, filter Lp",3.78
dekleer2019-Pillan Patera-20170505-Lp,Pillan Patera,116.30000000000001,-10.1,2017-05-05,2.1,GW/um/sr filter_integrated_flux_density,Keck/Gemini AO,"de Kleer et al. 2019 AJ Table 5, filter Lp",3.78
dekleer2019-Pillan Patera-20170507-Lp,Pillan Patera,114.39999999999998,-9.6,2017-05-07,2.3,GW/um/sr filter_integrated_flux_density,Keck/Gemini AO,"de Kleer et al. 2019 AJ Table 5, filter Lp",3.78
dekleer2019-Pillan Patera-20170514-Lp,Pillan Patera,116.39999999999998,-11.3,2017-05-14,1.6,GW/um/sr filter_integrated_flux_density,Keck/Gemini AO,"de Kleer et al. 2019 AJ Table 5, filter Lp",3.78
dekleer2019-Pillan Patera-20170528-Lp,Pillan Patera,114.80000000000001,-10.8,2017-05-28,3.3,GW/um/sr filter_integrated_flux_density,Keck/Gemini AO,"de Kleer et al. 2019 AJ Table 5, filter Lp",3.78
dekleer2019-Pillan Patera-20170528-BrAlphaCont,Pillan Patera,114.80000000000001,-10.8,2017-05-28,5.7,GW/um/sr filter_integrated_flux_density,Keck/Gemini AO,"de Kleer et al. 2019 AJ Table 5, filter BrAlphaCont",3.99
dekleer2019-Pillan Patera-20170528-BrAlpha,Pillan Patera,114.80000000000001,-10.8,2017-05-28,5.1,GW/um/sr filter_integrated_flux_density,Keck/Gemini AO,"de Kleer et al. 2019 AJ Table 5, filter BrAlpha",4.05
dekleer2019-Pillan Patera-20170528-Ms,Pillan Patera,114.80000000000001,-10.8,2017-05-28,9.1,GW/um/sr filter_integrated_flux_density,Keck/Gemini AO,"de Kleer et al. 2019 AJ Table 5, filter Ms",4.67
dekleer2019-Pillan Patera-20170530-Lp,Pillan Patera,120.80000000000001,-7.5,2017-05-30,2.1,GW/um/sr filter_integrated_flux_density,Keck/Gemini AO,"de Kleer et al. 2019 AJ Table 5, filter Lp",3.78
dekleer2019-Pillan Patera-20170629-Lp,Pillan Patera,118.0,-12.7,2017-06-29,1.8,GW/um/sr filter_integrated_flux_density,Keck/Gemini AO,"de Kleer et al. 2019 AJ Table 5, filter Lp",3.78
dekleer2019-Pillan Patera-20170706-Lp,Pillan Patera,122.39999999999998,-9.2,2017-07-06,1.5,GW/um/sr filter_integrated_flux_density,Keck/Gemini AO,"de Kleer et al. 2019 AJ Table 5, filter Lp",3.78
dekleer2019-Pillan Patera-20170731-Lp,Pillan Patera,114.19999999999999,-14.1,2017-07-31,2.3,GW/um/sr filter_integrated_flux_density,Keck/Gemini AO,"de Kleer et al. 2019 AJ Table 5, filter Lp",3.78
dekleer2019-Pillan Patera-20170731-Ms,Pillan Patera,114.19999999999999,-14.1,2017-07-31,7.1,GW/um/sr filter_integrated_flux_density,Keck/Gemini AO,"de Kleer et al. 2019 AJ Table 5, filter Ms",4.67
dekleer2019-Pillan Patera-20180112-Ms,Pillan Patera,116.10000000000002,-10.9,2018-01-12,3.8,GW/um/sr filter_integrated_flux_density,Keck/Gemini AO,"de Kleer et al. 2019 AJ Table 5, filter Ms",4.67
dekleer2019-Chors Patera-20141022-Lp,Chors Patera,114.39999999999998,65.1,2014-10-22,57.0,GW/um/sr filter_integrated_flux_density,Keck/Gemini AO,"de Kleer et al. 2019 AJ Table 5, filter Lp",3.78
dekleer2019-Chors Patera-20141024-Lp,Chors Patera,114.69999999999999,65.1,2014-10-24,35.0,GW/um/sr filter_integrated_flux_density,Keck/Gemini AO,"de Kleer et al. 2019 AJ Table 5, filter Lp",3.78
dekleer2019-Chors Patera-20141031-Lp,Chors Patera,116.19999999999999,66.4,2014-10-31,23.0,GW/um/sr filter_integrated_flux_density,Keck/Gemini AO,"de Kleer et al. 2019 AJ Table 5, filter Lp",3.78
dekleer2019-Chors Patera-20141031-Ms,Chors Patera,116.19999999999999,66.4,2014-10-31,53.0,GW/um/sr filter_integrated_flux_density,Keck/Gemini AO,"de Kleer et al. 2019 AJ Table 5, filter Ms",4.67
dekleer2019-Chors Patera-20141202-Lp,Chors Patera,111.5,63.0,2014-12-02,7.4,GW/um/sr filter_integrated_flux_density,Keck/Gemini AO,"de Kleer et al. 2019 AJ Table 5, filter Lp",3.78
dekleer2019-Chors Patera-20141202-Ms,Chors Patera,111.5,63.0,2014-12-02,14.0,GW/um/sr filter_integrated_flux_density,Keck/Gemini AO,"de Kleer et al. 2019 AJ Table 5, filter Ms",4.67
dekleer2019-Chors Patera-20150331-Ms,Chors Patera,105.5,66.3,2015-03-31,3.0,GW/um/sr filter_integrated_flux_density,Keck/Gemini AO,"de Kleer et al. 2019 AJ Table 5, filter Ms",4.67
dekleer2019-UP 254W-20180510-Kc,UP 254W,108.10000000000002,-36.8,2018-05-10,120.0,GW/um/sr filter_integrated_flux_density,Keck/Gemini AO,"de Kleer et al. 2019 AJ Table 5, filter Kc",2.27
dekleer2019-UP 254W-20180510-Lp,UP 254W,108.10000000000002,-36.8,2018-05-10,130.0,GW/um/sr filter_integrated_flux_density,Keck/Gemini AO,"de Kleer et al. 2019 AJ Table 5, filter Lp",3.78
dekleer2019-UP 254W-20180531-Lp,UP 254W,103.0,-37.3,2018-05-31,2.0,GW/um/sr filter_integrated_flux_density,Keck/Gemini AO,"de Kleer et al. 2019 AJ Table 5, filter Lp",3.78
dekleer2019-Pele-20130820-Lp,Pele,104.89999999999998,-17.4,2013-08-20,2.1,GW/um/sr filter_integrated_flux_density,Keck/Gemini AO,"de Kleer et al. 2019 AJ Table 5, filter Lp",3.78
dekleer2019-Pele-20130820-Ms,Pele,104.89999999999998,-17.4,2013-08-20,3.3,GW/um/sr filter_integrated_flux_density,Keck/Gemini AO,"de Kleer et al. 2019 AJ Table 5, filter Ms",4.67
dekleer2019-Pele-20131118-H2O,Pele,108.39999999999998,-18.1,2013-11-18,0.72,GW/um/sr filter_integrated_flux_density,Keck/Gemini AO,"de Kleer et al. 2019 AJ Table 5, filter H2O",3.06
dekleer2019-Pele-20131118-PAH,Pele,108.39999999999998,-18.1,2013-11-18,1.0,GW/um/sr filter_integrated_flux_density,Keck/Gemini AO,"de Kleer et al. 2019 AJ Table 5, filter PAH",3.29
dekleer2019-Pele-20131118-Lp,Pele,108.39999999999998,-18.1,2013-11-18,2.7,GW/um/sr filter_integrated_flux_density,Keck/Gemini AO,"de Kleer et al. 2019 AJ Table 5, filter Lp",3.78
dekleer2019-Pele-20131118-Ms,Pele,108.39999999999998,-18.1,2013-11-18,3.7,GW/um/sr filter_integrated_flux_density,Keck/Gemini AO,"de Kleer et al. 2019 AJ Table 5, filter Ms",4.67
dekleer2019-Pele-20140208-Lp,Pele,102.69999999999999,-17.6,2014-02-08,2.2,GW/um/sr filter_integrated_flux_density,Keck/Gemini AO,"de Kleer et al. 2019 AJ Table 5, filter Lp",3.78
dekleer2019-Pele-20140208-Ms,Pele,102.69999999999999,-17.6,2014-02-08,2.5,GW/um/sr filter_integrated_flux_density,Keck/Gemini AO,"de Kleer et al. 2019 AJ Table 5, filter Ms",4.67
dekleer2019-Pele-20141031-Lp,Pele,106.89999999999998,-18.1,2014-10-31,2.7,GW/um/sr filter_integrated_flux_density,Keck/Gemini AO,"de Kleer et al. 2019 AJ Table 5, filter Lp",3.78
dekleer2019-Pele-20141031-Ms,Pele,106.89999999999998,-18.1,2014-10-31,3.3,GW/um/sr filter_integrated_flux_density,Keck/Gemini AO,"de Kleer et al. 2019 AJ Table 5, filter Ms",4.67
dekleer2019-Pele-20141202-H2O,Pele,106.39999999999998,-20.3,2014-12-02,1.1,GW/um/sr filter_integrated_flux_density,Keck/Gemini AO,"de Kleer et al. 2019 AJ Table 5, filter H2O",3.06
dekleer2019-Pele-20141202-Lp,Pele,106.39999999999998,-20.3,2014-12-02,3.4,GW/um/sr filter_integrated_flux_density,Keck/Gemini AO,"de Kleer et al. 2019 AJ Table 5, filter Lp",3.78
dekleer2019-Pele-20141202-Ms,Pele,106.39999999999998,-20.3,2014-12-02,4.6,GW/um/sr filter_integrated_flux_density,Keck/Gemini AO,"de Kleer et al. 2019 AJ Table 5, filter Ms",4.67
dekleer2019-Pele-20150126-Lp,Pele,104.80000000000001,-19.2,2015-01-26,0.34,GW/um/sr filter_integrated_flux_density,Keck/Gemini AO,"de Kleer et al. 2019 AJ Table 5, filter Lp",3.78
dekleer2019-Pele-20150331-H2O,Pele,99.80000000000001,-19.4,2015-03-31,0.8,GW/um/sr filter_integrated_flux_density,Keck/Gemini AO,"de Kleer et al. 2019 AJ Table 5, filter H2O",3.06
dekleer2019-Pele-20150331-PAH,Pele,99.80000000000001,-19.4,2015-03-31,1.1,GW/um/sr filter_integrated_flux_density,Keck/Gemini AO,"de Kleer et al. 2019 AJ Table 5, filter PAH",3.29
dekleer2019-Pele-20150331-Lp,Pele,99.80000000000001,-19.4,2015-03-31,1.1,GW/um/sr filter_integrated_flux_density,Keck/Gemini AO,"de Kleer et al. 2019 AJ Table 5, filter Lp",3.78
dekleer2019-Pele-20150331-Ms,Pele,99.80000000000001,-19.4,2015-03-31,1.7,GW/um/sr filter_integrated_flux_density,Keck/Gemini AO,"de Kleer et al. 2019 AJ Table 5, filter Ms",4.67
dekleer2019-Pele-20150419-Lp,Pele,101.80000000000001,-16.7,2015-04-19,7.0,GW/um/sr filter_integrated_flux_density,Keck/Gemini AO,"de Kleer et al. 2019 AJ Table 5, filter Lp",3.78
dekleer2019-Pele-20150505-Lp,Pele,102.10000000000002,-19.2,2015-05-05,1.5,GW/um/sr filter_integrated_flux_density,Keck/Gemini AO,"de Kleer et al. 2019 AJ Table 5, filter Lp",3.78
dekleer2019-Pele-20151123-Ms,Pele,103.30000000000001,-17.3,2015-11-23,4.1,GW/um/sr filter_integrated_flux_density,Keck/Gemini AO,"de Kleer et al. 2019 AJ Table 5, filter Ms",4.67
dekleer2019-Pele-20160221-Lp,Pele,106.80000000000001,-18.2,2016-02-21,1.3,GW/um/sr filter_integrated_flux_density,Keck/Gemini AO,"de Kleer et al. 2019 AJ Table 5, filter Lp",3.78
dekleer2019-Pele-20161223-BrAlpha,Pele,106.30000000000001,-17.8,2016-12-23,2.5,GW/um/sr filter_integrated_flux_density,Keck/Gemini AO,"de Kleer et al. 2019 AJ Table 5, filter BrAlpha",4.05
dekleer2019-Pele-20161223-Ms,Pele,106.30000000000001,-17.8,2016-12-23,2.5,GW/um/sr filter_integrated_flux_density,Keck/Gemini AO,"de Kleer et al. 2019 AJ Table 5, filter Ms",4.67
dekleer2019-Pele-20170103-Lp,Pele,104.60000000000002,-17.8,2017-01-03,3.5,GW/um/sr filter_integrated_flux_density,Keck/Gemini AO,"de Kleer et al. 2019 AJ Table 5, filter Lp",3.78
dekleer2019-Pele-20170103-BrAlpha,Pele,104.60000000000002,-17.8,2017-01-03,7.2,GW/um/sr filter_integrated_flux_density,Keck/Gemini AO,"de Kleer et al. 2019 AJ Table 5, filter BrAlpha",4.05
dekleer2019-Pele-20170103-Ms,Pele,104.60000000000002,-17.8,2017-01-03,6.4,GW/um/sr filter_integrated_flux_density,Keck/Gemini AO,"de Kleer et al. 2019 AJ Table 5, filter Ms",4.67
dekleer2019-Pele-20170108-Lp,Pele,106.60000000000002,-18.2,2017-01-08,1.6,GW/um/sr filter_integrated_flux_density,Keck/Gemini AO,"de Kleer et al. 2019 AJ Table 5, filter Lp",3.78
dekleer2019-Pele-20170108-BrAlphaCont,Pele,106.60000000000002,-18.2,2017-01-08,1.6,GW/um/sr filter_integrated_flux_density,Keck/Gemini AO,"de Kleer et al. 2019 AJ Table 5, filter BrAlphaCont",3.99
dekleer2019-Pele-20170108-BrAlpha,Pele,106.60000000000002,-18.2,2017-01-08,2.3,GW/um/sr filter_integrated_flux_density,Keck/Gemini AO,"de Kleer et al. 2019 AJ Table 5, filter BrAlpha",4.05
dekleer2019-Pele-20170108-Ms,Pele,106.60000000000002,-18.2,2017-01-08,2.9,GW/um/sr filter_integrated_flux_density,Keck/Gemini AO,"de Kleer et al. 2019 AJ Table 5, filter Ms",4.67
dekleer2019-Pele-20170124-Lp,Pele,105.80000000000001,-19.4,2017-01-24,2.6,GW/um/sr filter_integrated_flux_density,Keck/Gemini AO,"de Kleer et al. 2019 AJ Table 5, filter Lp",3.78
dekleer2019-Pele-20170124-Ms,Pele,105.80000000000001,-19.4,2017-01-24,3.2,GW/um/sr filter_integrated_flux_density,Keck/Gemini AO,"de Kleer et al. 2019 AJ Table 5, filter Ms",4.67
dekleer2019-Pele-20170528-PAH,Pele,101.0,-19.2,2017-05-28,0.92,GW/um/sr filter_integrated_flux_density,Keck/Gemini AO,"de Kleer et al. 2019 AJ Table 5, filter PAH",3.29
dekleer2019-Pele-20170528-Lp,Pele,101.0,-19.2,2017-05-28,2.0,GW/um/sr filter_integrated_flux_density,Keck/Gemini AO,"de Kleer et al. 2019 AJ Table 5, filter Lp",3.78
dekleer2019-Pele-20170528-BrAlphaCont,Pele,101.0,-19.2,2017-05-28,3.4,GW/um/sr filter_integrated_flux_density,Keck/Gemini AO,"de Kleer et al. 2019 AJ Table 5, filter BrAlphaCont",3.99
dekleer2019-Pele-20170528-BrAlpha,Pele,101.0,-19.2,2017-05-28,3.6,GW/um/sr filter_integrated_flux_density,Keck/Gemini AO,"de Kleer et al. 2019 AJ Table 5, filter BrAlpha",4.05
dekleer2019-Pele-20170528-Ms,Pele,101.0,-19.2,2017-05-28,3.2,GW/um/sr filter_integrated_flux_density,Keck/Gemini AO,"de Kleer et al. 2019 AJ Table 5, filter Ms",4.67
dekleer2019-Pele-20170731-BrAlphaCont,Pele,103.30000000000001,-19.9,2017-07-31,2.0,GW/um/sr filter_integrated_flux_density,Keck/Gemini AO,"de Kleer et al. 2019 AJ Table 5, filter BrAlphaCont",3.99
dekleer2019-Pele-20170731-BrAlpha,Pele,103.30000000000001,-19.9,2017-07-31,2.3,GW/um/sr filter_integrated_flux_density,Keck/Gemini AO,"de Kleer et al. 2019 AJ Table 5, filter BrAlpha",4.05
dekleer2019-Pele-20171212-Lp,Pele,105.39999999999998,-18.6,2017-12-12,1.1,GW/um/sr filter_integrated_flux_density,Keck/Gemini AO,"de Kleer et al. 2019 AJ Table 5, filter Lp",3.78
dekleer2019-Pele-20180112-Lp,Pele,104.0,-19.3,2018-01-12,1.6,GW/um/sr filter_integrated_flux_density,Keck/Gemini AO,"de Kleer et al. 2019 AJ Table 5, filter Lp",3.78
dekleer2019-Pele-20180112-Ms,Pele,104.0,-19.3,2018-01-12,2.4,GW/um/sr filter_integrated_flux_density,Keck/Gemini AO,"de Kleer et al. 2019 AJ Table 5, filter Ms",4.67
dekleer2019-Shakuru Patera-20180424-Lp,Shakuru Patera,99.69999999999999,27.9,2018-04-24,3.9,GW/um/sr filter_integrated_flux_density,Keck/Gemini AO,"de Kleer et al. 2019 AJ Table 5, filter Lp",3.78
dekleer2019-Shakuru Patera-20180531-Lp,Shakuru Patera,96.80000000000001,21.7,2018-05-31,1.5,GW/um/sr filter_integrated_flux_density,Keck/Gemini AO,"de Kleer et al. 2019 AJ Table 5, filter Lp",3.78
dekleer2019-Mithra Patera-20150110-Lp,Mithra Patera,95.69999999999999,-59.8,2015-01-10,55.0,GW/um/sr filter_integrated_flux_density,Keck/Gemini AO,"de Kleer et al. 2019 AJ Table 5, filter Lp",3.78
dekleer2019-Mithra Patera-20150112-Lp,Mithra Patera,90.39999999999998,-57.7,2015-01-12,13.0,GW/um/sr filter_integrated_flux_density,Keck/Gemini AO,"de Kleer et al. 2019 AJ Table 5, filter Lp",3.78
dekleer2019-Mithra Patera-20150112-Ms,Mithra Patera,90.39999999999998,-57.7,2015-01-12,20.0,GW/um/sr filter_integrated_flux_density,Keck/Gemini AO,"de Kleer et al. 2019 AJ Table 5, filter Ms",4.67
dekleer2019-Mithra Patera-20150115-Lp,Mithra Patera,96.5,-57.3,2015-01-15,8.5,GW/um/sr filter_integrated_flux_density,Keck/Gemini AO,"de Kleer et al. 2019 AJ Table 5, filter Lp",3.78
dekleer2019-Mithra Patera-20150331-Ms,Mithra Patera,93.10000000000002,-58.3,2015-03-31,3.1,GW/um/sr filter_integrated_flux_density,Keck/Gemini AO,"de Kleer et al. 2019 AJ Table 5, filter Ms",4.67
dekleer2019-Svarog Patera-20161223-Ms,Svarog Patera,90.69999999999999,-52.9,2016-12-23,5.1,GW/um/sr filter_integrated_flux_density,Keck/Gemini AO,"de Kleer et al. 2019 AJ Table 5, filter Ms",4.67
dekleer2019-Svarog Patera-20170108-Ms,Svarog Patera,93.39999999999998,-51.0,2017-01-08,2.5,GW/um/sr filter_integrated_flux_density,Keck/Gemini AO,"de Kleer et al. 2019 AJ Table 5, filter Ms",4.67
dekleer2019-Svarog Patera-20170528-Ms,Svarog Patera,84.5,-51.6,2017-05-28,4.9,GW/um/sr filter_integrated_flux_density,Keck/Gemini AO,"de Kleer et al. 2019 AJ Table 5, filter Ms",4.67
dekleer2019-Daedalus Patera-20160511-Lp,Daedalus Patera,85.30000000000001,19.1,2016-05-11,2.8,GW/um/sr filter_integrated_flux_density,Keck/Gemini AO,"de Kleer et al. 2019 AJ Table 5, filter Lp",3.78
dekleer2019-Daedalus Patera-20170124-Lp,Daedalus Patera,85.10000000000002,18.7,2017-01-24,0.97,GW/um/sr filter_integrated_flux_density,Keck/Gemini AO,"de Kleer et al. 2019 AJ Table 5, filter Lp",3.78
dekleer2019-Daedalus Patera-20170124-Ms,Daedalus Patera,85.10000000000002,18.7,2017-01-24,2.1,GW/um/sr filter_integrated_flux_density,Keck/Gemini AO,"de Kleer et al. 2019 AJ Table 5, filter Ms",4.67
dekleer2019-Daedalus Patera-20170701-Lp,Daedalus Patera,86.10000000000002,18.7,2017-07-01,5.0,GW/um/sr filter_integrated_flux_density,Keck/Gemini AO,"de Kleer et al. 2019 AJ Table 5, filter Lp",3.78
dekleer2019-Daedalus Patera-20170708-Lp,Daedalus Patera,87.69999999999999,16.8,2017-07-08,2.0,GW/um/sr filter_integrated_flux_density,Keck/Gemini AO,"de Kleer et al. 2019 AJ Table 5, filter Lp",3.78
dekleer2019-Daedalus Patera-20180112-Lp,Daedalus Patera,86.69999999999999,18.1,2018-01-12,2.2,GW/um/sr filter_integrated_flux_density,Keck/Gemini AO,"de Kleer et al. 2019 AJ Table 5, filter Lp",3.78
dekleer2019-Daedalus Patera-20180112-Ms,Daedalus Patera,86.69999999999999,18.1,2018-01-12,4.3,GW/um/sr filter_integrated_flux_density,Keck/Gemini AO,"de Kleer et al. 2019 AJ Table 5, filter Ms",4.67
dekleer2019-PV59-20140208-Lp,PV59,70.5,-38.6,2014-02-08,16.0,GW/um/sr filter_integrated_flux_density,Keck/Gemini AO,"de Kleer et al. 2019 AJ Table 5, filter Lp",3.78
dekleer2019-PV59-20140208-Ms,PV59,70.5,-38.6,2014-02-08,17.0,GW/um/sr filter_integrated_flux_density,Keck/Gemini AO,"de Kleer et al. 2019 AJ Table 5, filter Ms",4.67
dekleer2019-PV59-20140210-PAH,PV59,69.39999999999998,-38.3,2014-02-10,13.0,GW/um/sr filter_integrated_flux_density,Keck/Gemini AO,"de Kleer et al. 2019 AJ Table 5, filter PAH",3.29
dekleer2019-PV59-20140210-Lp,PV59,69.39999999999998,-38.3,2014-02-10,18.0,GW/um/sr filter_integrated_flux_density,Keck/Gemini AO,"de Kleer et al. 2019 AJ Table 5, filter Lp",3.78
dekleer2019-PV59-20140210-Ms,PV59,69.39999999999998,-38.3,2014-02-10,21.0,GW/um/sr filter_integrated_flux_density,Keck/Gemini AO,"de Kleer et al. 2019 AJ Table 5, filter Ms",4.67
dekleer2019-PV59-20140312-Lp,PV59,67.60000000000002,-42.2,2014-03-12,7.9,GW/um/sr filter_integrated_flux_density,Keck/Gemini AO,"de Kleer et al. 2019 AJ Table 5, filter Lp",3.78
dekleer2019-PV59-20141031-Lp,PV59,73.5,-37.9,2014-10-31,4.7,GW/um/sr filter_integrated_flux_density,Keck/Gemini AO,"de Kleer et al. 2019 AJ Table 5, filter Lp",3.78
dekleer2019-PV59-20141031-Ms,PV59,73.5,-37.9,2014-10-31,3.2,GW/um/sr filter_integrated_flux_density,Keck/Gemini AO,"de Kleer et al. 2019 AJ Table 5, filter Ms",4.67
dekleer2019-PV59-20141202-Ms,PV59,70.89999999999998,-37.0,2014-12-02,1.9,GW/um/sr filter_integrated_flux_density,Keck/Gemini AO,"de Kleer et al. 2019 AJ Table 5, filter Ms",4.67
dekleer2019-PV59-20150331-PAH,PV59,66.39999999999998,-37.0,2015-03-31,1.1,GW/um/sr filter_integrated_flux_density,Keck/Gemini AO,"de Kleer et al. 2019 AJ Table 5, filter PAH",3.29
dekleer2019-PV59-20150331-Lp,PV59,66.39999999999998,-37.0,2015-03-31,1.5,GW/um/sr filter_integrated_flux_density,Keck/Gemini AO,"de Kleer et al. 2019 AJ Table 5, filter Lp",3.78
dekleer2019-PV59-20150331-Ms,PV59,66.39999999999998,-37.0,2015-03-31,1.7,GW/um/sr filter_integrated_flux_density,Keck/Gemini AO,"de Kleer et al. 2019 AJ Table 5, filter Ms",4.67
dekleer2019-PV59-20150402-Ms,PV59,69.39999999999998,-38.4,2015-04-02,2.5,GW/um/sr filter_integrated_flux_density,Keck/Gemini AO,"de Kleer et al. 2019 AJ Table 5, filter Ms",4.67
dekleer2019-PV59-20151225-H2O,PV59,74.10000000000002,-38.8,2015-12-25,4.3,GW/um/sr filter_integrated_flux_density,Keck/Gemini AO,"de Kleer et al. 2019 AJ Table 5, filter H2O",3.06
dekleer2019-PV59-20151225-PAH,PV59,74.10000000000002,-38.8,2015-12-25,5.3,GW/um/sr filter_integrated_flux_density,Keck/Gemini AO,"de Kleer et al. 2019 AJ Table 5, filter PAH",3.29
dekleer2019-PV59-20151225-Lp,PV59,74.10000000000002,-38.8,2015-12-25,7.1,GW/um/sr filter_integrated_flux_density,Keck/Gemini AO,"de Kleer et al. 2019 AJ Table 5, filter Lp",3.78
dekleer2019-PV59-20151225-Ms,PV59,74.10000000000002,-38.8,2015-12-25,12.0,GW/um/sr filter_integrated_flux_density,Keck/Gemini AO,"de Kleer et al. 2019 AJ Table 5, filter Ms",4.67
dekleer2019-PV59-20161223-BrAlphaCont,PV59,71.19999999999999,-39.0,2016-12-23,4.5,GW/um/sr filter_integrated_flux_density,Keck/Gemini AO,"de Kleer et al. 2019 AJ Table 5, filter BrAlphaCont",3.99
dekleer2019-PV59-20161223-BrAlpha,PV59,71.19999999999999,-39.0,2016-12-23,3.2,GW/um/sr filter_integrated_flux_density,Keck/Gemini AO,"de Kleer et al. 2019 AJ Table 5, filter BrAlpha",4.05
dekleer2019-PV59-20161223-Ms,PV59,71.19999999999999,-39.0,2016-12-23,7.7,GW/um/sr filter_integrated_flux_density,Keck/Gemini AO,"de Kleer et al. 2019 AJ Table 5, filter Ms",4.67
dekleer2019-PV59-20170103-Lp,PV59,71.10000000000002,-38.4,2017-01-03,2.9,GW/um/sr filter_integrated_flux_density,Keck/Gemini AO,"de Kleer et al. 2019 AJ Table 5, filter Lp",3.78
dekleer2019-PV59-20170103-BrAlphaCont,PV59,71.10000000000002,-38.4,2017-01-03,4.0,GW/um/sr filter_integrated_flux_density,Keck/Gemini AO,"de Kleer et al. 2019 AJ Table 5, filter BrAlphaCont",3.99
dekleer2019-PV59-20170103-BrAlpha,PV59,71.10000000000002,-38.4,2017-01-03,4.6,GW/um/sr filter_integrated_flux_density,Keck/Gemini AO,"de Kleer et al. 2019 AJ Table 5, filter BrAlpha",4.05
dekleer2019-PV59-20170103-Ms,PV59,71.10000000000002,-38.4,2017-01-03,6.3,GW/um/sr filter_integrated_flux_density,Keck/Gemini AO,"de Kleer et al. 2019 AJ Table 5, filter Ms",4.67
dekleer2019-PV59-20170108-Lp,PV59,74.89999999999998,-38.4,2017-01-08,3.0,GW/um/sr filter_integrated_flux_density,Keck/Gemini AO,"de Kleer et al. 2019 AJ Table 5, filter Lp",3.78
dekleer2019-PV59-20170108-BrAlphaCont,PV59,74.89999999999998,-38.4,2017-01-08,3.1,GW/um/sr filter_integrated_flux_density,Keck/Gemini AO,"de Kleer et al. 2019 AJ Table 5, filter BrAlphaCont",3.99
dekleer2019-PV59-20170108-BrAlpha,PV59,74.89999999999998,-38.4,2017-01-08,2.2,GW/um/sr filter_integrated_flux_density,Keck/Gemini AO,"de Kleer et al. 2019 AJ Table 5, filter BrAlpha",4.05
dekleer2019-PV59-20170108-Ms,PV59,74.89999999999998,-38.4,2017-01-08,5.6,GW/um/sr filter_integrated_flux_density,Keck/Gemini AO,"de Kleer et al. 2019 AJ Table 5, filter Ms",4.67
dekleer2019-PV59-20170124-Lp,PV59,73.0,-39.5,2017-01-24,2.4,GW/um/sr filter_integrated_flux_density,Keck/Gemini AO,"de Kleer et al. 2019 AJ Table 5, filter Lp",3.78
dekleer2019-PV59-20170124-Ms,PV59,73.0,-39.5,2017-01-24,4.6,GW/um/sr filter_integrated_flux_density,Keck/Gemini AO,"de Kleer et al. 2019 AJ Table 5, filter Ms",4.67
dekleer2019-PV59-20170507-Lp,PV59,68.10000000000002,-35.4,2017-05-07,3.4,GW/um/sr filter_integrated_flux_density,Keck/Gemini AO,"de Kleer et al. 2019 AJ Table 5, filter Lp",3.78
dekleer2019-PV59-20170514-Lp,PV59,71.69999999999999,-35.8,2017-05-14,3.9,GW/um/sr filter_integrated_flux_density,Keck/Gemini AO,"de Kleer et al. 2019 AJ Table 5, filter Lp",3.78
dekleer2019-PV59-20170523-Lp,PV59,66.0,-33.6,2017-05-23,6.8,GW/um/sr filter_integrated_flux_density,Keck/Gemini AO,"de Kleer et al. 2019 AJ Table 5, filter Lp",3.78
dekleer2019-PV59-20170525-Lp,PV59,66.69999999999999,-37.4,2017-05-25,13.0,GW/um/sr filter_integrated_flux_density,Keck/Gemini AO,"de Kleer et al. 2019 AJ Table 5, filter Lp",3.78
dekleer2019-PV59-20170528-PAH,PV59,66.30000000000001,-37.2,2017-05-28,13.0,GW/um/sr filter_integrated_flux_density,Keck/Gemini AO,"de Kleer et al. 2019 AJ Table 5, filter PAH",3.29
dekleer2019-PV59-20170528-Lp,PV59,66.30000000000001,-37.2,2017-05-28,13.0,GW/um/sr filter_integrated_flux_density,Keck/Gemini AO,"de Kleer et al. 2019 AJ Table 5, filter Lp",3.78
dekleer2019-PV59-20170528-BrAlphaCont,PV59,66.30000000000001,-37.2,2017-05-28,19.0,GW/um/sr filter_integrated_flux_density,Keck/Gemini AO,"de Kleer et al. 2019 AJ Table 5, filter BrAlphaCont",3.99
dekleer2019-PV59-20170528-BrAlpha,PV59,66.30000000000001,-37.2,2017-05-28,15.0,GW/um/sr filter_integrated_flux_density,Keck/Gemini AO,"de Kleer et al. 2019 AJ Table 5, filter BrAlpha",4.05
dekleer2019-PV59-20170528-Ms,PV59,66.30000000000001,-37.2,2017-05-28,18.0,GW/um/sr filter_integrated_flux_density,Keck/Gemini AO,"de Kleer et al. 2019 AJ Table 5, filter Ms",4.67
dekleer2019-PV59-20170530-Lp,PV59,72.80000000000001,-34.7,2017-05-30,8.3,GW/um/sr filter_integrated_flux_density,Keck/Gemini AO,"de Kleer et al. 2019 AJ Table 5, filter Lp",3.78
dekleer2019-PV59-20170615-Lp,PV59,67.39999999999998,-37.6,2017-06-15,3.3,GW/um/sr filter_integrated_flux_density,Keck/Gemini AO,"de Kleer et al. 2019 AJ Table 5, filter Lp",3.78
dekleer2019-PV59-20170731-BrAlphaCont,PV59,66.89999999999998,-38.5,2017-07-31,2.0,GW/um/sr filter_integrated_flux_density,Keck/Gemini AO,"de Kleer et al. 2019 AJ Table 5, filter BrAlphaCont",3.99
dekleer2019-PV59-20170731-BrAlpha,PV59,66.89999999999998,-38.5,2017-07-31,1.9,GW/um/sr filter_integrated_flux_density,Keck/Gemini AO,"de Kleer et al. 2019 AJ Table 5, filter BrAlpha",4.05
dekleer2019-PV59-20170731-Ms,PV59,66.89999999999998,-38.5,2017-07-31,5.9,GW/um/sr filter_integrated_flux_density,Keck/Gemini AO,"de Kleer et al. 2019 AJ Table 5, filter Ms",4.67
dekleer2019-PV59-20180112-Lp,PV59,71.10000000000002,-38.2,2018-01-12,2.5,GW/um/sr filter_integrated_flux_density,Keck/Gemini AO,"de Kleer et al. 2019 AJ Table 5, filter Lp",3.78
dekleer2019-PV59-20180112-Ms,PV59,71.10000000000002,-38.2,2018-01-12,4.4,GW/um/sr filter_integrated_flux_density,Keck/Gemini AO,"de Kleer et al. 2019 AJ Table 5, filter Ms",4.67
dekleer2019-PV59-20180618-Lp,PV59,70.19999999999999,-38.4,2018-06-18,5.7,GW/um/sr filter_integrated_flux_density,Keck/Gemini AO,"de Kleer et al. 2019 AJ Table 5, filter Lp",3.78
dekleer2019-N Lerna Regio-20131118-Ms,N Lerna Regio,80.30000000000001,-56.8,2013-11-18,2.7,GW/um/sr filter_integrated_flux_density,Keck/Gemini AO,"de Kleer et al. 2019 AJ Table 5, filter Ms",4.67
dekleer2019-N Lerna Regio-20131206-Lp,N Lerna Regio,74.30000000000001,-58.0,2013-12-06,7.1,GW/um/sr filter_integrated_flux_density,Keck/Gemini AO,"de Kleer et al. 2019 AJ Table 5, filter Lp",3.78
dekleer2019-N Lerna Regio-20140210-PAH,N Lerna Regio,66.0,-56.1,2014-02-10,4.0,GW/um/sr filter_integrated_flux_density,Keck/Gemini AO,"de Kleer et al. 2019 AJ Table 5, filter PAH",3.29
dekleer2019-N Lerna Regio-20141031-Lp,N Lerna Regio,78.89999999999998,-56.0,2014-10-31,5.6,GW/um/sr filter_integrated_flux_density,Keck/Gemini AO,"de Kleer et al. 2019 AJ Table 5, filter Lp",3.78
dekleer2019-N Lerna Regio-20141031-Ms,N Lerna Regio,78.89999999999998,-56.0,2014-10-31,5.5,GW/um/sr filter_integrated_flux_density,Keck/Gemini AO,"de Kleer et al. 2019 AJ Table 5, filter Ms",4.67
dekleer2019-N Lerna Regio-20141202-Lp,N Lerna Regio,75.89999999999998,-60.0,2014-12-02,5.4,GW/um/sr filter_integrated_flux_density,Keck/Gemini AO,"de Kleer et al. 2019 AJ Table 5, filter Lp",3.78
dekleer2019-N Lerna Regio-20141202-Ms,N Lerna Regio,75.89999999999998,-60.0,2014-12-02,4.3,GW/um/sr filter_integrated_flux_density,Keck/Gemini AO,"de Kleer et al. 2019 AJ Table 5, filter Ms",4.67
dekleer2019-N Lerna Regio-20150331-H2O,N Lerna Regio,64.80000000000001,-57.5,2015-03-31,5.3,GW/um/sr filter_integrated_flux_density,Keck/Gemini AO,"de Kleer et al. 2019 AJ Table 5, filter H2O",3.06
dekleer2019-N Lerna Regio-20150331-PAH,N Lerna Regio,64.80000000000001,-57.5,2015-03-31,3.6,GW/um/sr filter_integrated_flux_density,Keck/Gemini AO,"de Kleer et al. 2019 AJ Table 5, filter PAH",3.29
dekleer2019-N Lerna Regio-20150331-Lp,N Lerna Regio,64.80000000000001,-57.5,2015-03-31,3.2,GW/um/sr filter_integrated_flux_density,Keck/Gemini AO,"de Kleer et al. 2019 AJ Table 5, filter Lp",3.78
dekleer2019-N Lerna Regio-20150331-Ms,N Lerna Regio,64.80000000000001,-57.5,2015-03-31,3.3,GW/um/sr filter_integrated_flux_density,Keck/Gemini AO,"de Kleer et al. 2019 AJ Table 5, filter Ms",4.67
dekleer2019-N Lerna Regio-20151123-Lp,N Lerna Regio,74.69999999999999,-58.3,2015-11-23,4.5,GW/um/sr filter_integrated_flux_density,Keck/Gemini AO,"de Kleer et al. 2019 AJ Table 5, filter Lp",3.78
dekleer2019-N Lerna Regio-20151123-Ms,N Lerna Regio,74.69999999999999,-58.3,2015-11-23,7.0,GW/um/sr filter_integrated_flux_density,Keck/Gemini AO,"de Kleer et al. 2019 AJ Table 5, filter Ms",4.67
dekleer2019-N Lerna Regio-20151225-Lp,N Lerna Regio,69.39999999999998,-56.6,2015-12-25,3.1,GW/um/sr filter_integrated_flux_density,Keck/Gemini AO,"de Kleer et al. 2019 AJ Table 5, filter Lp",3.78
dekleer2019-N Lerna Regio-20151225-Ms,N Lerna Regio,69.39999999999998,-56.6,2015-12-25,4.3,GW/um/sr filter_integrated_flux_density,Keck/Gemini AO,"de Kleer et al. 2019 AJ Table 5, filter Ms",4.67
dekleer2019-N Lerna Regio-20160504-Lp,N Lerna Regio,65.30000000000001,-51.9,2016-05-04,5.3,GW/um/sr filter_integrated_flux_density,Keck/Gemini AO,"de Kleer et al. 2019 AJ Table 5, filter Lp",3.78
dekleer2019-N Lerna Regio-20160520-Lp,N Lerna Regio,64.80000000000001,-50.8,2016-05-20,7.4,GW/um/sr filter_integrated_flux_density,Keck/Gemini AO,"de Kleer et al. 2019 AJ Table 5, filter Lp",3.78
dekleer2019-N Lerna Regio-20160525-Lp,N Lerna Regio,68.69999999999999,-54.6,2016-05-25,7.0,GW/um/sr filter_integrated_flux_density,Keck/Gemini AO,"de Kleer et al. 2019 AJ Table 5, filter Lp",3.78
dekleer2019-N Lerna Regio-20160527-Lp,N Lerna Regio,68.39999999999998,-53.1,2016-05-27,6.7,GW/um/sr filter_integrated_flux_density,Keck/Gemini AO,"de Kleer et al. 2019 AJ Table 5, filter Lp",3.78
dekleer2019-N Lerna Regio-20160612-Lp,N Lerna Regio,66.80000000000001,-53.9,2016-06-12,8.0,GW/um/sr filter_integrated_flux_density,Keck/Gemini AO,"de Kleer et al. 2019 AJ Table 5, filter Lp",3.78
dekleer2019-N Lerna Regio-20160619-Lp,N Lerna Regio,70.10000000000002,-50.5,2016-06-19,5.8,GW/um/sr filter_integrated_flux_density,Keck/Gemini AO,"de Kleer et al. 2019 AJ Table 5, filter Lp",3.78
dekleer2019-N Lerna Regio-20170103-Lp,N Lerna Regio,67.10000000000002,-55.1,2017-01-03,3.3,GW/um/sr filter_integrated_flux_density,Keck/Gemini AO,"de Kleer et al. 2019 AJ Table 5, filter Lp",3.78
dekleer2019-N Lerna Regio-20170103-Ms,N Lerna Regio,67.10000000000002,-55.1,2017-01-03,4.5,GW/um/sr filter_integrated_flux_density,Keck/Gemini AO,"de Kleer et al. 2019 AJ Table 5, filter Ms",4.67
dekleer2019-N Lerna Regio-20170108-Lp,N Lerna Regio,76.80000000000001,-54.8,2017-01-08,4.0,GW/um/sr filter_integrated_flux_density,Keck/Gemini AO,"de Kleer et al. 2019 AJ Table 5, filter Lp",3.78
dekleer2019-N Lerna Regio-20170124-Lp,N Lerna Regio,71.19999999999999,-59.4,2017-01-24,3.5,GW/um/sr filter_integrated_flux_density,Keck/Gemini AO,"de Kleer et al. 2019 AJ Table 5, filter Lp",3.78
dekleer2019-N Lerna Regio-20170124-Ms,N Lerna Regio,71.19999999999999,-59.4,2017-01-24,3.5,GW/um/sr filter_integrated_flux_density,Keck/Gemini AO,"de Kleer et al. 2019 AJ Table 5, filter Ms",4.67
dekleer2019-N Lerna Regio-20170731-Ms,N Lerna Regio,64.10000000000002,-54.8,2017-07-31,5.3,GW/um/sr filter_integrated_flux_density,Keck/Gemini AO,"de Kleer et al. 2019 AJ Table 5, filter Ms",4.67
dekleer2019-N Lerna Regio-20180112-Lp,N Lerna Regio,70.0,-57.7,2018-01-12,4.1,GW/um/sr filter_integrated_flux_density,Keck/Gemini AO,"de Kleer et al. 2019 AJ Table 5, filter Lp",3.78
dekleer2019-N Lerna Regio-20180112-Ms,N Lerna Regio,70.0,-57.7,2018-01-12,5.8,GW/um/sr filter_integrated_flux_density,Keck/Gemini AO,"de Kleer et al. 2019 AJ Table 5, filter Ms",4.67
dekleer2019-Kibero Patera-20160624-Lp,Kibero Patera,63.39999999999998,-14.8,2016-06-24,15.0,GW/um/sr filter_integrated_flux_density,Keck/Gemini AO,"de Kleer et al. 2019 AJ Table 5, filter Lp",3.78
dekleer2019-Kibero Patera-20160628-Lp,Kibero Patera,62.30000000000001,-10.2,2016-06-28,9.0,GW/um/sr filter_integrated_flux_density,Keck/Gemini AO,"de Kleer et al. 2019 AJ Table 5, filter Lp",3.78
dekleer2019-Amaterasu Patera-20151225-H2O,Amaterasu Patera,55.69999999999999,39.4,2015-12-25,16.0,GW/um/sr filter_integrated_flux_density,Keck/Gemini AO,"de Kleer et al. 2019 AJ Table 5, filter H2O",3.06
dekleer2019-Amaterasu Patera-20151225-PAH,Amaterasu Patera,55.69999999999999,39.4,2015-12-25,28.0,GW/um/sr filter_integrated_flux_density,Keck/Gemini AO,"de Kleer et al. 2019 AJ Table 5, filter PAH",3.29
dekleer2019-Amaterasu Patera-20151225-Lp,Amaterasu Patera,55.69999999999999,39.4,2015-12-25,43.0,GW/um/sr filter_integrated_flux_density,Keck/Gemini AO,"de Kleer et al. 2019 AJ Table 5, filter Lp",3.78
dekleer2019-Amaterasu Patera-20151225-Ms,Amaterasu Patera,55.69999999999999,39.4,2015-12-25,110.0,GW/um/sr filter_integrated_flux_density,Keck/Gemini AO,"de Kleer et al. 2019 AJ Table 5, filter Ms",4.67
dekleer2019-Amaterasu Patera-20160209-Lp,Amaterasu Patera,60.19999999999999,42.0,2016-02-09,6.8,GW/um/sr filter_integrated_flux_density,Keck/Gemini AO,"de Kleer et al. 2019 AJ Table 5, filter Lp",3.78
dekleer2019-Amaterasu Patera-20160216-Lp,Amaterasu Patera,54.89999999999998,40.9,2016-02-16,5.9,GW/um/sr filter_integrated_flux_density,Keck/Gemini AO,"de Kleer et al. 2019 AJ Table 5, filter Lp",3.78
dekleer2019-Amaterasu Patera-20160223-Lp,Amaterasu Patera,53.19999999999999,40.8,2016-02-23,5.9,GW/um/sr filter_integrated_flux_density,Keck/Gemini AO,"de Kleer et al. 2019 AJ Table 5, filter Lp",3.78
dekleer2019-Amaterasu Patera-20160312-Lp,Amaterasu Patera,58.69999999999999,38.8,2016-03-12,3.8,GW/um/sr filter_integrated_flux_density,Keck/Gemini AO,"de Kleer et al. 2019 AJ Table 5, filter Lp",3.78
dekleer2019-Amaterasu Patera-20160504-Lp,Amaterasu Patera,51.60000000000002,40.3,2016-05-04,3.5,GW/um/sr filter_integrated_flux_density,Keck/Gemini AO,"de Kleer et al. 2019 AJ Table 5, filter Lp",3.78
dekleer2019-Amaterasu Patera-20160511-Lp,Amaterasu Patera,54.60000000000002,38.5,2016-05-11,3.5,GW/um/sr filter_integrated_flux_density,Keck/Gemini AO,"de Kleer et al. 2019 AJ Table 5, filter Lp",3.78
dekleer2019-Amaterasu Patera-20160520-Lp,Amaterasu Patera,54.5,39.8,2016-05-20,2.5,GW/um/sr filter_integrated_flux_density,Keck/Gemini AO,"de Kleer et al. 2019 AJ Table 5, filter Lp",3.78
dekleer2019-Amaterasu Patera-20160527-Lp,Amaterasu Patera,56.69999999999999,38.4,2016-05-27,3.3,GW/um/sr filter_integrated_flux_density,Keck/Gemini AO,"de Kleer et al. 2019 AJ Table 5, filter Lp",3.78
dekleer2019-Amaterasu Patera-20160605-Lp,Amaterasu Patera,58.80000000000001,37.5,2016-06-05,3.8,GW/um/sr filter_integrated_flux_density,Keck/Gemini AO,"de Kleer et al. 2019 AJ Table 5, filter Lp",3.78
dekleer2019-Amaterasu Patera-20170103-Lp,Amaterasu Patera,54.80000000000001,35.0,2017-01-03,1.7,GW/um/sr filter_integrated_flux_density,Keck/Gemini AO,"de Kleer et al. 2019 AJ Table 5, filter Lp",3.78
dekleer2019-Amaterasu Patera-20170103-Ms,Amaterasu Patera,54.80000000000001,35.0,2017-01-03,6.9,GW/um/sr filter_integrated_flux_density,Keck/Gemini AO,"de Kleer et al. 2019 AJ Table 5, filter Ms",4.67
dekleer2019-Amaterasu Patera-20170108-BrAlpha,Amaterasu Patera,58.0,33.7,2017-01-08,1.7,GW/um/sr filter_integrated_flux_density,Keck/Gemini AO,"de Kleer et al. 2019 AJ Table 5, filter BrAlpha",4.05
dekleer2019-Amaterasu Patera-20170108-Ms,Amaterasu Patera,58.0,33.7,2017-01-08,5.3,GW/um/sr filter_integrated_flux_density,Keck/Gemini AO,"de Kleer et al. 2019 AJ Table 5, filter Ms",4.67
dekleer2019-Amaterasu Patera-20170124-Ms,Amaterasu Patera,58.80000000000001,31.6,2017-01-24,3.1,GW/um/sr filter_integrated_flux_density,Keck/Gemini AO,"de Kleer et al. 2019 AJ Table 5, filter Ms",4.67
dekleer2019-Sengen Patera-20160619-Lp,Sengen Patera,55.10000000000002,-32.4,2016-06-19,2.9,GW/um/sr filter_integrated_flux_density,Keck/Gemini AO,"de Kleer et al. 2019 AJ Table 5, filter Lp",3.78
dekleer2019-Sengen Patera-20170103-BrAlphaCont,Sengen Patera,49.10000000000002,-30.0,2017-01-03,1.7,GW/um/sr filter_integrated_flux_density,Keck/Gemini AO,"de Kleer et al. 2019 AJ Table 5, filter BrAlphaCont",3.99
dekleer2019-Sengen Patera-20170103-BrAlpha,Sengen Patera,49.10000000000002,-30.0,2017-01-03,2.0,GW/um/sr filter_integrated_flux_density,Keck/Gemini AO,"de Kleer et al. 2019 AJ Table 5, filter BrAlpha",4.05
dekleer2019-Sengen Patera-20170103-Ms,Sengen Patera,49.10000000000002,-30.0,2017-01-03,2.4,GW/um/sr filter_integrated_flux_density,Keck/Gemini AO,"de Kleer et al. 2019 AJ Table 5, filter Ms",4.67
dekleer2019-Sengen Patera-20170304-Lp,Sengen Patera,57.0,-29.6,2017-03-04,9.6,GW/um/sr filter_integrated_flux_density,Keck/Gemini AO,"de Kleer et al. 2019 AJ Table 5, filter Lp",3.78
dekleer2019-Sengen Patera-20170306-Lp,Sengen Patera,54.60000000000002,-26.4,2017-03-06,6.0,GW/um/sr filter_integrated_flux_density,Keck/Gemini AO,"de Kleer et al. 2019 AJ Table 5, filter Lp",3.78
dekleer2019-Rarog Patera-20130815-Kc,Rarog Patera,54.5,-40.5,2013-08-15,500.0,GW/um/sr filter_integrated_flux_density,Keck/Gemini AO,"de Kleer et al. 2019 AJ Table 5, filter Kc",2.27
dekleer2019-Rarog Patera-20130815-Lp,Rarog Patera,54.5,-40.5,2013-08-15,330.0,GW/um/sr filter_integrated_flux_density,Keck/Gemini AO,"de Kleer et al. 2019 AJ Table 5, filter Lp",3.78
dekleer2019-Rarog Patera-20130820-Kc,Rarog Patera,57.89999999999998,-40.1,2013-08-20,4.0,GW/um/sr filter_integrated_flux_density,Keck/Gemini AO,"de Kleer et al. 2019 AJ Table 5, filter Kc",2.27
dekleer2019-Rarog Patera-20130820-Lp,Rarog Patera,57.89999999999998,-40.1,2013-08-20,23.0,GW/um/sr filter_integrated_flux_density,Keck/Gemini AO,"de Kleer et al. 2019 AJ Table 5, filter Lp",3.78
dekleer2019-Rarog Patera-20130822-Lp,Rarog Patera,54.60000000000002,-39.3,2013-08-22,21.0,GW/um/sr filter_integrated_flux_density,Keck/Gemini AO,"de Kleer et al. 2019 AJ Table 5, filter Lp",3.78
dekleer2019-Rarog Patera-20130822-Ms,Rarog Patera,54.60000000000002,-39.3,2013-08-22,35.0,GW/um/sr filter_integrated_flux_density,Keck/Gemini AO,"de Kleer et al. 2019 AJ Table 5, filter Ms",4.67
dekleer2019-Rarog Patera-20130907-Lp,Rarog Patera,55.19999999999999,-41.0,2013-09-07,7.7,GW/um/sr filter_integrated_flux_density,Keck/Gemini AO,"de Kleer et al. 2019 AJ Table 5, filter Lp",3.78
dekleer2019-Rarog Patera-20131129-Lp,Rarog Patera,55.10000000000002,-42.1,2013-11-29,4.3,GW/um/sr filter_integrated_flux_density,Keck/Gemini AO,"de Kleer et al. 2019 AJ Table 5, filter Lp",3.78
dekleer2019-Rarog Patera-20131215-Lp,Rarog Patera,57.0,-39.7,2013-12-15,2.9,GW/um/sr filter_integrated_flux_density,Keck/Gemini AO,"de Kleer et al. 2019 AJ Table 5, filter Lp",3.78
dekleer2019-Rarog Patera-20140210-PAH,Rarog Patera,52.10000000000002,-37.8,2014-02-10,3.5,GW/um/sr filter_integrated_flux_density,Keck/Gemini AO,"de Kleer et al. 2019 AJ Table 5, filter PAH",3.29
dekleer2019-Rarog Patera-20140210-Lp,Rarog Patera,52.10000000000002,-37.8,2014-02-10,3.3,GW/um/sr filter_integrated_flux_density,Keck/Gemini AO,"de Kleer et al. 2019 AJ Table 5, filter Lp",3.78
dekleer2019-Rarog Patera-20140210-Ms,Rarog Patera,52.10000000000002,-37.8,2014-02-10,2.6,GW/um/sr filter_integrated_flux_density,Keck/Gemini AO,"de Kleer et al. 2019 AJ Table 5, filter Ms",4.67
dekleer2019-Rarog Patera-20140310-Lp,Rarog Patera,59.80000000000001,-41.9,2014-03-10,5.2,GW/um/sr filter_integrated_flux_density,Keck/Gemini AO,"de Kleer et al. 2019 AJ Table 5, filter Lp",3.78
dekleer2019-Rarog Patera-20140312-Lp,Rarog Patera,50.10000000000002,-39.0,2014-03-12,2.7,GW/um/sr filter_integrated_flux_density,Keck/Gemini AO,"de Kleer et al. 2019 AJ Table 5, filter Lp",3.78
dekleer2019-Rarog Patera-20140328-Lp,Rarog Patera,54.0,-37.2,2014-03-28,4.9,GW/um/sr filter_integrated_flux_density,Keck/Gemini AO,"de Kleer et al. 2019 AJ Table 5, filter Lp",3.78
dekleer2019-Rarog Patera-20150112-Lp,Rarog Patera,55.10000000000002,-33.7,2015-01-12,1.9,GW/um/sr filter_integrated_flux_density,Keck/Gemini AO,"de Kleer et al. 2019 AJ Table 5, filter Lp",3.78
dekleer2019-Rarog Patera-20150112-Ms,Rarog Patera,55.10000000000002,-33.7,2015-01-12,2.0,GW/um/sr filter_integrated_flux_density,Keck/Gemini AO,"de Kleer et al. 2019 AJ Table 5, filter Ms",4.67
dekleer2019-Rarog Patera-20150331-H2O,Rarog Patera,52.80000000000001,-37.4,2015-03-31,2.8,GW/um/sr filter_integrated_flux_density,Keck/Gemini AO,"de Kleer et al. 2019 AJ Table 5, filter H2O",3.06
dekleer2019-Rarog Patera-20150331-PAH,Rarog Patera,52.80000000000001,-37.4,2015-03-31,1.9,GW/um/sr filter_integrated_flux_density,Keck/Gemini AO,"de Kleer et al. 2019 AJ Table 5, filter PAH",3.29
dekleer2019-Rarog Patera-20150331-Lp,Rarog Patera,52.80000000000001,-37.4,2015-03-31,1.6,GW/um/sr filter_integrated_flux_density,Keck/Gemini AO,"de Kleer et al. 2019 AJ Table 5, filter Lp",3.78
dekleer2019-Rarog Patera-20150331-Ms,Rarog Patera,52.80000000000001,-37.4,2015-03-31,0.99,GW/um/sr filter_integrated_flux_density,Keck/Gemini AO,"de Kleer et al. 2019 AJ Table 5, filter Ms",4.67
dekleer2019-Rarog Patera-20150402-Lp,Rarog Patera,51.69999999999999,-39.0,2015-04-02,2.2,GW/um/sr filter_integrated_flux_density,Keck/Gemini AO,"de Kleer et al. 2019 AJ Table 5, filter Lp",3.78
dekleer2019-Rarog Patera-20150402-Ms,Rarog Patera,51.69999999999999,-39.0,2015-04-02,1.3,GW/um/sr filter_integrated_flux_density,Keck/Gemini AO,"de Kleer et al. 2019 AJ Table 5, filter Ms",4.67
dekleer2019-Rarog Patera-20150409-Lp,Rarog Patera,51.0,-39.1,2015-04-09,5.5,GW/um/sr filter_integrated_flux_density,Keck/Gemini AO,"de Kleer et al. 2019 AJ Table 5, filter Lp",3.78
dekleer2019-Heno Patera-20130815-Kc,Heno Patera,52.5,-55.2,2013-08-15,92.0,GW/um/sr filter_integrated_flux_density,Keck/Gemini AO,"de Kleer et al. 2019 AJ Table 5, filter Kc",2.27
dekleer2019-Heno Patera-20130815-Lp,Heno Patera,52.5,-55.2,2013-08-15,270.0,GW/um/sr filter_integrated_flux_density,Keck/Gemini AO,"de Kleer et al. 2019 AJ Table 5, filter Lp",3.78
dekleer2019-Heno Patera-20130820-Kc,Heno Patera,56.0,-53.0,2013-08-20,4.9,GW/um/sr filter_integrated_flux_density,Keck/Gemini AO,"de Kleer et al. 2019 AJ Table 5, filter Kc",2.27
dekleer2019-Heno Patera-20130820-Lp,Heno Patera,56.0,-53.0,2013-08-20,40.0,GW/um/sr filter_integrated_flux_density,Keck/Gemini AO,"de Kleer et al. 2019 AJ Table 5, filter Lp",3.78
dekleer2019-Heno Patera-20130822-Kc,Heno Patera,50.5,-55.6,2013-08-22,9.3,GW/um/sr filter_integrated_flux_density,Keck/Gemini AO,"de Kleer et al. 2019 AJ Table 5, filter Kc",2.27
dekleer2019-Heno Patera-20130822-Lp,Heno Patera,50.5,-55.6,2013-08-22,50.0,GW/um/sr filter_integrated_flux_density,Keck/Gemini AO,"de Kleer et al. 2019 AJ Table 5, filter Lp",3.78
dekleer2019-Heno Patera-20130822-Ms,Heno Patera,50.5,-55.6,2013-08-22,69.0,GW/um/sr filter_integrated_flux_density,Keck/Gemini AO,"de Kleer et al. 2019 AJ Table 5, filter Ms",4.67
dekleer2019-Heno Patera-20130829-Lp,Heno Patera,50.80000000000001,-55.7,2013-08-29,31.0,GW/um/sr filter_integrated_flux_density,Keck/Gemini AO,"de Kleer et al. 2019 AJ Table 5, filter Lp",3.78
dekleer2019-Heno Patera-20130905-Lp,Heno Patera,52.89999999999998,-55.0,2013-09-05,15.0,GW/um/sr filter_integrated_flux_density,Keck/Gemini AO,"de Kleer et al. 2019 AJ Table 5, filter Lp",3.78
dekleer2019-Heno Patera-20130907-Lp,Heno Patera,52.5,-56.2,2013-09-07,17.0,GW/um/sr filter_integrated_flux_density,Keck/Gemini AO,"de Kleer et al. 2019 AJ Table 5, filter Lp",3.78
dekleer2019-Heno Patera-20150402-Ms,Heno Patera,55.0,-57.9,2015-04-02,2.8,GW/um/sr filter_integrated_flux_density,Keck/Gemini AO,"de Kleer et al. 2019 AJ Table 5, filter Ms",4.67
dekleer2019-Loki Patera-20130815-Kc,Loki Patera,51.0,12.0,2013-08-15,7.7,GW/um/sr filter_integrated_flux_density,Keck/Gemini AO,"de Kleer et al. 2019 AJ Table 5, filter Kc",2.27
dekleer2019-Loki Patera-20130815-Lp,Loki Patera,51.0,12.0,2013-08-15,60.0,GW/um/sr filter_integrated_flux_density,Keck/Gemini AO,"de Kleer et al. 2019 AJ Table 5, filter Lp",3.78
dekleer2019-Loki Patera-20130820-Kc,Loki Patera,51.30000000000001,11.9,2013-08-20,13.0,GW/um/sr filter_integrated_flux_density,Keck/Gemini AO,"de Kleer et al. 2019 AJ Table 5, filter Kc",2.27
dekleer2019-Loki Patera-20130820-Lp,Loki Patera,51.30000000000001,11.9,2013-08-20,130.0,GW/um/sr filter_integrated_flux_density,Keck/Gemini AO,"de Kleer et al. 2019 AJ Table 5, filter Lp",3.78
dekleer2019-Loki Patera-20130820-Ms,Loki Patera,51.30000000000001,11.9,2013-08-20,200.0,GW/um/sr filter_integrated_flux_density,Keck/Gemini AO,"de Kleer et al. 2019 AJ Table 5, filter Ms",4.67
dekleer2019-Loki Patera-20130822-Kc,Loki Patera,51.60000000000002,11.7,2013-08-22,7.5,GW/um/sr filter_integrated_flux_density,Keck/Gemini AO,"de Kleer et al. 2019 AJ Table 5, filter Kc",2.27
dekleer2019-Loki Patera-20130822-Lp,Loki Patera,51.60000000000002,11.7,2013-08-22,140.0,GW/um/sr filter_integrated_flux_density,Keck/Gemini AO,"de Kleer et al. 2019 AJ Table 5, filter Lp",3.78
dekleer2019-Loki Patera-20130822-Ms,Loki Patera,51.60000000000002,11.7,2013-08-22,210.0,GW/um/sr filter_integrated_flux_density,Keck/Gemini AO,"de Kleer et al. 2019 AJ Table 5, filter Ms",4.67
dekleer2019-Loki Patera-20130829-Lp,Loki Patera,52.89999999999998,11.3,2013-08-29,130.0,GW/um/sr filter_integrated_flux_density,Keck/Gemini AO,"de Kleer et al. 2019 AJ Table 5, filter Lp",3.78
dekleer2019-Loki Patera-20130903-Lp,Loki Patera,51.60000000000002,10.9,2013-09-03,50.0,GW/um/sr filter_integrated_flux_density,Keck/Gemini AO,"de Kleer et al. 2019 AJ Table 5, filter Lp",3.78
dekleer2019-Loki Patera-20130905-Lp,Loki Patera,52.60000000000002,11.3,2013-09-05,73.0,GW/um/sr filter_integrated_flux_density,Keck/Gemini AO,"de Kleer et al. 2019 AJ Table 5, filter Lp",3.78
dekleer2019-Loki Patera-20130907-Lp,Loki Patera,53.0,12.0,2013-09-07,84.0,GW/um/sr filter_integrated_flux_density,Keck/Gemini AO,"de Kleer et al. 2019 AJ Table 5, filter Lp",3.78
dekleer2019-Loki Patera-20130909-Lp,Loki Patera,49.69999999999999,10.2,2013-09-09,37.0,GW/um/sr filter_integrated_flux_density,Keck/Gemini AO,"de Kleer et al. 2019 AJ Table 5, filter Lp",3.78
dekleer2019-Loki Patera-20130910-Lp,Loki Patera,64.89999999999998,12.0,2013-09-10,15.0,GW/um/sr filter_integrated_flux_density,Keck/Gemini AO,"de Kleer et al. 2019 AJ Table 5, filter Lp",3.78
dekleer2019-Loki Patera-20131118-Ms,Loki Patera,50.5,14.2,2013-11-18,28.0,GW/um/sr filter_integrated_flux_density,Keck/Gemini AO,"de Kleer et al. 2019 AJ Table 5, filter Ms",4.67
dekleer2019-Loki Patera-20131127-Lp,Loki Patera,53.0,11.9,2013-11-27,12.0,GW/um/sr filter_integrated_flux_density,Keck/Gemini AO,"de Kleer et al. 2019 AJ Table 5, filter Lp",3.78
dekleer2019-Loki Patera-20131129-Lp,Loki Patera,53.5,12.4,2013-11-29,13.0,GW/um/sr filter_integrated_flux_density,Keck/Gemini AO,"de Kleer et al. 2019 AJ Table 5, filter Lp",3.78
dekleer2019-Loki Patera-20131206-Lp,Loki Patera,52.5,12.0,2013-12-06,11.0,GW/um/sr filter_integrated_flux_density,Keck/Gemini AO,"de Kleer et al. 2019 AJ Table 5, filter Lp",3.78
dekleer2019-Loki Patera-20131215-Lp,Loki Patera,52.69999999999999,12.5,2013-12-15,11.0,GW/um/sr filter_integrated_flux_density,Keck/Gemini AO,"de Kleer et al. 2019 AJ Table 5, filter Lp",3.78
dekleer2019-Loki Patera-20140120-Ms,Loki Patera,47.39999999999998,12.2,2014-01-20,17.0,GW/um/sr filter_integrated_flux_density,Keck/Gemini AO,"de Kleer et al. 2019 AJ Table 5, filter Ms",4.67
dekleer2019-Loki Patera-20140208-Lp,Loki Patera,49.30000000000001,12.6,2014-02-08,8.5,GW/um/sr filter_integrated_flux_density,Keck/Gemini AO,"de Kleer et al. 2019 AJ Table 5, filter Lp",3.78
dekleer2019-Loki Patera-20140208-Ms,Loki Patera,49.30000000000001,12.6,2014-02-08,25.0,GW/um/sr filter_integrated_flux_density,Keck/Gemini AO,"de Kleer et al. 2019 AJ Table 5, filter Ms",4.67
dekleer2019-Loki Patera-20140210-PAH,Loki Patera,50.0,12.6,2014-02-10,2.1,GW/um/sr filter_integrated_flux_density,Keck/Gemini AO,"de Kleer et al. 2019 AJ Table 5, filter PAH",3.29
dekleer2019-Loki Patera-20140210-Lp,Loki Patera,50.0,12.6,2014-02-10,11.0,GW/um/sr filter_integrated_flux_density,Keck/Gemini AO,"de Kleer et al. 2019 AJ Table 5, filter Lp",3.78
dekleer2019-Loki Patera-20140210-Ms,Loki Patera,50.0,12.6,2014-02-10,32.0,GW/um/sr filter_integrated_flux_density,Keck/Gemini AO,"de Kleer et al. 2019 AJ Table 5, filter Ms",4.67
dekleer2019-Loki Patera-20140310-Lp,Loki Patera,46.0,12.1,2014-03-10,6.4,GW/um/sr filter_integrated_flux_density,Keck/Gemini AO,"de Kleer et al. 2019 AJ Table 5, filter Lp",3.78
dekleer2019-Loki Patera-20140312-Lp,Loki Patera,48.69999999999999,11.9,2014-03-12,7.7,GW/um/sr filter_integrated_flux_density,Keck/Gemini AO,"de Kleer et al. 2019 AJ Table 5, filter Lp",3.78
dekleer2019-Loki Patera-20140328-Lp,Loki Patera,50.5,13.1,2014-03-28,7.6,GW/um/sr filter_integrated_flux_density,Keck/Gemini AO,"de Kleer et al. 2019 AJ Table 5, filter Lp",3.78
dekleer2019-Loki Patera-20141003-Lp,Loki Patera,53.10000000000002,12.2,2014-10-03,130.0,GW/um/sr filter_integrated_flux_density,Keck/Gemini AO,"de Kleer et al. 2019 AJ Table 5, filter Lp",3.78
dekleer2019-Loki Patera-20141010-Lp,Loki Patera,53.39999999999998,11.6,2014-10-10,130.0,GW/um/sr filter_integrated_flux_density,Keck/Gemini AO,"de Kleer et al. 2019 AJ Table 5, filter Lp",3.78
dekleer2019-Loki Patera-20141024-Lp,Loki Patera,55.30000000000001,10.8,2014-10-24,66.0,GW/um/sr filter_integrated_flux_density,Keck/Gemini AO,"de Kleer et al. 2019 AJ Table 5, filter Lp",3.78
dekleer2019-Loki Patera-20141030-Lp,Loki Patera,50.10000000000002,11.1,2014-10-30,40.0,GW/um/sr filter_integrated_flux_density,Keck/Gemini AO,"de Kleer et al. 2019 AJ Table 5, filter Lp",3.78
dekleer2019-Loki Patera-20141030-Ms,Loki Patera,50.10000000000002,11.1,2014-10-30,43.0,GW/um/sr filter_integrated_flux_density,Keck/Gemini AO,"de Kleer et al. 2019 AJ Table 5, filter Ms",4.67
dekleer2019-Loki Patera-20141031-Lp,Loki Patera,53.69999999999999,12.2,2014-10-31,78.0,GW/um/sr filter_integrated_flux_density,Keck/Gemini AO,"de Kleer et al. 2019 AJ Table 5, filter Lp",3.78
dekleer2019-Loki Patera-20141031-Ms,Loki Patera,53.69999999999999,12.2,2014-10-31,160.0,GW/um/sr filter_integrated_flux_density,Keck/Gemini AO,"de Kleer et al. 2019 AJ Table 5, filter Ms",4.67
dekleer2019-Loki Patera-20141125-Lp,Loki Patera,53.0,10.6,2014-11-25,55.0,GW/um/sr filter_integrated_flux_density,Keck/Gemini AO,"de Kleer et al. 2019 AJ Table 5, filter Lp",3.78
dekleer2019-Loki Patera-20141127-Lp,Loki Patera,54.39999999999998,11.1,2014-11-27,54.0,GW/um/sr filter_integrated_flux_density,Keck/Gemini AO,"de Kleer et al. 2019 AJ Table 5, filter Lp",3.78
dekleer2019-Loki Patera-20141129-Lp,Loki Patera,61.10000000000002,9.4,2014-11-29,59.0,GW/um/sr filter_integrated_flux_density,Keck/Gemini AO,"de Kleer et al. 2019 AJ Table 5, filter Lp",3.78
dekleer2019-Loki Patera-20141130-Lp,Loki Patera,66.89999999999998,9.8,2014-11-30,10.0,GW/um/sr filter_integrated_flux_density,Keck/Gemini AO,"de Kleer et al. 2019 AJ Table 5, filter Lp",3.78
dekleer2019-Loki Patera-20141202-H2O,Loki Patera,54.69999999999999,10.2,2014-12-02,12.0,GW/um/sr filter_integrated_flux_density,Keck/Gemini AO,"de Kleer et al. 2019 AJ Table 5, filter H2O",3.06
dekleer2019-Loki Patera-20141202-Lp,Loki Patera,54.69999999999999,10.2,2014-12-02,47.0,GW/um/sr filter_integrated_flux_density,Keck/Gemini AO,"de Kleer et al. 2019 AJ Table 5, filter Lp",3.78
dekleer2019-Loki Patera-20141202-Ms,Loki Patera,54.69999999999999,10.2,2014-12-02,120.0,GW/um/sr filter_integrated_flux_density,Keck/Gemini AO,"de Kleer et al. 2019 AJ Table 5, filter Ms",4.67
dekleer2019-Loki Patera-20141206-Lp,Loki Patera,54.0,11.7,2014-12-06,29.0,GW/um/sr filter_integrated_flux_density,Keck/Gemini AO,"de Kleer et al. 2019 AJ Table 5, filter Lp",3.78
dekleer2019-Loki Patera-20141209-Lp,Loki Patera,56.69999999999999,10.7,2014-12-09,24.0,GW/um/sr filter_integrated_flux_density,Keck/Gemini AO,"de Kleer et al. 2019 AJ Table 5, filter Lp",3.78
dekleer2019-Loki Patera-20141216-Lp,Loki Patera,54.89999999999998,11.2,2014-12-16,14.0,GW/um/sr filter_integrated_flux_density,Keck/Gemini AO,"de Kleer et al. 2019 AJ Table 5, filter Lp",3.78
dekleer2019-Loki Patera-20141218-Lp,Loki Patera,53.5,12.0,2014-12-18,24.0,GW/um/sr filter_integrated_flux_density,Keck/Gemini AO,"de Kleer et al. 2019 AJ Table 5, filter Lp",3.78
dekleer2019-Loki Patera-20150110-Lp,Loki Patera,52.80000000000001,12.9,2015-01-10,12.0,GW/um/sr filter_integrated_flux_density,Keck/Gemini AO,"de Kleer et al. 2019 AJ Table 5, filter Lp",3.78
dekleer2019-Loki Patera-20150112-PAH,Loki Patera,53.69999999999999,11.2,2015-01-12,7.7,GW/um/sr filter_integrated_flux_density,Keck/Gemini AO,"de Kleer et al. 2019 AJ Table 5, filter PAH",3.29
dekleer2019-Loki Patera-20150112-Lp,Loki Patera,53.69999999999999,11.2,2015-01-12,23.0,GW/um/sr filter_integrated_flux_density,Keck/Gemini AO,"de Kleer et al. 2019 AJ Table 5, filter Lp",3.78
dekleer2019-Loki Patera-20150112-Ms,Loki Patera,53.69999999999999,11.2,2015-01-12,66.0,GW/um/sr filter_integrated_flux_density,Keck/Gemini AO,"de Kleer et al. 2019 AJ Table 5, filter Ms",4.67
dekleer2019-Loki Patera-20150114-Lp,Loki Patera,52.60000000000002,12.4,2015-01-14,19.0,GW/um/sr filter_integrated_flux_density,Keck/Gemini AO,"de Kleer et al. 2019 AJ Table 5, filter Lp",3.78
dekleer2019-Loki Patera-20150126-Lp,Loki Patera,52.39999999999998,11.6,2015-01-26,7.7,GW/um/sr filter_integrated_flux_density,Keck/Gemini AO,"de Kleer et al. 2019 AJ Table 5, filter Lp",3.78
dekleer2019-Loki Patera-20150329-Lp,Loki Patera,48.30000000000001,12.7,2015-03-29,11.0,GW/um/sr filter_integrated_flux_density,Keck/Gemini AO,"de Kleer et al. 2019 AJ Table 5, filter Lp",3.78
dekleer2019-Loki Patera-20150331-PAH,Loki Patera,48.0,12.3,2015-03-31,2.4,GW/um/sr filter_integrated_flux_density,Keck/Gemini AO,"de Kleer et al. 2019 AJ Table 5, filter PAH",3.29
dekleer2019-Loki Patera-20150331-Lp,Loki Patera,48.0,12.3,2015-03-31,9.8,GW/um/sr filter_integrated_flux_density,Keck/Gemini AO,"de Kleer et al. 2019 AJ Table 5, filter Lp",3.78
dekleer2019-Loki Patera-20150331-Ms,Loki Patera,48.0,12.3,2015-03-31,30.0,GW/um/sr filter_integrated_flux_density,Keck/Gemini AO,"de Kleer et al. 2019 AJ Table 5, filter Ms",4.67
dekleer2019-Loki Patera-20150402-Lp,Loki Patera,48.5,12.7,2015-04-02,9.3,GW/um/sr filter_integrated_flux_density,Keck/Gemini AO,"de Kleer et al. 2019 AJ Table 5, filter Lp",3.78
dekleer2019-Loki Patera-20150402-Ms,Loki Patera,48.5,12.7,2015-04-02,28.0,GW/um/sr filter_integrated_flux_density,Keck/Gemini AO,"de Kleer et al. 2019 AJ Table 5, filter Ms",4.67
dekleer2019-Loki Patera-20150404-Ms,Loki Patera,41.10000000000002,12.7,2015-04-04,15.0,GW/um/sr filter_integrated_flux_density,Keck/Gemini AO,"de Kleer et al. 2019 AJ Table 5, filter Ms",4.67
dekleer2019-Loki Patera-20150405-Lp,Loki Patera,53.0,12.0,2015-04-05,6.0,GW/um/sr filter_integrated_flux_density,Keck/Gemini AO,"de Kleer et al. 2019 AJ Table 5, filter Lp",3.78
dekleer2019-Loki Patera-20150409-Lp,Loki Patera,48.30000000000001,12.4,2015-04-09,8.7,GW/um/sr filter_integrated_flux_density,Keck/Gemini AO,"de Kleer et al. 2019 AJ Table 5, filter Lp",3.78
dekleer2019-Loki Patera-20151123-Lp,Loki Patera,51.89999999999998,11.7,2015-11-23,2.9,GW/um/sr filter_integrated_flux_density,Keck/Gemini AO,"de Kleer et al. 2019 AJ Table 5, filter Lp",3.78
dekleer2019-Loki Patera-20151123-Ms,Loki Patera,51.89999999999998,11.7,2015-11-23,13.0,GW/um/sr filter_integrated_flux_density,Keck/Gemini AO,"de Kleer et al. 2019 AJ Table 5, filter Ms",4.67
dekleer2019-Loki Patera-20151225-H2O,Loki Patera,53.60000000000002,15.5,2015-12-25,17.0,GW/um/sr filter_integrated_flux_density,Keck/Gemini AO,"de Kleer et al. 2019 AJ Table 5, filter H2O",3.06
dekleer2019-Loki Patera-20151225-PAH,Loki Patera,53.60000000000002,15.5,2015-12-25,28.0,GW/um/sr filter_integrated_flux_density,Keck/Gemini AO,"de Kleer et al. 2019 AJ Table 5, filter PAH",3.29
dekleer2019-Loki Patera-20151225-Lp,Loki Patera,53.60000000000002,15.5,2015-12-25,38.0,GW/um/sr filter_integrated_flux_density,Keck/Gemini AO,"de Kleer et al. 2019 AJ Table 5, filter Lp",3.78
dekleer2019-Loki Patera-20151225-Ms,Loki Patera,53.60000000000002,15.5,2015-12-25,85.0,GW/um/sr filter_integrated_flux_density,Keck/Gemini AO,"de Kleer et al. 2019 AJ Table 5, filter Ms",4.67
dekleer2019-Loki Patera-20160209-Lp,Loki Patera,56.69999999999999,17.5,2016-02-09,100.0,GW/um/sr filter_integrated_flux_density,Keck/Gemini AO,"de Kleer et al. 2019 AJ Table 5, filter Lp",3.78
dekleer2019-Loki Patera-20160216-Lp,Loki Patera,53.30000000000001,16.9,2016-02-16,75.0,GW/um/sr filter_integrated_flux_density,Keck/Gemini AO,"de Kleer et al. 2019 AJ Table 5, filter Lp",3.78
dekleer2019-Loki Patera-20160218-Lp,Loki Patera,63.39999999999998,14.8,2016-02-18,120.0,GW/um/sr filter_integrated_flux_density,Keck/Gemini AO,"de Kleer et al. 2019 AJ Table 5, filter Lp",3.78
dekleer2019-Loki Patera-20160221-Lp,Loki Patera,55.30000000000001,12.6,2016-02-21,44.0,GW/um/sr filter_integrated_flux_density,Keck/Gemini AO,"de Kleer et al. 2019 AJ Table 5, filter Lp",3.78
dekleer2019-Loki Patera-20160223-Lp,Loki Patera,51.89999999999998,16.1,2016-02-23,67.0,GW/um/sr filter_integrated_flux_density,Keck/Gemini AO,"de Kleer et al. 2019 AJ Table 5, filter Lp",3.78
dekleer2019-Loki Patera-20160312-Lp,Loki Patera,53.39999999999998,12.4,2016-03-12,69.0,GW/um/sr filter_integrated_flux_density,Keck/Gemini AO,"de Kleer et al. 2019 AJ Table 5, filter Lp",3.78
dekleer2019-Loki Patera-20160314-Lp,Loki Patera,54.5,12.4,2016-03-14,63.0,GW/um/sr filter_integrated_flux_density,Keck/Gemini AO,"de Kleer et al. 2019 AJ Table 5, filter Lp",3.78
dekleer2019-Loki Patera-20160502-Lp,Loki Patera,48.30000000000001,13.5,2016-05-02,22.0,GW/um/sr filter_integrated_flux_density,Keck/Gemini AO,"de Kleer et al. 2019 AJ Table 5, filter Lp",3.78
dekleer2019-Loki Patera-20160504-Lp,Loki Patera,47.80000000000001,16.1,2016-05-04,26.0,GW/um/sr filter_integrated_flux_density,Keck/Gemini AO,"de Kleer et al. 2019 AJ Table 5, filter Lp",3.78
dekleer2019-Loki Patera-20160509-Lp,Loki Patera,49.89999999999998,14.9,2016-05-09,11.0,GW/um/sr filter_integrated_flux_density,Keck/Gemini AO,"de Kleer et al. 2019 AJ Table 5, filter Lp",3.78
dekleer2019-Loki Patera-20160511-Lp,Loki Patera,50.39999999999998,13.6,2016-05-11,20.0,GW/um/sr filter_integrated_flux_density,Keck/Gemini AO,"de Kleer et al. 2019 AJ Table 5, filter Lp",3.78
dekleer2019-Loki Patera-20160513-Lp,Loki Patera,51.60000000000002,13.0,2016-05-13,21.0,GW/um/sr filter_integrated_flux_density,Keck/Gemini AO,"de Kleer et al. 2019 AJ Table 5, filter Lp",3.78
dekleer2019-Loki Patera-20160515-Ms,Loki Patera,46.0,10.4,2016-05-15,18.0,GW/um/sr filter_integrated_flux_density,Keck/Gemini AO,"de Kleer et al. 2019 AJ Table 5, filter Ms",4.67
dekleer2019-Loki Patera-20160518-Lp,Loki Patera,49.89999999999998,13.4,2016-05-18,17.0,GW/um/sr filter_integrated_flux_density,Keck/Gemini AO,"de Kleer et al. 2019 AJ Table 5, filter Lp",3.78
dekleer2019-Loki Patera-20160520-Lp,Loki Patera,52.69999999999999,16.2,2016-05-20,21.0,GW/um/sr filter_integrated_flux_density,Keck/Gemini AO,"de Kleer et al. 2019 AJ Table 5, filter Lp",3.78
dekleer2019-Loki Patera-20160525-Lp,Loki Patera,49.60000000000002,11.7,2016-05-25,15.0,GW/um/sr filter_integrated_flux_density,Keck/Gemini AO,"de Kleer et al. 2019 AJ Table 5, filter Lp",3.78
dekleer2019-Loki Patera-20160527-Lp,Loki Patera,52.80000000000001,13.1,2016-05-27,20.0,GW/um/sr filter_integrated_flux_density,Keck/Gemini AO,"de Kleer et al. 2019 AJ Table 5, filter Lp",3.78
dekleer2019-Loki Patera-20160603-Lp,Loki Patera,50.69999999999999,18.3,2016-06-03,14.0,GW/um/sr filter_integrated_flux_density,Keck/Gemini AO,"de Kleer et al. 2019 AJ Table 5, filter Lp",3.78
dekleer2019-Loki Patera-20160605-Lp,Loki Patera,55.0,12.5,2016-06-05,16.0,GW/um/sr filter_integrated_flux_density,Keck/Gemini AO,"de Kleer et al. 2019 AJ Table 5, filter Lp",3.78
dekleer2019-Loki Patera-20160610-Lp,Loki Patera,49.0,16.7,2016-06-10,10.0,GW/um/sr filter_integrated_flux_density,Keck/Gemini AO,"de Kleer et al. 2019 AJ Table 5, filter Lp",3.78
dekleer2019-Loki Patera-20160612-Lp,Loki Patera,51.69999999999999,13.5,2016-06-12,15.0,GW/um/sr filter_integrated_flux_density,Keck/Gemini AO,"de Kleer et al. 2019 AJ Table 5, filter Lp",3.78
dekleer2019-Loki Patera-20160617-Lp,Loki Patera,53.30000000000001,13.3,2016-06-17,11.0,GW/um/sr filter_integrated_flux_density,Keck/Gemini AO,"de Kleer et al. 2019 AJ Table 5, filter Lp",3.78
dekleer2019-Loki Patera-20160619-Lp,Loki Patera,53.80000000000001,14.7,2016-06-19,13.0,GW/um/sr filter_integrated_flux_density,Keck/Gemini AO,"de Kleer et al. 2019 AJ Table 5, filter Lp",3.78
dekleer2019-Loki Patera-20160628-Lp,Loki Patera,50.10000000000002,15.5,2016-06-28,13.0,GW/um/sr filter_integrated_flux_density,Keck/Gemini AO,"de Kleer et al. 2019 AJ Table 5, filter Lp",3.78
dekleer2019-Loki Patera-20161118-Lp,Loki Patera,54.19999999999999,18.2,2016-11-18,8.8,GW/um/sr filter_integrated_flux_density,Keck/Gemini AO,"de Kleer et al. 2019 AJ Table 5, filter Lp",3.78
dekleer2019-Loki Patera-20161223-BrAlphaCont,Loki Patera,53.5,12.4,2016-12-23,7.2,GW/um/sr filter_integrated_flux_density,Keck/Gemini AO,"de Kleer et al. 2019 AJ Table 5, filter BrAlphaCont",3.99
dekleer2019-Loki Patera-20161223-BrAlpha,Loki Patera,53.5,12.4,2016-12-23,5.4,GW/um/sr filter_integrated_flux_density,Keck/Gemini AO,"de Kleer et al. 2019 AJ Table 5, filter BrAlpha",4.05
dekleer2019-Loki Patera-20161223-Ms,Loki Patera,53.5,12.4,2016-12-23,17.0,GW/um/sr filter_integrated_flux_density,Keck/Gemini AO,"de Kleer et al. 2019 AJ Table 5, filter Ms",4.67
dekleer2019-Loki Patera-20170103-Lp,Loki Patera,51.5,11.9,2017-01-03,6.9,GW/um/sr filter_integrated_flux_density,Keck/Gemini AO,"de Kleer et al. 2019 AJ Table 5, filter Lp",3.78
dekleer2019-Loki Patera-20170103-BrAlphaCont,Loki Patera,51.5,11.9,2017-01-03,12.0,GW/um/sr filter_integrated_flux_density,Keck/Gemini AO,"de Kleer et al. 2019 AJ Table 5, filter BrAlphaCont",3.99
dekleer2019-Loki Patera-20170103-BrAlpha,Loki Patera,51.5,11.9,2017-01-03,14.0,GW/um/sr filter_integrated_flux_density,Keck/Gemini AO,"de Kleer et al. 2019 AJ Table 5, filter BrAlpha",4.05
dekleer2019-Loki Patera-20170103-Ms,Loki Patera,51.5,11.9,2017-01-03,28.0,GW/um/sr filter_integrated_flux_density,Keck/Gemini AO,"de Kleer et al. 2019 AJ Table 5, filter Ms",4.67
dekleer2019-Loki Patera-20170108-Lp,Loki Patera,54.80000000000001,11.2,2017-01-08,4.5,GW/um/sr filter_integrated_flux_density,Keck/Gemini AO,"de Kleer et al. 2019 AJ Table 5, filter Lp",3.78
dekleer2019-Loki Patera-20170108-BrAlphaCont,Loki Patera,54.80000000000001,11.2,2017-01-08,6.2,GW/um/sr filter_integrated_flux_density,Keck/Gemini AO,"de Kleer et al. 2019 AJ Table 5, filter BrAlphaCont",3.99
dekleer2019-Loki Patera-20170108-BrAlpha,Loki Patera,54.80000000000001,11.2,2017-01-08,5.2,GW/um/sr filter_integrated_flux_density,Keck/Gemini AO,"de Kleer et al. 2019 AJ Table 5, filter BrAlpha",4.05
dekleer2019-Loki Patera-20170108-Ms,Loki Patera,54.80000000000001,11.2,2017-01-08,18.0,GW/um/sr filter_integrated_flux_density,Keck/Gemini AO,"de Kleer et al. 2019 AJ Table 5, filter Ms",4.67
dekleer2019-Loki Patera-20170112-Lp,Loki Patera,51.89999999999998,13.8,2017-01-12,4.4,GW/um/sr filter_integrated_flux_density,Keck/Gemini AO,"de Kleer et al. 2019 AJ Table 5, filter Lp",3.78
dekleer2019-Loki Patera-20170124-Lp,Loki Patera,53.80000000000001,10.6,2017-01-24,4.4,GW/um/sr filter_integrated_flux_density,Keck/Gemini AO,"de Kleer et al. 2019 AJ Table 5, filter Lp",3.78
dekleer2019-Loki Patera-20170124-Ms,Loki Patera,53.80000000000001,10.6,2017-01-24,17.0,GW/um/sr filter_integrated_flux_density,Keck/Gemini AO,"de Kleer et al. 2019 AJ Table 5, filter Ms",4.67
dekleer2019-Loki Patera-20170126-Lp,Loki Patera,57.30000000000001,15.0,2017-01-26,4.6,GW/um/sr filter_integrated_flux_density,Keck/Gemini AO,"de Kleer et al. 2019 AJ Table 5, filter Lp",3.78
dekleer2019-Loki Patera-20170304-Lp,Loki Patera,51.0,14.7,2017-03-04,22.0,GW/um/sr filter_integrated_flux_density,Keck/Gemini AO,"de Kleer et al. 2019 AJ Table 5, filter Lp",3.78
dekleer2019-Loki Patera-20170306-Lp,Loki Patera,52.10000000000002,17.3,2017-03-06,31.0,GW/um/sr filter_integrated_flux_density,Keck/Gemini AO,"de Kleer et al. 2019 AJ Table 5, filter Lp",3.78
dekleer2019-Loki Patera-20170329-Lp,Loki Patera,54.60000000000002,17.8,2017-03-29,56.0,GW/um/sr filter_integrated_flux_density,Keck/Gemini AO,"de Kleer et al. 2019 AJ Table 5, filter Lp",3.78
dekleer2019-Loki Patera-20170402-Lp,Loki Patera,54.39999999999998,16.4,2017-04-02,38.0,GW/um/sr filter_integrated_flux_density,Keck/Gemini AO,"de Kleer et al. 2019 AJ Table 5, filter Lp",3.78
dekleer2019-Loki Patera-20170403-Lp,Loki Patera,56.60000000000002,16.7,2017-04-03,30.0,GW/um/sr filter_integrated_flux_density,Keck/Gemini AO,"de Kleer et al. 2019 AJ Table 5, filter Lp",3.78
dekleer2019-Loki Patera-20170505-Lp,Loki Patera,52.39999999999998,17.2,2017-05-05,52.0,GW/um/sr filter_integrated_flux_density,Keck/Gemini AO,"de Kleer et al. 2019 AJ Table 5, filter Lp",3.78
dekleer2019-Loki Patera-20170507-Lp,Loki Patera,48.89999999999998,17.0,2017-05-07,65.0,GW/um/sr filter_integrated_flux_density,Keck/Gemini AO,"de Kleer et al. 2019 AJ Table 5, filter Lp",3.78
dekleer2019-Loki Patera-20170509-Lp,Loki Patera,54.0,16.1,2017-05-09,67.0,GW/um/sr filter_integrated_flux_density,Keck/Gemini AO,"de Kleer et al. 2019 AJ Table 5, filter Lp",3.78
dekleer2019-Loki Patera-20170511-Lp,Loki Patera,55.69999999999999,16.7,2017-05-11,81.0,GW/um/sr filter_integrated_flux_density,Keck/Gemini AO,"de Kleer et al. 2019 AJ Table 5, filter Lp",3.78
dekleer2019-Loki Patera-20170514-Lp,Loki Patera,52.0,14.3,2017-05-14,61.0,GW/um/sr filter_integrated_flux_density,Keck/Gemini AO,"de Kleer et al. 2019 AJ Table 5, filter Lp",3.78
dekleer2019-Loki Patera-20170523-Lp,Loki Patera,48.5,16.4,2017-05-23,79.0,GW/um/sr filter_integrated_flux_density,Keck/Gemini AO,"de Kleer et al. 2019 AJ Table 5, filter Lp",3.78
dekleer2019-Loki Patera-20170525-Lp,Loki Patera,50.39999999999998,16.0,2017-05-25,82.0,GW/um/sr filter_integrated_flux_density,Keck/Gemini AO,"de Kleer et al. 2019 AJ Table 5, filter Lp",3.78
dekleer2019-Loki Patera-20170527-H2O,Loki Patera,45.39999999999998,11.9,2017-05-27,27.0,GW/um/sr filter_integrated_flux_density,Keck/Gemini AO,"de Kleer et al. 2019 AJ Table 5, filter H2O",3.06
dekleer2019-Loki Patera-20170527-PAH,Loki Patera,45.39999999999998,11.9,2017-05-27,45.0,GW/um/sr filter_integrated_flux_density,Keck/Gemini AO,"de Kleer et al. 2019 AJ Table 5, filter PAH",3.29
dekleer2019-Loki Patera-20170527-Lp,Loki Patera,45.39999999999998,11.9,2017-05-27,61.0,GW/um/sr filter_integrated_flux_density,Keck/Gemini AO,"de Kleer et al. 2019 AJ Table 5, filter Lp",3.78
dekleer2019-Loki Patera-20170527-BrAlphaCont,Loki Patera,45.39999999999998,11.9,2017-05-27,100.0,GW/um/sr filter_integrated_flux_density,Keck/Gemini AO,"de Kleer et al. 2019 AJ Table 5, filter BrAlphaCont",3.99
dekleer2019-Loki Patera-20170527-BrAlpha,Loki Patera,45.39999999999998,11.9,2017-05-27,140.0,GW/um/sr filter_integrated_flux_density,Keck/Gemini AO,"de Kleer et al. 2019 AJ Table 5, filter BrAlpha",4.05
dekleer2019-Loki Patera-20170527-Ms,Loki Patera,45.39999999999998,11.9,2017-05-27,170.0,GW/um/sr filter_integrated_flux_density,Keck/Gemini AO,"de Kleer et al. 2019 AJ Table 5, filter Ms",4.67
dekleer2019-Loki Patera-20170528-H2O,Loki Patera,55.19999999999999,11.6,2017-05-28,9.0,GW/um/sr filter_integrated_flux_density,Keck/Gemini AO,"de Kleer et al. 2019 AJ Table 5, filter H2O",3.06
dekleer2019-Loki Patera-20170528-PAH,Loki Patera,55.19999999999999,11.6,2017-05-28,13.0,GW/um/sr filter_integrated_flux_density,Keck/Gemini AO,"de Kleer et al. 2019 AJ Table 5, filter PAH",3.29
dekleer2019-Loki Patera-20170528-Lp,Loki Patera,55.19999999999999,11.6,2017-05-28,27.0,GW/um/sr filter_integrated_flux_density,Keck/Gemini AO,"de Kleer et al. 2019 AJ Table 5, filter Lp",3.78
dekleer2019-Loki Patera-20170528-BrAlphaCont,Loki Patera,55.19999999999999,11.6,2017-05-28,57.0,GW/um/sr filter_integrated_flux_density,Keck/Gemini AO,"de Kleer et al. 2019 AJ Table 5, filter BrAlphaCont",3.99
dekleer2019-Loki Patera-20170528-BrAlpha,Loki Patera,55.19999999999999,11.6,2017-05-28,57.0,GW/um/sr filter_integrated_flux_density,Keck/Gemini AO,"de Kleer et al. 2019 AJ Table 5, filter BrAlpha",4.05
dekleer2019-Loki Patera-20170528-Ms,Loki Patera,55.19999999999999,11.6,2017-05-28,49.0,GW/um/sr filter_integrated_flux_density,Keck/Gemini AO,"de Kleer et al. 2019 AJ Table 5, filter Ms",4.67
dekleer2019-Loki Patera-20170530-Lp,Loki Patera,53.69999999999999,15.7,2017-05-30,89.0,GW/um/sr filter_integrated_flux_density,Keck/Gemini AO,"de Kleer et al. 2019 AJ Table 5, filter Lp",3.78
dekleer2019-Loki Patera-20170603-Lp,Loki Patera,47.89999999999998,12.7,2017-06-03,39.0,GW/um/sr filter_integrated_flux_density,Keck/Gemini AO,"de Kleer et al. 2019 AJ Table 5, filter Lp",3.78
dekleer2019-Loki Patera-20170615-Lp,Loki Patera,48.89999999999998,12.2,2017-06-15,73.0,GW/um/sr filter_integrated_flux_density,Keck/Gemini AO,"de Kleer et al. 2019 AJ Table 5, filter Lp",3.78
dekleer2019-Loki Patera-20170622-Lp,Loki Patera,51.19999999999999,13.6,2017-06-22,72.0,GW/um/sr filter_integrated_flux_density,Keck/Gemini AO,"de Kleer et al. 2019 AJ Table 5, filter Lp",3.78
dekleer2019-Loki Patera-20170624-Lp,Loki Patera,51.30000000000001,14.4,2017-06-24,95.0,GW/um/sr filter_integrated_flux_density,Keck/Gemini AO,"de Kleer et al. 2019 AJ Table 5, filter Lp",3.78
dekleer2019-Loki Patera-20170629-Lp,Loki Patera,53.30000000000001,11.7,2017-06-29,47.0,GW/um/sr filter_integrated_flux_density,Keck/Gemini AO,"de Kleer et al. 2019 AJ Table 5, filter Lp",3.78
dekleer2019-Loki Patera-20170701-Lp,Loki Patera,49.5,12.5,2017-07-01,67.0,GW/um/sr filter_integrated_flux_density,Keck/Gemini AO,"de Kleer et al. 2019 AJ Table 5, filter Lp",3.78
dekleer2019-Loki Patera-20170706-Lp,Loki Patera,51.39999999999998,14.2,2017-07-06,29.0,GW/um/sr filter_integrated_flux_density,Keck/Gemini AO,"de Kleer et al. 2019 AJ Table 5, filter Lp",3.78
dekleer2019-Loki Patera-20170708-Lp,Loki Patera,51.39999999999998,14.7,2017-07-08,40.0,GW/um/sr filter_integrated_flux_density,Keck/Gemini AO,"de Kleer et al. 2019 AJ Table 5, filter Lp",3.78
dekleer2019-Loki Patera-20170731-H2O,Loki Patera,49.60000000000002,9.3,2017-07-31,4.8,GW/um/sr filter_integrated_flux_density,Keck/Gemini AO,"de Kleer et al. 2019 AJ Table 5, filter H2O",3.06
dekleer2019-Loki Patera-20170731-PAH,Loki Patera,49.60000000000002,9.3,2017-07-31,12.0,GW/um/sr filter_integrated_flux_density,Keck/Gemini AO,"de Kleer et al. 2019 AJ Table 5, filter PAH",3.29
dekleer2019-Loki Patera-20170731-Lp,Loki Patera,49.60000000000002,9.3,2017-07-31,27.0,GW/um/sr filter_integrated_flux_density,Keck/Gemini AO,"de Kleer et al. 2019 AJ Table 5, filter Lp",3.78
dekleer2019-Loki Patera-20170731-BrAlphaCont,Loki Patera,49.60000000000002,9.3,2017-07-31,38.0,GW/um/sr filter_integrated_flux_density,Keck/Gemini AO,"de Kleer et al. 2019 AJ Table 5, filter BrAlphaCont",3.99
dekleer2019-Loki Patera-20170731-BrAlpha,Loki Patera,49.60000000000002,9.3,2017-07-31,34.0,GW/um/sr filter_integrated_flux_density,Keck/Gemini AO,"de Kleer et al. 2019 AJ Table 5, filter BrAlpha",4.05
dekleer2019-Loki Patera-20170731-Ms,Loki Patera,49.60000000000002,9.3,2017-07-31,120.0,GW/um/sr filter_integrated_flux_density,Keck/Gemini AO,"de Kleer et al. 2019 AJ Table 5, filter Ms",4.67
dekleer2019-Loki Patera-20171212-Lp,Loki Patera,53.89999999999998,10.8,2017-12-12,8.2,GW/um/sr filter_integrated_flux_density,Keck/Gemini AO,"de Kleer et al. 2019 AJ Table 5, filter Lp",3.78
dekleer2019-Loki Patera-20180112-Lp,Loki Patera,52.19999999999999,11.0,2018-01-12,10.0,GW/um/sr filter_integrated_flux_density,Keck/Gemini AO,"de Kleer et al. 2019 AJ Table 5, filter Lp",3.78
dekleer2019-Loki Patera-20180112-Ms,Loki Patera,52.19999999999999,11.0,2018-01-12,40.0,GW/um/sr filter_integrated_flux_density,Keck/Gemini AO,"de Kleer et al. 2019 AJ Table 5, filter Ms",4.67
dekleer2019-Loki Patera-20180302-Lp,Loki Patera,53.0,14.4,2018-03-02,5.3,GW/um/sr filter_integrated_flux_density,Keck/Gemini AO,"de Kleer et al. 2019 AJ Table 5, filter Lp",3.78
dekleer2019-Loki Patera-20180424-Lp,Loki Patera,56.89999999999998,15.1,2018-04-24,2.4,GW/um/sr filter_integrated_flux_density,Keck/Gemini AO,"de Kleer et al. 2019 AJ Table 5, filter Lp",3.78
dekleer2019-Loki Patera-20180510-Lp,Loki Patera,54.30000000000001,14.5,2018-05-10,3.3,GW/um/sr filter_integrated_flux_density,Keck/Gemini AO,"de Kleer et al. 2019 AJ Table 5, filter Lp",3.78
dekleer2019-Loki Patera-20180531-Lp,Loki Patera,51.60000000000002,16.8,2018-05-31,21.0,GW/um/sr filter_integrated_flux_density,Keck/Gemini AO,"de Kleer et al. 2019 AJ Table 5, filter Lp",3.78
dekleer2019-Loki Patera-20180602-Lp,Loki Patera,52.5,17.4,2018-06-02,26.0,GW/um/sr filter_integrated_flux_density,Keck/Gemini AO,"de Kleer et al. 2019 AJ Table 5, filter Lp",3.78
dekleer2019-Loki Patera-20180606-Lp,Loki Patera,50.60000000000002,14.9,2018-06-06,24.0,GW/um/sr filter_integrated_flux_density,Keck/Gemini AO,"de Kleer et al. 2019 AJ Table 5, filter Lp",3.78
dekleer2019-Loki Patera-20180615-Lp,Loki Patera,53.80000000000001,15.7,2018-06-15,43.0,GW/um/sr filter_integrated_flux_density,Keck/Gemini AO,"de Kleer et al. 2019 AJ Table 5, filter Lp",3.78
dekleer2019-Loki Patera-20180618-Lp,Loki Patera,50.10000000000002,16.1,2018-06-18,40.0,GW/um/sr filter_integrated_flux_density,Keck/Gemini AO,"de Kleer et al. 2019 AJ Table 5, filter Lp",3.78
dekleer2019-Loki Patera-20180622-Lp,Loki Patera,56.19999999999999,15.5,2018-06-22,37.0,GW/um/sr filter_integrated_flux_density,Keck/Gemini AO,"de Kleer et al. 2019 AJ Table 5, filter Lp",3.78
dekleer2019-Loki Patera-20180625-Lp,Loki Patera,55.69999999999999,14.2,2018-06-25,37.0,GW/um/sr filter_integrated_flux_density,Keck/Gemini AO,"de Kleer et al. 2019 AJ Table 5, filter Lp",3.78
dekleer2019-Shoshu Patera-20170615-Lp,Shoshu Patera,37.10000000000002,-17.6,2017-06-15,2.7,GW/um/sr filter_integrated_flux_density,Keck/Gemini AO,"de Kleer et al. 2019 AJ Table 5, filter Lp",3.78
dekleer2019-Tol-Ava Patera-20130905-Lp,Tol-Ava Patera,34.10000000000002,0.9,2013-09-05,7.7,GW/um/sr filter_integrated_flux_density,Keck/Gemini AO,"de Kleer et al. 2019 AJ Table 5, filter Lp",3.78
dekleer2019-Tol-Ava Patera-20130907-Lp,Tol-Ava Patera,35.89999999999998,0.5,2013-09-07,8.4,GW/um/sr filter_integrated_flux_density,Keck/Gemini AO,"de Kleer et al. 2019 AJ Table 5, filter Lp",3.78
dekleer2019-Tol-Ava Patera-20141206-Lp,Tol-Ava Patera,33.0,1.0,2014-12-06,0.87,GW/um/sr filter_integrated_flux_density,Keck/Gemini AO,"de Kleer et al. 2019 AJ Table 5, filter Lp",3.78
dekleer2019-Tol-Ava Patera-20150114-Lp,Tol-Ava Patera,32.69999999999999,0.6,2015-01-14,0.99,GW/um/sr filter_integrated_flux_density,Keck/Gemini AO,"de Kleer et al. 2019 AJ Table 5, filter Lp",3.78
dekleer2019-PV170-20141202-H2O,PV170,35.10000000000002,-50.0,2014-12-02,19.0,GW/um/sr filter_integrated_flux_density,Keck/Gemini AO,"de Kleer et al. 2019 AJ Table 5, filter H2O",3.06
dekleer2019-PV170-20141202-Lp,PV170,35.10000000000002,-50.0,2014-12-02,12.0,GW/um/sr filter_integrated_flux_density,Keck/Gemini AO,"de Kleer et al. 2019 AJ Table 5, filter Lp",3.78
dekleer2019-PV170-20141202-Ms,PV170,35.10000000000002,-50.0,2014-12-02,6.8,GW/um/sr filter_integrated_flux_density,Keck/Gemini AO,"de Kleer et al. 2019 AJ Table 5, filter Ms",4.67
dekleer2019-PV170-20141206-Lp,PV170,32.19999999999999,-47.9,2014-12-06,7.2,GW/um/sr filter_integrated_flux_density,Keck/Gemini AO,"de Kleer et al. 2019 AJ Table 5, filter Lp",3.78
dekleer2019-PV170-20151225-PAH,PV170,30.69999999999999,-46.0,2015-12-25,2.1,GW/um/sr filter_integrated_flux_density,Keck/Gemini AO,"de Kleer et al. 2019 AJ Table 5, filter PAH",3.29
dekleer2019-PV170-20151225-Lp,PV170,30.69999999999999,-46.0,2015-12-25,2.5,GW/um/sr filter_integrated_flux_density,Keck/Gemini AO,"de Kleer et al. 2019 AJ Table 5, filter Lp",3.78
dekleer2019-PV170-20151225-Ms,PV170,30.69999999999999,-46.0,2015-12-25,4.0,GW/um/sr filter_integrated_flux_density,Keck/Gemini AO,"de Kleer et al. 2019 AJ Table 5, filter Ms",4.67
dekleer2019-Fuchi Patera-20140210-Lp,Fuchi Patera,31.30000000000001,28.3,2014-02-10,1.1,GW/um/sr filter_integrated_flux_density,Keck/Gemini AO,"de Kleer et al. 2019 AJ Table 5, filter Lp",3.78
dekleer2019-Surt-20140210-Ms,Surt,23.600000000000023,44.2,2014-02-10,0.99,GW/um/sr filter_integrated_flux_density,Keck/Gemini AO,"de Kleer et al. 2019 AJ Table 5, filter Ms",4.67
dekleer2019-Surt-20150112-Ms,Surt,28.30000000000001,44.6,2015-01-12,1.5,GW/um/sr filter_integrated_flux_density,Keck/Gemini AO,"de Kleer et al. 2019 AJ Table 5, filter Ms",4.67
dekleer2019-Pfu1063-20141030-Lp,Pfu1063,1.5,38.1,2014-10-30,2.4,GW/um/sr filter_integrated_flux_density,Keck/Gemini AO,"de Kleer et al. 2019 AJ Table 5, filter Lp",3.78
dekleer2019-Pfu1063-20141030-Ms,Pfu1063,1.5,38.1,2014-10-30,4.4,GW/um/sr filter_integrated_flux_density,Keck/Gemini AO,"de Kleer et al. 2019 AJ Table 5, filter Ms",4.67
dekleer2019-Pfu1063-20150112-Ms,Pfu1063,7.100000000000023,41.8,2015-01-12,3.1,GW/um/sr filter_integrated_flux_density,Keck/Gemini AO,"de Kleer et al. 2019 AJ Table 5, filter Ms",4.67
dekleer2019-Pfu1063-20150402-Ms,Pfu1063,2.3000000000000114,41.7,2015-04-02,1.2,GW/um/sr filter_integrated_flux_density,Keck/Gemini AO,"de Kleer et al. 2019 AJ Table 5, filter Ms",4.67
dekleer2019-Paive Patera-20150402-Ms,Paive Patera,0.39999999999997726,-42.1,2015-04-02,0.99,GW/um/sr filter_integrated_flux_density,Keck/Gemini AO,"de Kleer et al. 2019 AJ Table 5, filter Ms",4.67
dekleer2019-Paive Patera-20170527-BrAlpha,Paive Patera,3.0,-43.7,2017-05-27,2.1,GW/um/sr filter_integrated_flux_density,Keck/Gemini AO,"de Kleer et al. 2019 AJ Table 5, filter BrAlpha",4.05
